url,label
https://ebay.com/about,0
http://172.216.102.1/secure/billing/confirm,1
http://ebay-helpdesk-support.tk/update/account/billing,1
http://194.135.244.101/secure/billing/confirm,1
http://salesforce.com/privacy,0
https://dropbox.com/products,0
https://yahoo.com/about,0
http://goo.gl/453gkli,1
http://45.92.150.40/secure/billing/confirm,1
http://facebook.com@evil-phish.cf/update/account/billing,1
https://linkedin.com/support,0
https://amazon.com/blog,0
http://bing.com@evil-phish.ga/secure/billing/confirm,1
https://instagram.com/products,0
https://nytimes.com/search?q=python,0
https://www.youtube.com/privacy,0
https://instagram.com/services,0
http://172.26.63.63/webscr?cmd=_login-submit,1
https://google.com/news,0
https://www.wikipedia.org/blog,0
http://salesforce.com@evil-phish.gq/update/account/billing,1
http://linkedin.com@evil-phish.cf/webscr?cmd=_login-submit,1
https://stackoverflow.com/contact,0
http://netflix.com@evil-phish.tk/account/suspended?redirect=http://evil.com,1
https://www.salesforce.com/search?q=python,0
https://paypal.com/user/profile,0
https://www.dropbox.com/blog,0
https://m.apple.com/user/profile,0
https://salesforce.com/services,0
http://reuters.com@evil-phish.top/download/install/setup.exe,1
https://m.github.com/products,0
http://goo.gl/fpkp555,1
http://etsy.com/privacy,0
http://support.bank-secure.gq/download/install/setup.exe,1
http://spotify.com/privacy,0
http://support.apple-secure.xyz/account/suspended?redirect=http://evil.com,1
http://spotify.com/blog,0
https://etsy.com/dashboard,0
https://instagram.com/dashboard,0
http://support.paypal-secure.tk/login/verify?cmd=account&update=1,1
https://paypal.com/,0
https://www.microsoft.com/help,0
http://banking.netflix-secure.link/signin/password/reset,1
https://youtube.com/settings,0
https://m.adobe.com/settings,0
http://amazon-account-verify.click/confirm/identity/verify,1
http://microsoft.com@evil-phish.cf/account/suspended?redirect=http://evil.com,1
http://185.60.147.250/account/suspended?redirect=http://evil.com,1
https://www.wordpress.com/help,0
http://cnn.com@evil-phish.gq/download/install/setup.exe,1
http://instagram.com@evil-phish.cf/webscr?cmd=_login-submit,1
https://wikipedia.org/privacy,0
http://amazon-login-login-account-billing-8688.gq/login/verify?cmd=account&update=1,1
https://wikipedia.org/user/profile,0
https://twitter.com/pricing,0
https://amazon.com/terms,0
https://m.nytimes.com/about,0
http://ow.ly/vw2oxen,1
https://shopify.com/search?q=python,0
https://m.adobe.com/privacy,0
http://goo.gl/mnkn444,1
https://microsoft.com/blog,0
https://shopify.com/,0
http://nytimes.com@evil-phish.xyz/update/account/billing,1
https://etsy.com/contact,0
https://m.cnn.com/about,0
http://update.bank-secure.tk/download/install/setup.exe,1
https://m.dropbox.com/privacy,0
http://is.gd/r9mm201,1
http://account.apple-secure.ga/update/account/billing,1
http://bit.ly/x3s63lc,1
http://github.com@evil-phish.top/signin/password/reset,1
http://ebay.com.ga/signin/password/reset,1
https://apple.com/help,0
http://netflix-secure-confirm-login-2666.top/download/install/setup.exe,1
https://reuters.com/news,0
https://google.com/support,0
https://www.instagram.com/blog,0
http://secure-bank-login.link/confirm/identity/verify,1
http://netflix-login-confirm-secure-2565.top/signin/password/reset,1
https://www.reuters.com/help,0
http://banking.bank-secure.link/webscr?cmd=_login-submit,1
http://bit.ly/14267yu,1
https://m.netflix.com/dashboard,0
https://m.amazon.com/,0
https://paypal.com/terms,0
http://10.195.220.147/confirm/identity/verify,1
http://secure-microsoft-login.cf/update/account/billing,1
https://ebay.com/support,0
http://chase-billing-update.ga/confirm/identity/verify,1
https://reuters.com/products,0
http://m.github.com/search?q=python,0
http://support.paypal-secure.xyz/confirm/identity/verify,1
http://facebook.com@evil-phish.link/login/verify?cmd=account&update=1,1
http://github.com@evil-phish.top/login/verify?cmd=account&update=1,1
https://etsy.com/services,0
https://m.reuters.com/support,0
http://account.chase-secure.cf/confirm/identity/verify,1
https://paypal.com/about,0
http://netflix-account-confirm-login-1076.click/login/verify?cmd=account&update=1,1
https://www.salesforce.com/pricing,0
http://microsoft-verify-account-secure-6090.click/account/suspended?redirect=http://evil.com,1
https://ebay.com/support,0
http://ebay-login-update-verify-5819.gq/login/verify?cmd=account&update=1,1
https://microsoft.com/,0
http://bit.ly/agi3xaw,1
https://www.cnn.com/terms,0
http://confirm.paypal-secure.tk/signin/password/reset,1
https://facebook.com/,0
http://bit.ly/heaglrh,1
http://secure-apple-login.click/webscr?cmd=_login-submit,1
http://wikipedia.org@evil-phish.tk/account/suspended?redirect=http://evil.com,1
https://reddit.com/settings,0
https://microsoft.com/user/profile,0
https://m.facebook.com/products,0
http://10.82.33.224/update/account/billing,1
https://apple.com/support,0
http://is.gd/1qjqmfd,1
http://banking.netflix-secure.click/secure/billing/confirm,1
https://spotify.com/dashboard,0
http://chase-confirm-verify-2940.info/login/verify?cmd=account&update=1,1
https://m.bbc.com/terms,0
http://helpdesk.bank-secure.top/login/verify?cmd=account&update=1,1
https://youtube.com/blog,0
http://mail.apple-secure.info/webscr?cmd=_login-submit,1
https://www.cnn.com/pricing,0
https://stackoverflow.com/news,0
http://netflix-login-billing-secure-6356.top/download/install/setup.exe,1
http://login-netflix-secure.cf/signin/password/reset,1
https://m.bbc.com/search?q=python,0
http://is.gd/5pcnil8,1
https://dropbox.com/services,0
http://microsoft-account-update-9941.link/update/account/billing,1
https://wordpress.com/settings,0
http://validation.apple-secure.info/update/account/billing,1
http://chase-helpdesk-support.tk/secure/billing/confirm,1
https://adobe.com/support,0
http://medium.com/about,0
https://reddit.com/user/profile,0
https://bing.com/news,0
http://bbc.com/dashboard,0
https://salesforce.com/services,0
http://www.salesforce.com/terms,0
https://www.cnn.com/,0
http://validation.amazon-secure.tk/secure/billing/confirm,1
http://account-bank-verify.tk/account/suspended?redirect=http://evil.com,1
https://m.github.com/user/profile,0
http://172.82.179.217/download/install/setup.exe,1
http://192.168.201.72/secure/billing/confirm,1
https://etsy.com/news,0
https://paypal.com/privacy,0
https://www.apple.com/dashboard,0
https://www.bbc.com/support,0
https://www.etsy.com/help,0
http://github.com@evil-phish.tk/account/suspended?redirect=http://evil.com,1
http://bbc.com@evil-phish.link/secure/billing/confirm,1
https://www.dropbox.com/settings,0
http://netflix-confirm-update-update-3102.xyz/confirm/identity/verify,1
http://bing.com@evil-phish.link/download/install/setup.exe,1
https://www.bing.com/,0
https://reuters.com/user/profile,0
http://ow.ly/8coo0fp,1
http://tinyurl.com/pr72pvk,1
http://netflix.com/help,0
http://login-netflix-secure.click/download/install/setup.exe,1
http://www.salesforce.com/blog,0
https://stackoverflow.com/terms,0
http://bit.ly/qvp7q7c,1
http://185.249.88.31/account/suspended?redirect=http://evil.com,1
https://www.medium.com/dashboard,0
http://194.227.193.37/signin/password/reset,1
https://m.linkedin.com/news,0
https://www.cnn.com/settings,0
https://m.amazon.com/pricing,0
http://goo.gl/ujd022y,1
http://apple-verify-confirm-3469.top/download/install/setup.exe,1
http://salesforce.com@evil-phish.link/account/suspended?redirect=http://evil.com,1
https://bing.com/services,0
https://yahoo.com/services,0
http://github.com@evil-phish.top/login/verify?cmd=account&update=1,1
http://m.wordpress.com/user/profile,0
http://ow.ly/zupslsi,1
https://www.medium.com/search?q=python,0
http://paypal.com@evil-phish.link/secure/billing/confirm,1
https://m.microsoft.com/settings,0
https://www.google.com/user/profile,0
https://adobe.com/search?q=python,0
http://login.bank-secure.top/confirm/identity/verify,1
https://ebay.com/settings,0
http://chase-account-account-billing-secure-6576.info/login/verify?cmd=account&update=1,1
https://amazon.com/settings,0
http://microsoft-secure-update-account-2322.info/download/install/setup.exe,1
http://185.180.7.50/login/verify?cmd=account&update=1,1
http://ebay-secure-verify-billing-login-4471.tk/download/install/setup.exe,1
https://m.cnn.com/contact,0
https://www.apple.com/about,0
https://www.facebook.com/terms,0
https://youtube.com/pricing,0
http://ow.ly/a8gcp8y,1
http://bit.ly/yc2te8e,1
https://amazon.com/settings,0
http://support.paypal-secure.gq/secure/billing/confirm,1
https://microsoft.com/blog,0
http://wordpress.com@evil-phish.info/download/install/setup.exe,1
http://secure.ebay-secure.tk/confirm/identity/verify,1
http://goo.gl/vbnk0sc,1
https://youtube.com/,0
https://m.bbc.com/support,0
http://194.199.69.65/secure/billing/confirm,1
https://facebook.com/search?q=python,0
http://apple-account-billing-9827.tk/download/install/setup.exe,1
http://account-ebay-verify.gq/download/install/setup.exe,1
https://nytimes.com/privacy,0
http://validation.chase-secure.ga/webscr?cmd=_login-submit,1
https://www.ebay.com/services,0
https://etsy.com/news,0
http://verify.amazon-secure.xyz/login/verify?cmd=account&update=1,1
http://service.netflix-secure.cf/login/verify?cmd=account&update=1,1
https://stackoverflow.com/blog,0
https://amazon.com/terms,0
https://linkedin.com/terms,0
http://194.98.173.148/update/account/billing,1
https://ebay.com/terms,0
http://yahoo.com@evil-phish.info/secure/billing/confirm,1
http://194.133.41.128/download/install/setup.exe,1
http://192.168.191.66/account/suspended?redirect=http://evil.com,1
https://m.dropbox.com/pricing,0
https://linkedin.com/news,0
http://bank-helpdesk-support.ml/confirm/identity/verify,1
http://172.86.9.183/update/account/billing,1
http://45.200.211.66/webscr?cmd=_login-submit,1
https://m.apple.com/privacy,0
http://bank-billing-account-confirm-account-2707.link/update/account/billing,1
https://m.bbc.com/news,0
https://reddit.com/help,0
http://is.gd/xpsbtnb,1
http://adobe.com@evil-phish.top/login/verify?cmd=account&update=1,1
http://paypal-verify-login-verify-update-4425.info/confirm/identity/verify,1
https://twitter.com/terms,0
http://10.173.33.245/signin/password/reset,1
http://tinyurl.com/jr07h0u,1
http://chase-verify-confirm-secure-billing-9623.cf/signin/password/reset,1
https://www.adobe.com/support,0
https://yahoo.com/help,0
https://m.google.com/search?q=python,0
http://mail.netflix-secure.ml/confirm/identity/verify,1
http://194.156.225.95/download/install/setup.exe,1
http://netflix.com/terms,0
http://amazon-helpdesk-support.info/signin/password/reset,1
https://linkedin.com/services,0
http://github.com@evil-phish.info/update/account/billing,1
https://microsoft.com/settings,0
http://bank.com.ml/secure/billing/confirm,1
https://m.wikipedia.org/terms,0
https://m.instagram.com/settings,0
https://www.twitter.com/settings,0
http://helpdesk.ebay-secure.gq/update/account/billing,1
http://apple-secure-update-secure-9517.tk/confirm/identity/verify,1
http://microsoft-update-account-confirm-login-7891.gq/secure/billing/confirm,1
http://bank-billing-update.xyz/confirm/identity/verify,1
https://stackoverflow.com/contact,0
http://m.yahoo.com/support,0
https://apple.com/products,0
https://www.netflix.com/help,0
http://microsoft-billing-verify-login-login-5001.ga/account/suspended?redirect=http://evil.com,1
http://helpdesk.chase-secure.link/login/verify?cmd=account&update=1,1
https://reddit.com/search?q=python,0
http://ebay.com@evil-phish.cf/secure/billing/confirm,1
https://m.ebay.com/help,0
https://etsy.com/pricing,0
https://www.linkedin.com/,0
https://youtube.com/search?q=python,0
https://reuters.com/,0
https://www.ebay.com/user/profile,0
http://account-apple-verify.info/secure/billing/confirm,1
https://salesforce.com/about,0
http://apple-billing-update.info/account/suspended?redirect=http://evil.com,1
http://microsoft.com@evil-phish.link/confirm/identity/verify,1
http://bit.ly/c7jnx89,1
https://github.com/settings,0
http://192.168.137.47/update/account/billing,1
https://m.yahoo.com/privacy,0
https://spotify.com/pricing,0
http://is.gd/a908cmq,1
https://ebay.com/search?q=python,0
http://bit.ly/m43i465,1
http://bank-login-billing-secure-1641.cf/download/install/setup.exe,1
https://cnn.com/terms,0
http://linkedin.com/settings,0
https://salesforce.com/contact,0
https://twitter.com/terms,0
http://google.com@evil-phish.tk/update/account/billing,1
http://instagram.com@evil-phish.click/secure/billing/confirm,1
https://adobe.com/about,0
http://ebay-account-secure-account-1912.ga/download/install/setup.exe,1
http://www.shopify.com/products,0
https://cnn.com/support,0
https://twitter.com/privacy,0
https://bing.com/settings,0
https://amazon.com/blog,0
http://is.gd/2kugeor,1
http://account-ebay-verify.ga/signin/password/reset,1
https://www.reuters.com/blog,0
https://amazon.com/news,0
https://twitter.com/dashboard,0
http://192.168.47.15/signin/password/reset,1
http://goo.gl/3lfln7f,1
https://m.adobe.com/contact,0
https://m.ebay.com/search?q=python,0
https://reuters.com/products,0
http://amazon-verify-verify-5533.link/login/verify?cmd=account&update=1,1
https://www.etsy.com/news,0
http://account-paypal-verify.cf/webscr?cmd=_login-submit,1
https://salesforce.com/products,0
https://www.google.com/news,0
https://youtube.com/products,0
https://www.google.com/services,0
https://www.adobe.com/pricing,0
http://10.205.135.67/download/install/setup.exe,1
https://www.netflix.com/privacy,0
http://amazon-account-confirm-5229.info/webscr?cmd=_login-submit,1
http://microsoft.com@evil-phish.tk/signin/password/reset,1
http://bit.ly/flnojkn,1
https://www.bing.com/dashboard,0
https://m.twitter.com/blog,0
https://stackoverflow.com/search?q=python,0
http://microsoft.com.click/account/suspended?redirect=http://evil.com,1
https://paypal.com/terms,0
http://apple.com.tk/signin/password/reset,1
http://twitter.com@evil-phish.top/download/install/setup.exe,1
http://google.com@evil-phish.link/secure/billing/confirm,1
http://cnn.com@evil-phish.xyz/signin/password/reset,1
https://yahoo.com/,0
http://salesforce.com@evil-phish.click/webscr?cmd=_login-submit,1
http://ebay-confirm-secure-secure-7331.top/webscr?cmd=_login-submit,1
https://etsy.com/support,0
http://login.netflix-secure.gq/account/suspended?redirect=http://evil.com,1
https://bbc.com/help,0
https://salesforce.com/settings,0
https://www.linkedin.com/services,0
https://www.etsy.com/products,0
http://192.168.102.107/update/account/billing,1
https://m.reuters.com/services,0
https://yahoo.com/blog,0
http://netflix-account-login-2878.ga/confirm/identity/verify,1
http://linkedin.com/contact,0
https://stackoverflow.com/news,0
http://account-chase-verify.click/account/suspended?redirect=http://evil.com,1
https://www.reuters.com/settings,0
http://185.80.24.164/signin/password/reset,1
http://is.gd/07fs0gd,1
https://paypal.com/help,0
http://paypal-secure-login.ml/secure/billing/confirm,1
https://m.cnn.com/terms,0
http://amazon.com/settings,0
https://www.bbc.com/settings,0
http://reuters.com@evil-phish.info/secure/billing/confirm,1
http://amazon-account-verify.info/confirm/identity/verify,1
https://twitter.com/services,0
http://185.242.85.214/account/suspended?redirect=http://evil.com,1
http://bank-account-account-2428.info/signin/password/reset,1
https://m.dropbox.com/contact,0
https://apple.com/pricing,0
http://shopify.com@evil-phish.tk/webscr?cmd=_login-submit,1
http://chase-confirm-login-2860.xyz/confirm/identity/verify,1
https://www.dropbox.com/terms,0
http://github.com@evil-phish.click/confirm/identity/verify,1
https://www.nytimes.com/support,0
https://m.stackoverflow.com/contact,0
http://microsoft-login-confirm-update-9774.info/update/account/billing,1
https://microsoft.com/user/profile,0
http://is.gd/3hhigvu,1
http://linkedin.com@evil-phish.ml/secure/billing/confirm,1
http://www.adobe.com/blog,0
http://amazon.com@evil-phish.tk/download/install/setup.exe,1
http://apple.com@evil-phish.link/login/verify?cmd=account&update=1,1
http://45.158.219.41/account/suspended?redirect=http://evil.com,1
https://adobe.com/products,0
https://twitter.com/contact,0
https://reddit.com/help,0
https://instagram.com/dashboard,0
https://spotify.com/privacy,0
http://confirm.chase-secure.tk/signin/password/reset,1
http://amazon-account-verify.cf/confirm/identity/verify,1
http://secure-chase-login.click/secure/billing/confirm,1
http://goo.gl/rddtbxt,1
https://linkedin.com/products,0
http://amazon-billing-update.top/confirm/identity/verify,1
http://amazon.com.gq/update/account/billing,1
http://mail.chase-secure.ga/secure/billing/confirm,1
https://m.wordpress.com/products,0
https://salesforce.com/news,0
https://apple.com/blog,0
https://ebay.com/dashboard,0
https://netflix.com/services,0
http://paypal-confirm-confirm-5973.xyz/secure/billing/confirm,1
https://m.reddit.com/,0
http://support.microsoft-secure.top/webscr?cmd=_login-submit,1
http://wikipedia.org/blog,0
http://goo.gl/1i1uz5z,1
http://banking.apple-secure.link/webscr?cmd=_login-submit,1
http://confirm.ebay-secure.link/login/verify?cmd=account&update=1,1
http://10.65.233.239/confirm/identity/verify,1
https://google.com/search?q=python,0
https://amazon.com/dashboard,0
http://login.bank-secure.tk/download/install/setup.exe,1
http://login.ebay-secure.ml/signin/password/reset,1
https://instagram.com/terms,0
http://amazon-secure-secure-confirm-confirm-7093.link/login/verify?cmd=account&update=1,1
https://apple.com/search?q=python,0
http://update.chase-secure.top/secure/billing/confirm,1
http://194.249.228.224/login/verify?cmd=account&update=1,1
https://linkedin.com/,0
http://paypal-secure-login.gq/account/suspended?redirect=http://evil.com,1
http://goo.gl/x02bn0i,1
http://tinyurl.com/8j2k3ty,1
https://twitter.com/support,0
https://m.facebook.com/user/profile,0
https://bbc.com/about,0
https://www.salesforce.com/user/profile,0
http://login.amazon-secure.link/download/install/setup.exe,1
https://adobe.com/user/profile,0
http://194.101.220.168/update/account/billing,1
http://youtube.com/about,0
http://paypal-secure-login.gq/download/install/setup.exe,1
https://amazon.com/news,0
https://instagram.com/pricing,0
https://m.ebay.com/about,0
http://chase-verify-account-update-billing-9875.ga/confirm/identity/verify,1
http://apple.com@evil-phish.ml/confirm/identity/verify,1
https://cnn.com/user/profile,0
http://172.5.120.27/webscr?cmd=_login-submit,1
http://bit.ly/vpk2u4a,1
https://www.netflix.com/products,0
https://m.spotify.com/pricing,0
http://bit.ly/mi8co2x,1
http://google.com@evil-phish.gq/update/account/billing,1
http://194.4.237.239/signin/password/reset,1
https://www.wikipedia.org/privacy,0
https://m.ebay.com/user/profile,0
http://bit.ly/9io1q9h,1
https://m.dropbox.com/products,0
https://www.netflix.com/services,0
https://apple.com/services,0
http://paypal.com@evil-phish.ml/signin/password/reset,1
https://facebook.com/search?q=python,0
http://185.223.11.185/update/account/billing,1
https://www.medium.com/terms,0
https://google.com/pricing,0
https://github.com/terms,0
https://m.instagram.com/terms,0
https://m.wikipedia.org/dashboard,0
https://paypal.com/search?q=python,0
https://etsy.com/help,0
http://bank-verify-confirm-2207.ml/confirm/identity/verify,1
http://goo.gl/w2nef1f,1
http://ebay.com/privacy,0
http://chase-billing-update.cf/webscr?cmd=_login-submit,1
http://validation.ebay-secure.cf/secure/billing/confirm,1
https://m.microsoft.com/settings,0
https://m.netflix.com/blog,0
http://10.71.209.136/webscr?cmd=_login-submit,1
http://185.183.216.191/login/verify?cmd=account&update=1,1
https://www.apple.com/pricing,0
http://microsoft-billing-verify-billing-3996.cf/confirm/identity/verify,1
http://account.bank-secure.ga/update/account/billing,1
http://45.149.189.54/download/install/setup.exe,1
http://microsoft-update-update-secure-secure-8638.tk/download/install/setup.exe,1
http://banking.microsoft-secure.ml/download/install/setup.exe,1
https://m.linkedin.com/about,0
https://reddit.com/services,0
http://bank-login-account-confirm-6487.ml/login/verify?cmd=account&update=1,1
http://amazon-account-verify.ga/secure/billing/confirm,1
https://adobe.com/,0
http://paypal-verify-verify-confirm-1836.info/update/account/billing,1
https://www.instagram.com/dashboard,0
https://twitter.com/terms,0
https://google.com/blog,0
https://www.apple.com/contact,0
http://paypal-secure-login.xyz/update/account/billing,1
http://is.gd/q8p6u5p,1
http://microsoft.com@evil-phish.info/signin/password/reset,1
https://github.com/services,0
https://www.bing.com/privacy,0
https://m.spotify.com/contact,0
http://bit.ly/5kcmg2k,1
http://facebook.com@evil-phish.ga/secure/billing/confirm,1
http://microsoft-update-confirm-7328.ga/account/suspended?redirect=http://evil.com,1
https://adobe.com/terms,0
https://m.instagram.com/user/profile,0
https://microsoft.com/products,0
http://45.194.251.28/confirm/identity/verify,1
http://172.62.79.73/confirm/identity/verify,1
https://youtube.com/,0
http://microsoft.com@evil-phish.top/signin/password/reset,1
http://chase-confirm-confirm-confirm-6469.ml/secure/billing/confirm,1
http://chase-account-confirm-account-confirm-9832.cf/login/verify?cmd=account&update=1,1
https://www.dropbox.com/blog,0
http://tinyurl.com/3o6j8lu,1
http://facebook.com@evil-phish.gq/download/install/setup.exe,1
https://bbc.com/products,0
https://www.adobe.com/settings,0
https://m.github.com/products,0
http://github.com@evil-phish.ml/account/suspended?redirect=http://evil.com,1
http://verify.apple-secure.gq/webscr?cmd=_login-submit,1
http://bit.ly/0t2ncn4,1
https://www.medium.com/products,0
https://etsy.com/search?q=python,0
http://172.209.222.8/secure/billing/confirm,1
http://chase-secure-billing-secure-confirm-8122.tk/confirm/identity/verify,1
http://update.apple-secure.info/login/verify?cmd=account&update=1,1
https://netflix.com/terms,0
http://bank-helpdesk-support.tk/account/suspended?redirect=http://evil.com,1
http://194.139.102.60/webscr?cmd=_login-submit,1
http://wordpress.com@evil-phish.gq/login/verify?cmd=account&update=1,1
http://192.168.77.144/secure/billing/confirm,1
https://shopify.com/settings,0
http://185.206.137.29/update/account/billing,1
http://tinyurl.com/awcud3i,1
https://wikipedia.org/about,0
https://www.shopify.com/search?q=python,0
http://banking.microsoft-secure.cf/webscr?cmd=_login-submit,1
https://yahoo.com/privacy,0
https://m.github.com/user/profile,0
http://ow.ly/kzt22th,1
https://wikipedia.org/products,0
http://172.217.203.190/confirm/identity/verify,1
http://192.168.35.221/confirm/identity/verify,1
https://youtube.com/products,0
http://medium.com@evil-phish.click/webscr?cmd=_login-submit,1
http://wordpress.com@evil-phish.gq/webscr?cmd=_login-submit,1
http://is.gd/qe09o8a,1
http://update.chase-secure.top/login/verify?cmd=account&update=1,1
http://paypal-secure-login.top/update/account/billing,1
http://is.gd/cht1tpg,1
http://goo.gl/w90tpg9,1
http://chase-login-secure-confirm-4381.ml/webscr?cmd=_login-submit,1
https://www.cnn.com/dashboard,0
http://update.microsoft-secure.link/account/suspended?redirect=http://evil.com,1
http://www.twitter.com/dashboard,0
https://m.bbc.com/pricing,0
https://cnn.com/contact,0
http://apple.com/support,0
http://helpdesk.netflix-secure.info/secure/billing/confirm,1
http://m.amazon.com/support,0
https://m.cnn.com/services,0
http://account-chase-verify.tk/account/suspended?redirect=http://evil.com,1
https://github.com/search?q=python,0
http://github.com/search?q=python,0
http://m.stackoverflow.com/privacy,0
https://www.twitter.com/support,0
https://m.wordpress.com/dashboard,0
https://m.dropbox.com/contact,0
https://reddit.com/services,0
https://shopify.com/pricing,0
http://192.168.160.61/login/verify?cmd=account&update=1,1
http://goo.gl/gygo2yp,1
http://validation.apple-secure.xyz/account/suspended?redirect=http://evil.com,1
http://paypal-update-login-billing-secure-7776.ga/secure/billing/confirm,1
https://m.reuters.com/search?q=python,0
http://www.reuters.com/search?q=python,0
https://www.cnn.com/about,0
https://amazon.com/contact,0
http://verify.bank-secure.link/signin/password/reset,1
https://m.google.com/settings,0
http://validation.chase-secure.xyz/login/verify?cmd=account&update=1,1
https://facebook.com/user/profile,0
https://medium.com/user/profile,0
http://microsoft-update-billing-4705.ga/login/verify?cmd=account&update=1,1
https://m.twitter.com/pricing,0
http://tinyurl.com/ba3vo6y,1
http://194.42.35.53/signin/password/reset,1
http://amazon-confirm-login-8642.top/account/suspended?redirect=http://evil.com,1
https://m.adobe.com/dashboard,0
http://microsoft-verify-secure-account-verify-5526.info/secure/billing/confirm,1
http://172.22.95.16/download/install/setup.exe,1
http://microsoft-confirm-account-login-5692.gq/webscr?cmd=_login-submit,1
https://netflix.com/user/profile,0
http://wikipedia.org@evil-phish.ml/webscr?cmd=_login-submit,1
http://192.168.134.25/update/account/billing,1
https://twitter.com/contact,0
http://github.com@evil-phish.gq/update/account/billing,1
http://github.com@evil-phish.ml/account/suspended?redirect=http://evil.com,1
https://wikipedia.org/,0
https://twitter.com/support,0
http://microsoft-verify-update-1632.tk/account/suspended?redirect=http://evil.com,1
http://netflix-verify-verify-verify-secure-3572.ga/update/account/billing,1
http://apple-helpdesk-support.tk/update/account/billing,1
http://secure.microsoft-secure.gq/update/account/billing,1
http://update.ebay-secure.cf/login/verify?cmd=account&update=1,1
http://github.com/blog,0
https://stackoverflow.com/contact,0
http://linkedin.com@evil-phish.ml/secure/billing/confirm,1
https://m.bing.com/services,0
http://45.54.60.101/account/suspended?redirect=http://evil.com,1
https://cnn.com/services,0
http://bank-verify-secure-verify-2987.link/signin/password/reset,1
http://netflix-verify-update-2600.xyz/confirm/identity/verify,1
http://login-paypal-secure.top/download/install/setup.exe,1
https://linkedin.com/services,0
http://apple-helpdesk-support.ga/login/verify?cmd=account&update=1,1
http://wordpress.com@evil-phish.info/download/install/setup.exe,1
http://www.nytimes.com/terms,0
http://instagram.com@evil-phish.top/account/suspended?redirect=http://evil.com,1
https://ebay.com/services,0
http://goo.gl/mvw0nhj,1
http://medium.com@evil-phish.ml/signin/password/reset,1
https://m.amazon.com/,0
http://paypal-billing-update.link/account/suspended?redirect=http://evil.com,1
http://185.89.151.143/confirm/identity/verify,1
https://www.etsy.com/user/profile,0
http://bit.ly/c0swuzj,1
https://bing.com/,0
https://m.linkedin.com/privacy,0
http://secure.paypal-secure.click/confirm/identity/verify,1
http://secure.bank-secure.link/secure/billing/confirm,1
http://apple.com@evil-phish.top/signin/password/reset,1
http://microsoft-billing-update.info/download/install/setup.exe,1
http://reddit.com/user/profile,0
http://chase-account-account-7320.tk/confirm/identity/verify,1
https://amazon.com/terms,0
https://m.paypal.com/contact,0
https://stackoverflow.com/pricing,0
https://m.google.com/news,0
http://medium.com/,0
https://m.reuters.com/about,0
https://twitter.com/help,0
https://yahoo.com/dashboard,0
https://bing.com/terms,0
https://adobe.com/pricing,0
https://dropbox.com/settings,0
https://m.nytimes.com/user/profile,0
https://m.instagram.com/,0
http://mail.bank-secure.link/update/account/billing,1
https://www.ebay.com/support,0
http://login.amazon-secure.info/confirm/identity/verify,1
http://yahoo.com@evil-phish.cf/update/account/billing,1
https://bing.com/terms,0
https://m.netflix.com/,0
http://netflix-confirm-verify-secure-7937.ml/secure/billing/confirm,1
https://m.shopify.com/dashboard,0
http://netflix-verify-secure-8313.xyz/signin/password/reset,1
http://45.79.86.68/login/verify?cmd=account&update=1,1
http://bit.ly/3nfc37v,1
https://yahoo.com/about,0
http://wordpress.com@evil-phish.top/download/install/setup.exe,1
https://m.twitter.com/privacy,0
https://microsoft.com/search?q=python,0
https://m.spotify.com/privacy,0
http://netflix-secure-login-account-8596.ga/signin/password/reset,1
https://www.salesforce.com/terms,0
https://reddit.com/about,0
http://shopify.com/news,0
http://www.reddit.com/support,0
http://m.apple.com/user/profile,0
https://google.com/terms,0
https://m.stackoverflow.com/settings,0
https://m.amazon.com/settings,0
http://secure.netflix-secure.tk/confirm/identity/verify,1
http://nytimes.com@evil-phish.xyz/login/verify?cmd=account&update=1,1
http://twitter.com@evil-phish.info/update/account/billing,1
http://microsoft-verify-billing-5220.cf/download/install/setup.exe,1
http://cnn.com/,0
http://stackoverflow.com@evil-phish.cf/download/install/setup.exe,1
http://www.spotify.com/contact,0
http://account.microsoft-secure.tk/confirm/identity/verify,1
http://paypal-secure-login.cf/secure/billing/confirm,1
https://nytimes.com/pricing,0
https://adobe.com/contact,0
https://microsoft.com/user/profile,0
https://medium.com/search?q=python,0
http://ebay-account-confirm-account-7757.info/confirm/identity/verify,1
https://linkedin.com/terms,0
http://bing.com@evil-phish.gq/confirm/identity/verify,1
http://paypal-secure-login.top/webscr?cmd=_login-submit,1
https://ebay.com/privacy,0
http://10.142.233.69/download/install/setup.exe,1
http://185.70.15.94/secure/billing/confirm,1
http://185.173.183.17/signin/password/reset,1
http://www.ebay.com/terms,0
http://goo.gl/y2eu0es,1
https://www.facebook.com/news,0
https://instagram.com/products,0
https://youtube.com/services,0
http://paypal.com@evil-phish.xyz/download/install/setup.exe,1
http://185.53.91.193/confirm/identity/verify,1
http://bank-billing-update.ml/webscr?cmd=_login-submit,1
http://goo.gl/bhf3h88,1
http://secure-apple-login.link/webscr?cmd=_login-submit,1
http://bank-helpdesk-support.click/secure/billing/confirm,1
http://amazon.com@evil-phish.tk/webscr?cmd=_login-submit,1
https://m.wordpress.com/privacy,0
https://shopify.com/settings,0
https://stackoverflow.com/dashboard,0
http://chase-billing-verify-confirm-secure-4645.info/confirm/identity/verify,1
http://service.paypal-secure.ml/update/account/billing,1
https://m.yahoo.com/dashboard,0
https://m.cnn.com/support,0
https://medium.com/privacy,0
https://dropbox.com/pricing,0
https://www.yahoo.com/help,0
https://medium.com/about,0
http://amazon-account-billing-secure-8645.ml/signin/password/reset,1
https://ebay.com/help,0
https://medium.com/terms,0
https://bing.com/search?q=python,0
http://netflix-billing-update.info/signin/password/reset,1
http://microsoft-account-confirm-4721.xyz/update/account/billing,1
https://youtube.com/products,0
http://secure-bank-login.ga/login/verify?cmd=account&update=1,1
http://goo.gl/155p1ks,1
http://update.amazon-secure.tk/download/install/setup.exe,1
http://apple-secure-billing-secure-4549.cf/account/suspended?redirect=http://evil.com,1
http://paypal-account-billing-5468.top/update/account/billing,1
http://chase.com.link/update/account/billing,1
http://chase-account-confirm-login-1605.tk/download/install/setup.exe,1
https://linkedin.com/settings,0
http://validation.netflix-secure.top/secure/billing/confirm,1
http://goo.gl/n8s6gyd,1
http://microsoft.com/blog,0
https://m.netflix.com/dashboard,0
http://secure-paypal-login.ga/confirm/identity/verify,1
http://microsoft-helpdesk-support.click/account/suspended?redirect=http://evil.com,1
http://ebay-account-secure-confirm-6815.ga/secure/billing/confirm,1
http://netflix.com/contact,0
https://amazon.com/blog,0
https://www.cnn.com/contact,0
http://ebay-secure-account-update-update-3255.info/confirm/identity/verify,1
https://stackoverflow.com/privacy,0
http://apple-login-confirm-verify-9195.link/update/account/billing,1
http://bit.ly/ap37lxm,1
https://m.ebay.com/,0
https://www.bing.com/pricing,0
https://netflix.com/,0
https://reddit.com/terms,0
http://helpdesk.netflix-secure.ml/webscr?cmd=_login-submit,1
http://google.com@evil-phish.gq/signin/password/reset,1
https://stackoverflow.com/user/profile,0
https://m.shopify.com/help,0
https://etsy.com/settings,0
https://www.etsy.com/pricing,0
http://amazon-account-verify.tk/login/verify?cmd=account&update=1,1
https://etsy.com/contact,0
https://google.com/search?q=python,0
https://m.yahoo.com/,0
https://linkedin.com/settings,0
https://www.salesforce.com/user/profile,0
http://10.238.220.248/update/account/billing,1
https://www.bing.com/dashboard,0
http://support.chase-secure.gq/confirm/identity/verify,1
https://etsy.com/contact,0
https://twitter.com/dashboard,0
http://yahoo.com@evil-phish.link/download/install/setup.exe,1
https://ebay.com/services,0
http://ebay-billing-update.info/secure/billing/confirm,1
http://paypal-account-secure-login-2323.click/secure/billing/confirm,1
https://dropbox.com/user/profile,0
http://bit.ly/u5n6pvx,1
http://172.251.246.186/account/suspended?redirect=http://evil.com,1
http://shopify.com@evil-phish.click/download/install/setup.exe,1
https://m.wordpress.com/,0
http://ow.ly/qfq9n04,1
http://update.netflix-secure.gq/confirm/identity/verify,1
http://helpdesk.chase-secure.top/webscr?cmd=_login-submit,1
https://m.dropbox.com/settings,0
https://www.wikipedia.org/pricing,0
http://10.105.50.12/webscr?cmd=_login-submit,1
http://paypal-billing-login-5476.ga/login/verify?cmd=account&update=1,1
http://reddit.com@evil-phish.xyz/account/suspended?redirect=http://evil.com,1
https://shopify.com/,0
http://twitter.com@evil-phish.gq/account/suspended?redirect=http://evil.com,1
http://paypal-secure-login-update-8121.xyz/confirm/identity/verify,1
http://medium.com@evil-phish.cf/update/account/billing,1
http://cnn.com@evil-phish.info/update/account/billing,1
http://paypal-login-billing-3365.top/update/account/billing,1
https://yahoo.com/,0
http://is.gd/8d5z854,1
http://172.102.177.51/webscr?cmd=_login-submit,1
https://amazon.com/dashboard,0
https://medium.com/services,0
http://bit.ly/43fw2en,1
https://m.linkedin.com/support,0
http://paypal-login-login-2196.xyz/update/account/billing,1
https://www.twitter.com/products,0
https://www.dropbox.com/blog,0
http://185.134.71.184/confirm/identity/verify,1
http://apple.com/settings,0
https://bbc.com/terms,0
http://172.159.178.205/account/suspended?redirect=http://evil.com,1
https://bing.com/blog,0
http://cnn.com/blog,0
http://45.82.88.128/secure/billing/confirm,1
https://dropbox.com/dashboard,0
https://wordpress.com/help,0
https://www.cnn.com/blog,0
https://microsoft.com/settings,0
https://linkedin.com/search?q=python,0
http://microsoft-secure-login-verify-update-1873.ml/download/install/setup.exe,1
http://goo.gl/8n2r48t,1
http://confirm.chase-secure.tk/account/suspended?redirect=http://evil.com,1
http://amazon-account-billing-7948.tk/update/account/billing,1
https://www.shopify.com/contact,0
https://m.dropbox.com/services,0
http://194.240.203.159/webscr?cmd=_login-submit,1
https://facebook.com/dashboard,0
http://paypal-secure-login.click/login/verify?cmd=account&update=1,1
https://wordpress.com/about,0
http://ebay-billing-update.ga/download/install/setup.exe,1
https://twitter.com/privacy,0
https://facebook.com/terms,0
https://www.spotify.com/terms,0
http://account-apple-verify.link/update/account/billing,1
https://www.medium.com/search?q=python,0
http://netflix-billing-update-confirm-login-6072.gq/confirm/identity/verify,1
https://m.cnn.com/dashboard,0
http://194.241.125.106/account/suspended?redirect=http://evil.com,1
https://microsoft.com/support,0
https://reuters.com/support,0
http://microsoft.com@evil-phish.xyz/update/account/billing,1
https://m.netflix.com/help,0
http://194.66.89.251/webscr?cmd=_login-submit,1
http://apple.com@evil-phish.click/signin/password/reset,1
http://paypal-account-account-4697.ga/update/account/billing,1
http://chase-update-login-7724.gq/login/verify?cmd=account&update=1,1
http://helpdesk.ebay-secure.gq/signin/password/reset,1
http://wikipedia.org/search?q=python,0
http://is.gd/rrvxjvx,1
http://netflix-secure-update-secure-9600.click/webscr?cmd=_login-submit,1
https://nytimes.com/pricing,0
http://m.yahoo.com/dashboard,0
http://secure.apple-secure.cf/download/install/setup.exe,1
https://stackoverflow.com/news,0
http://account.ebay-secure.gq/account/suspended?redirect=http://evil.com,1
https://spotify.com/settings,0
http://m.linkedin.com/support,0
https://github.com/,0
http://amazon.com@evil-phish.info/confirm/identity/verify,1
http://mail.chase-secure.info/secure/billing/confirm,1
https://amazon.com/search?q=python,0
http://account-chase-verify.ga/download/install/setup.exe,1
https://wikipedia.org/search?q=python,0
http://secure-paypal-login.ga/download/install/setup.exe,1
https://m.youtube.com/support,0
http://192.168.15.185/login/verify?cmd=account&update=1,1
http://chase-account-account-billing-account-7451.gq/account/suspended?redirect=http://evil.com,1
https://m.google.com/privacy,0
http://update.amazon-secure.info/secure/billing/confirm,1
http://netflix-update-login-2815.link/login/verify?cmd=account&update=1,1
http://ebay-secure-verify-2780.xyz/confirm/identity/verify,1
https://shopify.com/products,0
http://goo.gl/62k5tsg,1
https://adobe.com/about,0
https://instagram.com/pricing,0
https://wordpress.com/news,0
http://google.com/about,0
http://cnn.com@evil-phish.ga/signin/password/reset,1
http://netflix-confirm-confirm-update-8215.xyz/webscr?cmd=_login-submit,1
http://account-chase-verify.ml/secure/billing/confirm,1
https://github.com/blog,0
https://netflix.com/blog,0
http://account-microsoft-verify.top/confirm/identity/verify,1
https://www.salesforce.com/search?q=python,0
http://is.gd/40d4n1s,1
http://secure-ebay-login.ml/signin/password/reset,1
http://support.bank-secure.xyz/update/account/billing,1
http://twitter.com@evil-phish.link/secure/billing/confirm,1
http://m.wordpress.com/settings,0
https://youtube.com/user/profile,0
http://account-ebay-verify.gq/secure/billing/confirm,1
https://www.etsy.com/contact,0
http://172.104.213.225/account/suspended?redirect=http://evil.com,1
https://bing.com/search?q=python,0
https://wordpress.com/news,0
https://m.wikipedia.org/pricing,0
https://m.facebook.com/search?q=python,0
https://www.amazon.com/privacy,0
https://adobe.com/products,0
https://dropbox.com/help,0
https://amazon.com/services,0
http://192.168.209.127/secure/billing/confirm,1
https://m.youtube.com/about,0
http://is.gd/8kto9qe,1
https://www.cnn.com/,0
http://apple-confirm-account-8629.tk/download/install/setup.exe,1
http://45.117.196.214/confirm/identity/verify,1
https://www.twitter.com/about,0
https://www.stackoverflow.com/blog,0
https://www.apple.com/help,0
http://helpdesk.microsoft-secure.xyz/webscr?cmd=_login-submit,1
https://amazon.com/,0
http://45.19.202.121/login/verify?cmd=account&update=1,1
http://45.64.164.231/confirm/identity/verify,1
https://shopify.com/dashboard,0
http://microsoft-helpdesk-support.cf/download/install/setup.exe,1
http://ow.ly/ow8a2cq,1
http://apple.com@evil-phish.ml/signin/password/reset,1
http://www.linkedin.com/news,0
https://m.bing.com/services,0
https://ebay.com/support,0
https://www.adobe.com/blog,0
http://is.gd/vaejvob,1
http://is.gd/jvv88d0,1
https://m.shopify.com/news,0
http://adobe.com/support,0
http://192.168.188.225/account/suspended?redirect=http://evil.com,1
http://login-amazon-secure.top/secure/billing/confirm,1
http://www.adobe.com/blog,0
https://adobe.com/blog,0
http://stackoverflow.com/about,0
https://spotify.com/terms,0
http://ebay-billing-update.cf/update/account/billing,1
http://paypal-update-billing-billing-login-7286.ga/account/suspended?redirect=http://evil.com,1
http://microsoft.com@evil-phish.ga/secure/billing/confirm,1
https://dropbox.com/news,0
https://m.yahoo.com/search?q=python,0
http://10.63.41.84/download/install/setup.exe,1
https://www.nytimes.com/privacy,0
http://banking.chase-secure.info/signin/password/reset,1
http://192.168.208.50/signin/password/reset,1
http://goo.gl/wbmj6v9,1
http://paypal.com@evil-phish.ga/login/verify?cmd=account&update=1,1
https://wordpress.com/settings,0
http://45.71.253.5/signin/password/reset,1
http://login-bank-secure.link/confirm/identity/verify,1
https://wikipedia.org/user/profile,0
http://wordpress.com@evil-phish.info/signin/password/reset,1
https://etsy.com/search?q=python,0
https://wikipedia.org/search?q=python,0
https://www.amazon.com/blog,0
https://www.adobe.com/support,0
https://www.microsoft.com/contact,0
http://ow.ly/hcfb4mf,1
http://netflix.com@evil-phish.click/webscr?cmd=_login-submit,1
http://is.gd/flvrktg,1
http://185.167.81.25/secure/billing/confirm,1
http://www.paypal.com/,0
http://verify.ebay-secure.ga/account/suspended?redirect=http://evil.com,1
http://bank-verify-billing-9097.top/account/suspended?redirect=http://evil.com,1
https://www.wikipedia.org/pricing,0
https://instagram.com/search?q=python,0
https://m.cnn.com/contact,0
http://nytimes.com@evil-phish.ml/account/suspended?redirect=http://evil.com,1
https://www.netflix.com/contact,0
http://172.157.210.140/account/suspended?redirect=http://evil.com,1
http://paypal-billing-verify-confirm-1378.ga/signin/password/reset,1
http://microsoft-update-account-8567.click/confirm/identity/verify,1
https://m.stackoverflow.com/help,0
http://secure-microsoft-login.tk/webscr?cmd=_login-submit,1
http://apple-verify-account-verify-account-5370.gq/signin/password/reset,1
http://tinyurl.com/3qe5eea,1
https://netflix.com/user/profile,0
http://ow.ly/udo4cdt,1
http://bing.com@evil-phish.gq/login/verify?cmd=account&update=1,1
http://bit.ly/nisfwvv,1
http://ow.ly/j6v4523,1
https://www.medium.com/services,0
https://wikipedia.org/terms,0
http://yahoo.com@evil-phish.ga/update/account/billing,1
https://m.ebay.com/news,0
http://tinyurl.com/5ldl7nh,1
https://google.com/blog,0
http://secure.microsoft-secure.cf/signin/password/reset,1
https://reddit.com/search?q=python,0
http://validation.chase-secure.ml/account/suspended?redirect=http://evil.com,1
https://wordpress.com/about,0
https://etsy.com/pricing,0
http://172.153.180.205/signin/password/reset,1
http://microsoft-billing-account-7843.gq/webscr?cmd=_login-submit,1
https://amazon.com/privacy,0
http://194.253.138.47/account/suspended?redirect=http://evil.com,1
http://secure-chase-login.gq/update/account/billing,1
https://www.bing.com/blog,0
https://microsoft.com/terms,0
http://update.apple-secure.xyz/update/account/billing,1
https://bbc.com/dashboard,0
http://185.100.53.250/secure/billing/confirm,1
http://bank-helpdesk-support.ga/account/suspended?redirect=http://evil.com,1
https://adobe.com/terms,0
http://paypal.com.top/confirm/identity/verify,1
http://confirm.bank-secure.tk/confirm/identity/verify,1
https://www.bbc.com/pricing,0
http://mail.paypal-secure.ga/account/suspended?redirect=http://evil.com,1
http://confirm.microsoft-secure.top/confirm/identity/verify,1
http://paypal-confirm-verify-confirm-billing-5903.tk/webscr?cmd=_login-submit,1
https://google.com/search?q=python,0
https://spotify.com/support,0
http://194.55.214.85/signin/password/reset,1
https://amazon.com/dashboard,0
http://paypal-billing-billing-update-billing-9847.tk/account/suspended?redirect=http://evil.com,1
https://m.wikipedia.org/terms,0
https://www.adobe.com/news,0
http://chase-account-account-verify-secure-4763.info/account/suspended?redirect=http://evil.com,1
http://www.bbc.com/services,0
http://reddit.com@evil-phish.cf/account/suspended?redirect=http://evil.com,1
http://185.173.234.63/account/suspended?redirect=http://evil.com,1
http://194.121.164.183/webscr?cmd=_login-submit,1
http://helpdesk.netflix-secure.xyz/webscr?cmd=_login-submit,1
https://wordpress.com/about,0
http://verify.netflix-secure.cf/download/install/setup.exe,1
https://stackoverflow.com/,0
https://yahoo.com/services,0
http://185.149.53.180/webscr?cmd=_login-submit,1
http://account.ebay-secure.cf/download/install/setup.exe,1
http://google.com@evil-phish.ml/signin/password/reset,1
https://linkedin.com/user/profile,0
https://www.facebook.com/pricing,0
https://apple.com/settings,0
http://bank-billing-account-confirm-5210.top/download/install/setup.exe,1
https://medium.com/terms,0
http://spotify.com@evil-phish.click/account/suspended?redirect=http://evil.com,1
https://m.spotify.com/terms,0
https://m.shopify.com/support,0
http://goo.gl/gtxyz8a,1
http://login-netflix-secure.info/webscr?cmd=_login-submit,1
http://paypal-confirm-secure-4097.cf/confirm/identity/verify,1
https://wikipedia.org/pricing,0
http://facebook.com@evil-phish.gq/confirm/identity/verify,1
http://chase-verify-verify-confirm-secure-1380.top/login/verify?cmd=account&update=1,1
http://bit.ly/e3l3rd8,1
https://www.wordpress.com/terms,0
https://wordpress.com/terms,0
http://youtube.com@evil-phish.ml/login/verify?cmd=account&update=1,1
https://reuters.com/terms,0
https://reddit.com/,0
https://ebay.com/products,0
http://goo.gl/81yricv,1
https://m.bing.com/privacy,0
http://paypal-secure-secure-2482.ga/signin/password/reset,1
https://instagram.com/search?q=python,0
https://etsy.com/products,0
https://nytimes.com/user/profile,0
https://m.microsoft.com/help,0
http://apple-billing-confirm-3729.link/account/suspended?redirect=http://evil.com,1
http://www.youtube.com/,0
https://m.facebook.com/dashboard,0
http://confirm.chase-secure.click/webscr?cmd=_login-submit,1
https://adobe.com/contact,0
https://yahoo.com/support,0
https://medium.com/pricing,0
https://www.github.com/about,0
http://secure.netflix-secure.ml/confirm/identity/verify,1
http://google.com/contact,0
http://amazon.com@evil-phish.ml/signin/password/reset,1
http://ebay-secure-verify-billing-login-5739.tk/secure/billing/confirm,1
http://ebay-login-update-2325.link/update/account/billing,1
http://194.112.45.222/download/install/setup.exe,1
https://dropbox.com/products,0
http://microsoft.com@evil-phish.xyz/confirm/identity/verify,1
http://10.246.129.111/update/account/billing,1
https://m.github.com/terms,0
https://www.salesforce.com/privacy,0
https://reddit.com/news,0
http://ow.ly/0w2xwb1,1
https://www.linkedin.com/privacy,0
http://bit.ly/ruixbh3,1
http://etsy.com@evil-phish.link/webscr?cmd=_login-submit,1
http://microsoft-confirm-login-login-6797.tk/secure/billing/confirm,1
http://helpdesk.amazon-secure.ga/webscr?cmd=_login-submit,1
http://facebook.com@evil-phish.cf/login/verify?cmd=account&update=1,1
https://wikipedia.org/services,0
https://www.youtube.com/news,0
http://mail.amazon-secure.xyz/download/install/setup.exe,1
https://adobe.com/products,0
https://www.github.com/search?q=python,0
http://google.com@evil-phish.tk/confirm/identity/verify,1
http://reddit.com/privacy,0
http://reuters.com@evil-phish.xyz/signin/password/reset,1
https://m.wikipedia.org/support,0
https://m.wordpress.com/terms,0
https://medium.com/news,0
http://172.107.233.41/signin/password/reset,1
http://service.chase-secure.link/account/suspended?redirect=http://evil.com,1
http://wikipedia.org@evil-phish.top/login/verify?cmd=account&update=1,1
http://185.77.251.133/webscr?cmd=_login-submit,1
https://amazon.com/search?q=python,0
http://netflix-account-verify-1757.info/account/suspended?redirect=http://evil.com,1
https://reddit.com/user/profile,0
https://www.wikipedia.org/pricing,0
http://10.124.218.72/signin/password/reset,1
http://ebay-billing-login-verify-2651.gq/update/account/billing,1
https://google.com/user/profile,0
https://dropbox.com/help,0
https://spotify.com/privacy,0
http://linkedin.com@evil-phish.info/update/account/billing,1
http://chase-update-login-8557.info/webscr?cmd=_login-submit,1
https://www.wordpress.com/dashboard,0
http://google.com@evil-phish.click/update/account/billing,1
https://dropbox.com/,0
https://www.bing.com/terms,0
https://ebay.com/about,0
https://instagram.com/services,0
https://reuters.com/pricing,0
http://10.99.201.173/update/account/billing,1
http://bit.ly/s3uui5x,1
http://bit.ly/vd8h3ch,1
http://172.197.177.35/login/verify?cmd=account&update=1,1
https://m.google.com/blog,0
https://m.salesforce.com/terms,0
http://tinyurl.com/iqfxew8,1
http://www.amazon.com/about,0
http://tinyurl.com/nifmpeo,1
https://cnn.com/news,0
http://10.186.113.249/confirm/identity/verify,1
http://apple-secure-update-billing-7805.link/secure/billing/confirm,1
https://m.twitter.com/support,0
http://login.paypal-secure.ml/webscr?cmd=_login-submit,1
http://instagram.com@evil-phish.gq/login/verify?cmd=account&update=1,1
http://ow.ly/16uklno,1
http://45.169.80.252/confirm/identity/verify,1
https://m.medium.com/help,0
http://netflix-account-account-login-4423.tk/confirm/identity/verify,1
http://apple-login-secure-8234.gq/update/account/billing,1
http://account.ebay-secure.xyz/login/verify?cmd=account&update=1,1
https://www.twitter.com/dashboard,0
http://www.bing.com/help,0
https://etsy.com/search?q=python,0
https://www.wikipedia.org/user/profile,0
http://185.203.38.25/secure/billing/confirm,1
http://secure.ebay-secure.ga/update/account/billing,1
http://bbc.com@evil-phish.ga/webscr?cmd=_login-submit,1
http://microsoft-verify-confirm-confirm-verify-2930.gq/secure/billing/confirm,1
http://amazon-secure-update-secure-login-6005.ga/login/verify?cmd=account&update=1,1
http://cnn.com@evil-phish.xyz/update/account/billing,1
https://reddit.com/search?q=python,0
http://chase-billing-update.top/webscr?cmd=_login-submit,1
https://twitter.com/dashboard,0
http://tinyurl.com/ebjvnfo,1
https://netflix.com/services,0
https://bbc.com/dashboard,0
http://192.168.165.140/download/install/setup.exe,1
http://bank-account-verify-3392.info/confirm/identity/verify,1
https://github.com/contact,0
http://microsoft.com/privacy,0
https://dropbox.com/privacy,0
http://reuters.com@evil-phish.ml/secure/billing/confirm,1
https://medium.com/help,0
http://172.212.231.34/account/suspended?redirect=http://evil.com,1
http://yahoo.com@evil-phish.click/signin/password/reset,1
https://netflix.com/about,0
https://spotify.com/services,0
http://banking.apple-secure.xyz/confirm/identity/verify,1
http://tinyurl.com/rv537c2,1
https://bing.com/support,0
https://m.wikipedia.org/support,0
http://amazon-verify-confirm-confirm-confirm-3680.tk/secure/billing/confirm,1
https://bing.com/help,0
http://secure-chase-login.tk/login/verify?cmd=account&update=1,1
https://medium.com/news,0
https://medium.com/blog,0
http://account.apple-secure.xyz/signin/password/reset,1
https://microsoft.com/about,0
https://reuters.com/terms,0
http://ebay-login-login-secure-1191.gq/login/verify?cmd=account&update=1,1
https://www.spotify.com/terms,0
https://cnn.com/help,0
https://www.youtube.com/settings,0
https://m.instagram.com/settings,0
https://www.youtube.com/products,0
http://reddit.com@evil-phish.info/webscr?cmd=_login-submit,1
https://www.ebay.com/dashboard,0
http://secure-netflix-login.click/update/account/billing,1
http://amazon-account-verify.top/webscr?cmd=_login-submit,1
https://www.nytimes.com/support,0
https://www.adobe.com/about,0
https://www.reddit.com/search?q=python,0
https://m.youtube.com/,0
http://google.com@evil-phish.info/account/suspended?redirect=http://evil.com,1
https://www.bbc.com/user/profile,0
https://www.salesforce.com/support,0
http://account.netflix-secure.xyz/account/suspended?redirect=http://evil.com,1
http://chase-billing-update.ga/download/install/setup.exe,1
http://paypal-secure-login.gq/login/verify?cmd=account&update=1,1
http://194.71.229.41/login/verify?cmd=account&update=1,1
http://tinyurl.com/wjtvtok,1
https://microsoft.com/settings,0
https://etsy.com/settings,0
https://etsy.com/products,0
https://m.etsy.com/user/profile,0
http://microsoft-confirm-billing-secure-2415.link/update/account/billing,1
http://apple-update-account-login-account-9376.link/account/suspended?redirect=http://evil.com,1
http://194.171.203.11/webscr?cmd=_login-submit,1
http://instagram.com/terms,0
https://m.netflix.com/help,0
https://adobe.com/pricing,0
http://192.168.201.159/signin/password/reset,1
http://instagram.com/help,0
http://facebook.com/privacy,0
https://www.apple.com/about,0
http://apple-secure-billing-confirm-account-1507.tk/webscr?cmd=_login-submit,1
http://reddit.com@evil-phish.ga/download/install/setup.exe,1
http://banking.ebay-secure.xyz/account/suspended?redirect=http://evil.com,1
http://ow.ly/rvaxgum,1
https://m.etsy.com/news,0
https://google.com/products,0
http://185.48.88.103/confirm/identity/verify,1
http://spotify.com/user/profile,0
http://bank-secure-account-login-secure-5203.ga/confirm/identity/verify,1
http://amazon-billing-update.cf/account/suspended?redirect=http://evil.com,1
http://tinyurl.com/zj3mnht,1
https://bbc.com/news,0
http://goo.gl/d9uxlj1,1
http://192.168.30.29/signin/password/reset,1
https://www.apple.com/about,0
http://ebay-billing-confirm-7021.xyz/secure/billing/confirm,1
http://banking.paypal-secure.info/confirm/identity/verify,1
http://is.gd/qcmsv1r,1
http://support.chase-secure.click/login/verify?cmd=account&update=1,1
http://172.139.72.230/login/verify?cmd=account&update=1,1
https://www.instagram.com/help,0
https://github.com/contact,0
http://194.201.141.179/account/suspended?redirect=http://evil.com,1
https://yahoo.com/privacy,0
http://ow.ly/7yfkpi9,1
http://10.186.42.250/signin/password/reset,1
http://confirm.bank-secure.link/signin/password/reset,1
http://spotify.com/pricing,0
https://bing.com/pricing,0
https://m.dropbox.com/dashboard,0
http://194.128.206.12/confirm/identity/verify,1
https://paypal.com/products,0
https://dropbox.com/help,0
http://bit.ly/d6d8e20,1
https://www.youtube.com/help,0
http://bing.com@evil-phish.click/login/verify?cmd=account&update=1,1
https://m.ebay.com/user/profile,0
https://paypal.com/terms,0
http://www.shopify.com/user/profile,0
http://secure.paypal-secure.info/signin/password/reset,1
https://m.apple.com/,0
https://paypal.com/support,0
http://bit.ly/1q3xjji,1
http://youtube.com@evil-phish.cf/signin/password/reset,1
http://apple-helpdesk-support.info/confirm/identity/verify,1
https://paypal.com/user/profile,0
https://m.medium.com/dashboard,0
http://amazon-account-verify.info/login/verify?cmd=account&update=1,1
https://www.instagram.com/products,0
http://twitter.com@evil-phish.ga/login/verify?cmd=account&update=1,1
http://goo.gl/cpl72u2,1
https://medium.com/services,0
https://m.etsy.com/user/profile,0
http://10.133.34.239/confirm/identity/verify,1
http://account-apple-verify.ml/secure/billing/confirm,1
http://10.52.109.211/webscr?cmd=_login-submit,1
https://google.com/help,0
http://microsoft.com.xyz/update/account/billing,1
http://linkedin.com@evil-phish.link/update/account/billing,1
http://45.50.162.70/download/install/setup.exe,1
http://medium.com@evil-phish.cf/download/install/setup.exe,1
http://instagram.com@evil-phish.tk/login/verify?cmd=account&update=1,1
https://twitter.com/settings,0
https://facebook.com/,0
http://chase-secure-confirm-2316.cf/download/install/setup.exe,1
http://confirm.ebay-secure.click/login/verify?cmd=account&update=1,1
https://m.youtube.com/blog,0
https://nytimes.com/products,0
https://youtube.com/news,0
https://m.facebook.com/contact,0
http://www.twitter.com/terms,0
https://www.microsoft.com/products,0
https://github.com/terms,0
http://verify.netflix-secure.ga/confirm/identity/verify,1
https://youtube.com/pricing,0
https://www.ebay.com/pricing,0
http://medium.com@evil-phish.top/download/install/setup.exe,1
http://netflix-confirm-secure-login-verify-8498.top/download/install/setup.exe,1
http://chase-verify-verify-login-secure-7628.cf/download/install/setup.exe,1
http://linkedin.com@evil-phish.xyz/update/account/billing,1
http://ow.ly/kubxdhq,1
http://194.179.90.174/update/account/billing,1
http://45.146.97.126/confirm/identity/verify,1
http://apple-billing-verify-update-update-6076.click/account/suspended?redirect=http://evil.com,1
http://45.70.1.173/signin/password/reset,1
http://185.202.39.57/secure/billing/confirm,1
https://youtube.com/terms,0
https://stackoverflow.com/about,0
http://amazon-account-verify.link/secure/billing/confirm,1
http://chase.com.info/login/verify?cmd=account&update=1,1
http://192.168.23.30/update/account/billing,1
https://shopify.com/settings,0
http://dropbox.com@evil-phish.gq/signin/password/reset,1
https://m.apple.com/support,0
http://secure-paypal-login.ga/login/verify?cmd=account&update=1,1
https://yahoo.com/blog,0
http://is.gd/99fia2q,1
http://microsoft-helpdesk-support.top/login/verify?cmd=account&update=1,1
http://account-microsoft-verify.gq/secure/billing/confirm,1
https://google.com/blog,0
http://45.252.121.146/download/install/setup.exe,1
https://adobe.com/contact,0
http://10.160.31.117/login/verify?cmd=account&update=1,1
http://185.49.90.107/download/install/setup.exe,1
https://ebay.com/help,0
http://amazon.com@evil-phish.tk/secure/billing/confirm,1
http://confirm.microsoft-secure.ml/webscr?cmd=_login-submit,1
http://stackoverflow.com@evil-phish.xyz/signin/password/reset,1
https://bbc.com/search?q=python,0
https://facebook.com/search?q=python,0
http://apple.com.gq/secure/billing/confirm,1
http://10.237.104.73/confirm/identity/verify,1
https://m.bing.com/terms,0
http://185.46.208.180/download/install/setup.exe,1
http://10.157.90.23/webscr?cmd=_login-submit,1
http://amazon-confirm-update-6914.top/update/account/billing,1
https://facebook.com/search?q=python,0
http://secure-chase-login.xyz/webscr?cmd=_login-submit,1
http://validation.paypal-secure.tk/login/verify?cmd=account&update=1,1
http://login.chase-secure.ml/account/suspended?redirect=http://evil.com,1
https://amazon.com/products,0
https://www.adobe.com/support,0
https://instagram.com/blog,0
http://185.103.28.18/account/suspended?redirect=http://evil.com,1
http://is.gd/479r113,1
https://stackoverflow.com/news,0
https://www.bing.com/settings,0
http://bit.ly/acbslyf,1
http://bank-account-account-7288.click/login/verify?cmd=account&update=1,1
https://salesforce.com/pricing,0
http://m.twitter.com/pricing,0
http://amazon-account-verify.tk/signin/password/reset,1
https://m.etsy.com/search?q=python,0
http://bit.ly/6nobgpj,1
http://ebay-billing-update.click/download/install/setup.exe,1
https://adobe.com/services,0
https://www.medium.com/services,0
https://wikipedia.org/news,0
http://microsoft-verify-billing-verify-5346.xyz/confirm/identity/verify,1
http://amazon-account-verify.gq/signin/password/reset,1
https://m.twitter.com/terms,0
http://microsoft.com.top/download/install/setup.exe,1
http://is.gd/mr9p95u,1
http://paypal-secure-login.gq/account/suspended?redirect=http://evil.com,1
https://www.netflix.com/,0
http://service.apple-secure.xyz/webscr?cmd=_login-submit,1
http://194.155.57.189/signin/password/reset,1
https://bbc.com/about,0
http://helpdesk.amazon-secure.info/webscr?cmd=_login-submit,1
http://amazon-secure-account-update-2462.top/webscr?cmd=_login-submit,1
https://ebay.com/products,0
https://m.bbc.com/search?q=python,0
http://instagram.com@evil-phish.ga/login/verify?cmd=account&update=1,1
http://ebay.com/pricing,0
https://www.google.com/user/profile,0
http://paypal-verify-verify-1869.tk/download/install/setup.exe,1
http://login-bank-secure.cf/login/verify?cmd=account&update=1,1
https://google.com/settings,0
http://goo.gl/f83gaed,1
http://account-microsoft-verify.info/secure/billing/confirm,1
https://www.nytimes.com/user/profile,0
https://m.linkedin.com/contact,0
http://172.71.76.250/login/verify?cmd=account&update=1,1
http://172.49.249.192/update/account/billing,1
http://secure.bank-secure.cf/confirm/identity/verify,1
http://salesforce.com/support,0
http://secure-chase-login.ga/confirm/identity/verify,1
https://m.netflix.com/blog,0
https://instagram.com/about,0
http://nytimes.com@evil-phish.gq/confirm/identity/verify,1
http://secure-amazon-login.ga/update/account/billing,1
http://10.28.117.203/webscr?cmd=_login-submit,1
http://mail.microsoft-secure.gq/signin/password/reset,1
https://m.reuters.com/settings,0
http://dropbox.com@evil-phish.xyz/update/account/billing,1
https://www.nytimes.com/terms,0
http://45.193.21.160/webscr?cmd=_login-submit,1
https://www.google.com/terms,0
http://amazon-update-secure-2722.click/download/install/setup.exe,1
http://amazon-account-verify.gq/account/suspended?redirect=http://evil.com,1
http://chase-billing-update-2921.ga/webscr?cmd=_login-submit,1
https://wordpress.com/services,0
http://microsoft-confirm-confirm-5269.cf/account/suspended?redirect=http://evil.com,1
http://secure-amazon-login.gq/login/verify?cmd=account&update=1,1
http://amazon-account-confirm-update-update-2351.gq/confirm/identity/verify,1
https://www.nytimes.com/terms,0
http://login-microsoft-secure.click/signin/password/reset,1
http://microsoft-secure-update-1097.link/download/install/setup.exe,1
https://m.yahoo.com/,0
https://youtube.com/terms,0
https://m.apple.com/help,0
http://reddit.com@evil-phish.link/confirm/identity/verify,1
https://m.medium.com/blog,0
https://m.salesforce.com/dashboard,0
https://medium.com/news,0
http://ow.ly/qb5i92w,1
https://github.com/blog,0
http://ebay.com.top/webscr?cmd=_login-submit,1
https://shopify.com/privacy,0
http://bit.ly/p9cwnbi,1
https://www.amazon.com/blog,0
http://service.apple-secure.info/update/account/billing,1
https://m.wordpress.com/pricing,0
http://dropbox.com@evil-phish.top/signin/password/reset,1
http://192.168.170.104/signin/password/reset,1
http://netflix-billing-verify-login-login-8571.tk/account/suspended?redirect=http://evil.com,1
http://wordpress.com@evil-phish.xyz/login/verify?cmd=account&update=1,1
https://stackoverflow.com/contact,0
https://medium.com/pricing,0
http://microsoft-account-confirm-update-3285.ml/update/account/billing,1
http://amazon-account-verify.xyz/update/account/billing,1
http://ebay-billing-secure-8137.tk/update/account/billing,1
http://bit.ly/pwjt7d0,1
http://bit.ly/ht2ibtr,1
https://youtube.com/pricing,0
http://ebay-billing-update.cf/update/account/billing,1
https://amazon.com/blog,0
http://stackoverflow.com@evil-phish.ml/webscr?cmd=_login-submit,1
https://salesforce.com/blog,0
https://www.instagram.com/about,0
https://adobe.com/settings,0
https://ebay.com/blog,0
http://paypal-secure-login.tk/confirm/identity/verify,1
http://amazon-account-verify.tk/confirm/identity/verify,1
http://microsoft-secure-account-verify-1661.ga/download/install/setup.exe,1
https://salesforce.com/contact,0
https://m.dropbox.com/settings,0
https://reddit.com/search?q=python,0
https://bbc.com/privacy,0
https://google.com/pricing,0
https://m.amazon.com/terms,0
http://tinyurl.com/x3lhxoa,1
https://adobe.com/settings,0
http://10.191.168.136/signin/password/reset,1
https://salesforce.com/help,0
https://ebay.com/search?q=python,0
https://instagram.com/blog,0
https://nytimes.com/dashboard,0
http://ow.ly/plbne9e,1
https://m.ebay.com/settings,0
https://stackoverflow.com/contact,0
http://login-amazon-secure.cf/login/verify?cmd=account&update=1,1
http://45.69.66.204/update/account/billing,1
https://google.com/news,0
https://nytimes.com/blog,0
http://chase-update-secure-confirm-1454.gq/confirm/identity/verify,1
https://yahoo.com/terms,0
http://secure.amazon-secure.info/login/verify?cmd=account&update=1,1
http://paypal-update-update-login-verify-2483.info/update/account/billing,1
https://www.netflix.com/user/profile,0
https://www.dropbox.com/support,0
http://paypal-secure-login-account-account-5533.info/webscr?cmd=_login-submit,1
http://paypal-secure-login.info/signin/password/reset,1
https://youtube.com/contact,0
http://login.netflix-secure.click/login/verify?cmd=account&update=1,1
http://www.stackoverflow.com/settings,0
http://m.bing.com/privacy,0
http://account-netflix-verify.gq/webscr?cmd=_login-submit,1
http://bit.ly/oa21ihy,1
https://instagram.com/blog,0
http://is.gd/ak2hopq,1
https://www.netflix.com/terms,0
https://bing.com/search?q=python,0
https://reuters.com/help,0
https://www.instagram.com/contact,0
http://login-paypal-secure.ml/login/verify?cmd=account&update=1,1
https://nytimes.com/about,0
http://nytimes.com@evil-phish.ml/signin/password/reset,1
http://chase.com.cf/webscr?cmd=_login-submit,1
https://twitter.com/blog,0
https://stackoverflow.com/about,0
http://banking.apple-secure.cf/download/install/setup.exe,1
http://reuters.com@evil-phish.ml/account/suspended?redirect=http://evil.com,1
http://confirm.netflix-secure.gq/account/suspended?redirect=http://evil.com,1
https://m.facebook.com/products,0
http://confirm.microsoft-secure.link/account/suspended?redirect=http://evil.com,1
http://185.154.46.17/update/account/billing,1
http://support.bank-secure.link/signin/password/reset,1
http://secure-paypal-login.xyz/update/account/billing,1
https://salesforce.com/,0
https://twitter.com/privacy,0
http://bank-update-account-account-2187.gq/account/suspended?redirect=http://evil.com,1
http://chase-account-account-1295.ml/signin/password/reset,1
https://m.wikipedia.org/privacy,0
https://twitter.com/products,0
https://wikipedia.org/,0
http://goo.gl/a9vzeox,1
http://adobe.com@evil-phish.tk/signin/password/reset,1
https://twitter.com/contact,0
http://apple-account-account-2149.cf/signin/password/reset,1
https://adobe.com/settings,0
https://m.bing.com/blog,0
http://172.122.201.95/signin/password/reset,1
http://bank-secure-secure-confirm-verify-5012.ga/login/verify?cmd=account&update=1,1
https://dropbox.com/terms,0
http://is.gd/kxundmf,1
https://salesforce.com/privacy,0
http://185.189.235.237/login/verify?cmd=account&update=1,1
http://service.bank-secure.click/login/verify?cmd=account&update=1,1
https://medium.com/search?q=python,0
http://login-apple-secure.xyz/download/install/setup.exe,1
http://goo.gl/qgd5kxj,1
http://verify.bank-secure.ga/update/account/billing,1
https://ebay.com/privacy,0
https://dropbox.com/user/profile,0
http://reddit.com@evil-phish.click/login/verify?cmd=account&update=1,1
https://www.etsy.com/terms,0
https://m.apple.com/search?q=python,0
https://bing.com/blog,0
http://www.shopify.com/user/profile,0
http://194.185.251.54/webscr?cmd=_login-submit,1
http://chase-verify-account-secure-billing-3004.ml/account/suspended?redirect=http://evil.com,1
http://ow.ly/egfvxh0,1
http://chase-update-account-verify-5405.info/secure/billing/confirm,1
http://paypal-secure-login.info/confirm/identity/verify,1
https://microsoft.com/news,0
https://medium.com/about,0
https://m.wikipedia.org/news,0
http://is.gd/0wxll5u,1
https://m.bbc.com/search?q=python,0
https://www.amazon.com/services,0
https://www.facebook.com/about,0
https://medium.com/about,0
http://amazon-confirm-verify-secure-4243.tk/update/account/billing,1
http://tinyurl.com/bewv68d,1
http://verify.microsoft-secure.xyz/secure/billing/confirm,1
https://stackoverflow.com/contact,0
http://amazon-account-verify.ml/signin/password/reset,1
http://tinyurl.com/bubu37m,1
https://linkedin.com/pricing,0
https://m.medium.com/services,0
https://adobe.com/contact,0
http://netflix-account-secure-secure-6951.info/download/install/setup.exe,1
https://shopify.com/help,0
http://amazon-account-verify.top/update/account/billing,1
http://ow.ly/mgn1eex,1
https://amazon.com/privacy,0
http://bank-billing-update.cf/signin/password/reset,1
http://secure-apple-login.info/account/suspended?redirect=http://evil.com,1
https://www.reddit.com/pricing,0
https://www.salesforce.com/blog,0
http://amazon-account-verify.click/confirm/identity/verify,1
http://verify.netflix-secure.xyz/download/install/setup.exe,1
http://185.198.254.68/signin/password/reset,1
http://salesforce.com@evil-phish.click/confirm/identity/verify,1
http://service.apple-secure.ga/confirm/identity/verify,1
http://github.com@evil-phish.gq/secure/billing/confirm,1
http://spotify.com@evil-phish.ml/signin/password/reset,1
http://update.netflix-secure.tk/account/suspended?redirect=http://evil.com,1
https://www.medium.com/dashboard,0
https://linkedin.com/privacy,0
http://m.microsoft.com/about,0
http://ebay-confirm-confirm-login-account-4643.link/update/account/billing,1
http://salesforce.com@evil-phish.ml/confirm/identity/verify,1
http://microsoft-billing-update.cf/webscr?cmd=_login-submit,1
http://is.gd/olg5tk9,1
https://m.twitter.com/,0
http://bank-confirm-confirm-login-5699.ga/login/verify?cmd=account&update=1,1
http://chase-account-secure-account-8976.link/signin/password/reset,1
http://verify.amazon-secure.gq/confirm/identity/verify,1
http://update.microsoft-secure.ml/download/install/setup.exe,1
https://www.twitter.com/search?q=python,0
https://www.youtube.com/settings,0
http://amazon.com@evil-phish.xyz/secure/billing/confirm,1
https://medium.com/blog,0
https://wikipedia.org/pricing,0
https://www.instagram.com/pricing,0
http://apple.com/pricing,0
http://service.bank-secure.ga/login/verify?cmd=account&update=1,1
https://m.google.com/pricing,0
http://194.38.88.63/account/suspended?redirect=http://evil.com,1
http://192.168.231.85/webscr?cmd=_login-submit,1
http://microsoft-confirm-account-account-9254.ga/download/install/setup.exe,1
http://ebay-billing-account-account-account-9231.gq/download/install/setup.exe,1
https://m.amazon.com/help,0
http://nytimes.com@evil-phish.gq/account/suspended?redirect=http://evil.com,1
https://google.com/dashboard,0
http://paypal.com@evil-phish.ga/secure/billing/confirm,1
https://m.stackoverflow.com/support,0
https://m.amazon.com/dashboard,0
http://mail.bank-secure.info/download/install/setup.exe,1
https://www.linkedin.com/privacy,0
https://m.bing.com/pricing,0
http://bit.ly/j6jdpbj,1
http://172.106.174.215/confirm/identity/verify,1
https://www.facebook.com/blog,0
http://172.48.111.67/webscr?cmd=_login-submit,1
https://netflix.com/services,0
http://facebook.com/blog,0
http://tinyurl.com/8c7j0zn,1
http://apple.com.tk/download/install/setup.exe,1
http://172.234.184.57/secure/billing/confirm,1
http://confirm.microsoft-secure.tk/update/account/billing,1
http://github.com/help,0
http://dropbox.com@evil-phish.gq/confirm/identity/verify,1
http://account-chase-verify.xyz/login/verify?cmd=account&update=1,1
https://paypal.com/support,0
https://m.bbc.com/services,0
http://banking.netflix-secure.ml/webscr?cmd=_login-submit,1
http://helpdesk.paypal-secure.click/signin/password/reset,1
https://m.instagram.com/support,0
http://ow.ly/c9spw17,1
http://stackoverflow.com/,0
http://185.213.180.138/account/suspended?redirect=http://evil.com,1
https://m.reuters.com/dashboard,0
http://secure-ebay-login.top/account/suspended?redirect=http://evil.com,1
http://bit.ly/3dxudxk,1
https://www.medium.com/dashboard,0
https://www.yahoo.com/user/profile,0
http://goo.gl/75rddhn,1
https://nytimes.com/about,0
https://wikipedia.org/pricing,0
http://bit.ly/62ltgc3,1
http://adobe.com@evil-phish.tk/download/install/setup.exe,1
http://tinyurl.com/ullp5ep,1
http://bit.ly/9qopwsu,1
https://www.ebay.com/services,0
https://microsoft.com/contact,0
http://login-bank-secure.ml/signin/password/reset,1
http://45.7.145.134/account/suspended?redirect=http://evil.com,1
http://amazon-helpdesk-support.tk/secure/billing/confirm,1
https://www.stackoverflow.com/support,0
http://account-amazon-verify.ga/webscr?cmd=_login-submit,1
https://shopify.com/,0
https://facebook.com/support,0
http://dropbox.com@evil-phish.info/webscr?cmd=_login-submit,1
https://reddit.com/dashboard,0
http://salesforce.com@evil-phish.top/signin/password/reset,1
http://login-paypal-secure.ga/login/verify?cmd=account&update=1,1
http://paypal.com/news,0
https://medium.com/pricing,0
https://adobe.com/search?q=python,0
https://m.etsy.com/products,0
http://update.ebay-secure.click/account/suspended?redirect=http://evil.com,1
http://secure-bank-login.xyz/signin/password/reset,1
https://adobe.com/terms,0
http://amazon-account-secure-account-7057.gq/webscr?cmd=_login-submit,1
http://support.amazon-secure.click/secure/billing/confirm,1
http://chase-account-confirm-secure-confirm-9229.xyz/confirm/identity/verify,1
http://update.paypal-secure.xyz/signin/password/reset,1
https://youtube.com/pricing,0
https://linkedin.com/privacy,0
http://apple.com@evil-phish.link/confirm/identity/verify,1
https://www.paypal.com/,0
http://bing.com/blog,0
http://wikipedia.org/privacy,0
http://verify.paypal-secure.top/signin/password/reset,1
http://m.twitter.com/privacy,0
http://mail.netflix-secure.ga/signin/password/reset,1
http://ebay-update-secure-8962.tk/account/suspended?redirect=http://evil.com,1
http://goo.gl/3b0hxz8,1
https://spotify.com/pricing,0
https://m.dropbox.com/privacy,0
http://goo.gl/yv7wf3x,1
https://www.youtube.com/pricing,0
https://youtube.com/terms,0
https://instagram.com/settings,0
https://ebay.com/pricing,0
http://45.43.241.251/confirm/identity/verify,1
http://ow.ly/0y3rora,1
https://www.paypal.com/search?q=python,0
https://wordpress.com/products,0
http://paypal-secure-login.ml/login/verify?cmd=account&update=1,1
http://194.114.16.83/secure/billing/confirm,1
https://www.amazon.com/services,0
http://account-chase-verify.gq/login/verify?cmd=account&update=1,1
https://m.instagram.com/,0
http://185.176.207.239/update/account/billing,1
https://etsy.com/user/profile,0
https://yahoo.com/support,0
http://45.250.175.238/signin/password/reset,1
http://apple.com@evil-phish.xyz/confirm/identity/verify,1
https://github.com/services,0
http://ow.ly/o0t273e,1
https://amazon.com/about,0
http://is.gd/duily7e,1
https://www.salesforce.com/services,0
http://netflix-verify-verify-login-3104.ga/webscr?cmd=_login-submit,1
https://www.ebay.com/pricing,0
http://wordpress.com@evil-phish.click/confirm/identity/verify,1
https://github.com/services,0
https://m.wikipedia.org/contact,0
http://netflix.com@evil-phish.ml/confirm/identity/verify,1
https://www.apple.com/privacy,0
https://wordpress.com/help,0
http://185.38.83.188/login/verify?cmd=account&update=1,1
http://paypal.com.ml/signin/password/reset,1
http://is.gd/d1otxs3,1
https://github.com/dashboard,0
https://m.reuters.com/,0
http://amazon.com/pricing,0
http://amazon-account-verify.xyz/account/suspended?redirect=http://evil.com,1
http://account.netflix-secure.info/account/suspended?redirect=http://evil.com,1
https://www.linkedin.com/settings,0
http://paypal-secure-login.cf/download/install/setup.exe,1
http://update.netflix-secure.gq/secure/billing/confirm,1
http://netflix.com@evil-phish.ml/account/suspended?redirect=http://evil.com,1
http://banking.amazon-secure.link/download/install/setup.exe,1
https://www.apple.com/terms,0
http://45.104.2.200/login/verify?cmd=account&update=1,1
http://apple-verify-account-login-1577.info/account/suspended?redirect=http://evil.com,1
http://is.gd/ew1z6r2,1
http://192.168.74.253/update/account/billing,1
https://paypal.com/support,0
http://paypal.com@evil-phish.ga/secure/billing/confirm,1
https://salesforce.com/help,0
http://ow.ly/y6vpasg,1
https://microsoft.com/pricing,0
http://twitter.com@evil-phish.ml/login/verify?cmd=account&update=1,1
http://account-paypal-verify.click/webscr?cmd=_login-submit,1
http://login-amazon-secure.ml/download/install/setup.exe,1
http://paypal-secure-login.cf/login/verify?cmd=account&update=1,1
http://validation.chase-secure.top/signin/password/reset,1
http://45.152.9.234/confirm/identity/verify,1
http://wordpress.com@evil-phish.link/confirm/identity/verify,1
https://m.cnn.com/news,0
https://ebay.com/news,0
http://service.chase-secure.link/update/account/billing,1
https://m.microsoft.com/settings,0
http://shopify.com@evil-phish.ml/login/verify?cmd=account&update=1,1
https://www.facebook.com/,0
http://paypal.com.info/download/install/setup.exe,1
http://paypal-billing-confirm-2257.ml/login/verify?cmd=account&update=1,1
https://cnn.com/pricing,0
http://m.netflix.com/news,0
http://apple-update-billing-confirm-9249.xyz/account/suspended?redirect=http://evil.com,1
http://www.cnn.com/user/profile,0
http://bit.ly/nvkbjn7,1
https://m.shopify.com/search?q=python,0
http://bank-account-billing-secure-2868.click/update/account/billing,1
https://www.facebook.com/privacy,0
http://is.gd/q01e1kl,1
http://support.microsoft-secure.top/confirm/identity/verify,1
https://youtube.com/user/profile,0
https://wordpress.com/dashboard,0
https://m.twitter.com/terms,0
https://google.com/support,0
https://reuters.com/pricing,0
http://chase-secure-confirm-billing-update-5572.cf/webscr?cmd=_login-submit,1
http://linkedin.com/services,0
https://cnn.com/search?q=python,0
http://bit.ly/ubmr81m,1
https://m.instagram.com/settings,0
http://apple-verify-billing-4724.click/login/verify?cmd=account&update=1,1
https://reuters.com/privacy,0
http://instagram.com/pricing,0
https://m.reddit.com/dashboard,0
https://reddit.com/blog,0
https://instagram.com/contact,0
http://confirm.netflix-secure.xyz/login/verify?cmd=account&update=1,1
http://www.paypal.com/search?q=python,0
https://www.facebook.com/terms,0
https://m.stackoverflow.com/,0
http://helpdesk.paypal-secure.xyz/secure/billing/confirm,1
http://185.189.58.39/update/account/billing,1
https://shopify.com/terms,0
https://www.wordpress.com/about,0
http://helpdesk.amazon-secure.tk/account/suspended?redirect=http://evil.com,1
https://wordpress.com/contact,0
https://microsoft.com/products,0
http://ow.ly/9gb1xac,1
http://secure.apple-secure.click/signin/password/reset,1
https://bing.com/privacy,0
https://dropbox.com/,0
http://paypal-secure-login.link/update/account/billing,1
http://github.com@evil-phish.cf/download/install/setup.exe,1
http://is.gd/8u40qcu,1
http://verify.netflix-secure.cf/secure/billing/confirm,1
https://youtube.com/help,0
https://dropbox.com/terms,0
https://m.facebook.com/,0
https://amazon.com/products,0
http://bbc.com@evil-phish.click/account/suspended?redirect=http://evil.com,1
https://m.nytimes.com/dashboard,0
https://m.github.com/services,0
https://m.wikipedia.org/settings,0
http://192.168.171.88/login/verify?cmd=account&update=1,1
http://tinyurl.com/ace2f34,1
http://185.223.132.102/account/suspended?redirect=http://evil.com,1
http://amazon-secure-confirm-login-2886.link/secure/billing/confirm,1
http://mail.ebay-secure.info/signin/password/reset,1
https://m.yahoo.com/news,0
https://linkedin.com/support,0
http://netflix-billing-update.info/signin/password/reset,1
https://apple.com/about,0
http://wordpress.com/support,0
https://www.adobe.com/settings,0
https://cnn.com/,0
http://banking.chase-secure.xyz/download/install/setup.exe,1
https://www.twitter.com/search?q=python,0
https://amazon.com/user/profile,0
http://login.amazon-secure.gq/webscr?cmd=_login-submit,1
https://bbc.com/dashboard,0
http://ow.ly/hcjtdak,1
http://chase.com.tk/update/account/billing,1
http://ow.ly/8nq189y,1
https://m.microsoft.com/user/profile,0
http://10.45.111.220/download/install/setup.exe,1
https://bbc.com/dashboard,0
http://instagram.com/services,0
http://netflix-billing-update-secure-1387.ml/webscr?cmd=_login-submit,1
http://45.187.20.182/signin/password/reset,1
https://facebook.com/settings,0
http://amazon-account-verify.gq/login/verify?cmd=account&update=1,1
https://www.yahoo.com/user/profile,0
https://www.cnn.com/contact,0
https://yahoo.com/dashboard,0
http://bit.ly/c6kh1xl,1
https://amazon.com/user/profile,0
http://account-bank-verify.link/secure/billing/confirm,1
https://shopify.com/services,0
http://reuters.com@evil-phish.cf/signin/password/reset,1
http://bing.com@evil-phish.click/account/suspended?redirect=http://evil.com,1
https://www.instagram.com/dashboard,0
https://netflix.com/help,0
https://www.etsy.com/search?q=python,0
http://tinyurl.com/0a8d2od,1
https://ebay.com/blog,0
http://github.com@evil-phish.link/secure/billing/confirm,1
https://www.netflix.com/about,0
http://wordpress.com@evil-phish.cf/account/suspended?redirect=http://evil.com,1
http://apple-account-billing-verify-2288.top/secure/billing/confirm,1
https://ebay.com/contact,0
http://10.45.229.66/webscr?cmd=_login-submit,1
http://validation.amazon-secure.click/update/account/billing,1
http://spotify.com@evil-phish.click/download/install/setup.exe,1
http://chase-verify-login-secure-3177.ga/secure/billing/confirm,1
https://shopify.com/privacy,0
https://facebook.com/search?q=python,0
http://paypal-secure-update-5838.top/update/account/billing,1
http://172.234.60.236/update/account/billing,1
https://www.reuters.com/products,0
https://m.reddit.com/support,0
http://amazon-account-verify.gq/confirm/identity/verify,1
https://instagram.com/support,0
http://172.11.124.161/signin/password/reset,1
http://bing.com@evil-phish.ml/signin/password/reset,1
http://amazon.com@evil-phish.xyz/signin/password/reset,1
http://update.amazon-secure.ga/download/install/setup.exe,1
http://apple-helpdesk-support.click/account/suspended?redirect=http://evil.com,1
https://m.github.com/,0
http://bank-update-account-5921.click/secure/billing/confirm,1
http://apple.com@evil-phish.tk/webscr?cmd=_login-submit,1
https://microsoft.com/products,0
http://instagram.com@evil-phish.ml/webscr?cmd=_login-submit,1
https://ebay.com/products,0
https://wordpress.com/privacy,0
https://bbc.com/dashboard,0
http://helpdesk.paypal-secure.top/secure/billing/confirm,1
https://shopify.com/search?q=python,0
http://tinyurl.com/2tmlp0r,1
http://paypal.com/privacy,0
https://yahoo.com/support,0
https://linkedin.com/pricing,0
http://10.226.90.158/update/account/billing,1
https://reddit.com/pricing,0
https://www.cnn.com/products,0
https://stackoverflow.com/,0
https://ebay.com/news,0
http://shopify.com@evil-phish.link/signin/password/reset,1
http://ow.ly/hjsos58,1
http://amazon-update-update-billing-update-3143.top/login/verify?cmd=account&update=1,1
http://paypal-login-account-login-verify-2541.link/signin/password/reset,1
http://youtube.com@evil-phish.click/confirm/identity/verify,1
http://10.12.205.178/update/account/billing,1
http://ebay-secure-confirm-billing-billing-9290.click/login/verify?cmd=account&update=1,1
https://m.facebook.com/products,0
https://bing.com/products,0
http://bank.com.cf/secure/billing/confirm,1
https://m.nytimes.com/contact,0
https://www.youtube.com/settings,0
https://m.medium.com/terms,0
http://login-amazon-secure.gq/webscr?cmd=_login-submit,1
http://185.207.111.174/update/account/billing,1
https://m.spotify.com/settings,0
http://bit.ly/2maxxm7,1
http://stackoverflow.com@evil-phish.gq/login/verify?cmd=account&update=1,1
http://medium.com@evil-phish.click/webscr?cmd=_login-submit,1
https://dropbox.com/help,0
https://apple.com/dashboard,0
http://chase-verify-billing-6493.top/signin/password/reset,1
http://45.31.196.162/secure/billing/confirm,1
http://paypal-secure-login.ga/confirm/identity/verify,1
https://www.microsoft.com/dashboard,0
http://bit.ly/82d0py9,1
http://amazon-confirm-account-verify-9230.click/login/verify?cmd=account&update=1,1
http://bing.com/services,0
http://www.amazon.com/,0
http://ow.ly/8dwpzkg,1
http://apple-login-billing-verify-secure-8530.tk/webscr?cmd=_login-submit,1
http://instagram.com/user/profile,0
http://adobe.com/blog,0
https://facebook.com/,0
https://dropbox.com/terms,0
http://apple.com@evil-phish.gq/update/account/billing,1
http://apple.com@evil-phish.cf/secure/billing/confirm,1
http://45.8.221.208/update/account/billing,1
https://www.reuters.com/support,0
http://amazon-helpdesk-support.ga/confirm/identity/verify,1
http://helpdesk.amazon-secure.ga/webscr?cmd=_login-submit,1
https://medium.com/dashboard,0
http://bit.ly/6rhd5e9,1
http://google.com/,0
http://bank-confirm-login-7371.xyz/confirm/identity/verify,1
http://amazon-account-verify.click/webscr?cmd=_login-submit,1
http://bit.ly/at0a573,1
https://github.com/news,0
https://github.com/privacy,0
https://m.amazon.com/services,0
https://m.dropbox.com/products,0
https://m.apple.com/contact,0
http://microsoft.com@evil-phish.cf/account/suspended?redirect=http://evil.com,1
https://www.spotify.com/search?q=python,0
http://account-chase-verify.info/secure/billing/confirm,1
http://login-bank-secure.link/update/account/billing,1
http://microsoft-login-secure-secure-account-3301.info/login/verify?cmd=account&update=1,1
http://validation.paypal-secure.click/signin/password/reset,1
http://185.97.104.6/account/suspended?redirect=http://evil.com,1
http://bank-confirm-verify-login-update-1434.tk/download/install/setup.exe,1
https://paypal.com/,0
http://chase-login-billing-secure-2311.top/login/verify?cmd=account&update=1,1
https://nytimes.com/pricing,0
http://goo.gl/xyakjeg,1
http://185.99.17.164/signin/password/reset,1
https://www.adobe.com/user/profile,0
https://m.stackoverflow.com/services,0
http://secure-apple-login.tk/login/verify?cmd=account&update=1,1
https://m.reddit.com/settings,0
https://microsoft.com/contact,0
https://reddit.com/dashboard,0
http://helpdesk.amazon-secure.info/signin/password/reset,1
https://dropbox.com/user/profile,0
http://facebook.com@evil-phish.xyz/signin/password/reset,1
https://youtube.com/terms,0
https://amazon.com/blog,0
http://secure-paypal-login.ga/webscr?cmd=_login-submit,1
http://banking.microsoft-secure.ga/secure/billing/confirm,1
http://account.apple-secure.ml/account/suspended?redirect=http://evil.com,1
https://www.bing.com/settings,0
https://spotify.com/support,0
http://172.27.39.121/account/suspended?redirect=http://evil.com,1
https://bbc.com/,0
http://netflix-secure-verify-login-7719.ga/webscr?cmd=_login-submit,1
https://microsoft.com/settings,0
http://amazon-account-verify.ga/webscr?cmd=_login-submit,1
http://194.158.135.226/signin/password/reset,1
https://www.dropbox.com/dashboard,0
https://youtube.com/support,0
http://nytimes.com@evil-phish.info/update/account/billing,1
http://reddit.com/help,0
http://confirm.microsoft-secure.link/confirm/identity/verify,1
http://validation.paypal-secure.xyz/download/install/setup.exe,1
http://apple-billing-account-update-8084.ga/signin/password/reset,1
https://nytimes.com/about,0
https://paypal.com/services,0
http://medium.com@evil-phish.info/download/install/setup.exe,1
http://amazon-account-verify.ga/webscr?cmd=_login-submit,1
https://www.netflix.com/,0
https://spotify.com/products,0
http://helpdesk.bank-secure.xyz/update/account/billing,1
http://is.gd/ghxirj6,1
https://m.reuters.com/pricing,0
https://www.yahoo.com/settings,0
https://m.linkedin.com/services,0
https://www.google.com/search?q=python,0
https://linkedin.com/privacy,0
https://adobe.com/blog,0
https://www.twitter.com/products,0
http://linkedin.com@evil-phish.link/update/account/billing,1
https://m.amazon.com/help,0
https://www.shopify.com/pricing,0
http://apple-account-billing-billing-4494.link/signin/password/reset,1
http://service.microsoft-secure.gq/webscr?cmd=_login-submit,1
https://apple.com/about,0
https://wikipedia.org/terms,0
http://tinyurl.com/4unffqi,1
http://ebay-secure-billing-9385.ga/download/install/setup.exe,1
https://youtube.com/news,0
https://bing.com/pricing,0
http://amazon.com/dashboard,0
http://login-ebay-secure.click/confirm/identity/verify,1
http://192.168.238.194/update/account/billing,1
http://wikipedia.org@evil-phish.tk/account/suspended?redirect=http://evil.com,1
http://wikipedia.org@evil-phish.cf/secure/billing/confirm,1
http://youtube.com@evil-phish.gq/webscr?cmd=_login-submit,1
http://tinyurl.com/wk3otzz,1
https://dropbox.com/contact,0
http://bank-billing-update.link/signin/password/reset,1
http://adobe.com@evil-phish.xyz/account/suspended?redirect=http://evil.com,1
http://tinyurl.com/p4kyz6s,1
https://linkedin.com/about,0
http://10.108.170.144/secure/billing/confirm,1
https://www.facebook.com/dashboard,0
https://www.dropbox.com/search?q=python,0
https://www.linkedin.com/pricing,0
https://m.stackoverflow.com/services,0
https://www.github.com/about,0
https://reuters.com/blog,0
https://www.reuters.com/help,0
http://salesforce.com@evil-phish.xyz/update/account/billing,1
https://nytimes.com/dashboard,0
http://goo.gl/wbj9cpv,1
https://cnn.com/,0
http://185.116.153.4/update/account/billing,1
http://45.189.21.18/login/verify?cmd=account&update=1,1
http://m.bbc.com/services,0
http://netflix-update-verify-update-8838.xyz/webscr?cmd=_login-submit,1
https://ebay.com/news,0
https://bing.com/products,0
http://amazon-account-verify.ga/update/account/billing,1
https://m.bbc.com/contact,0
https://www.google.com/search?q=python,0
http://netflix-secure-confirm-confirm-8090.link/confirm/identity/verify,1
http://netflix.com@evil-phish.info/confirm/identity/verify,1
https://nytimes.com/search?q=python,0
https://facebook.com/pricing,0
https://twitter.com/support,0
http://medium.com@evil-phish.ga/update/account/billing,1
http://support.amazon-secure.link/signin/password/reset,1
http://linkedin.com@evil-phish.top/update/account/billing,1
http://chase.com.info/signin/password/reset,1
http://netflix-login-verify-2130.top/update/account/billing,1
https://nytimes.com/,0
http://verify.ebay-secure.tk/secure/billing/confirm,1
http://10.234.252.124/account/suspended?redirect=http://evil.com,1
http://update.bank-secure.xyz/download/install/setup.exe,1
https://amazon.com/,0
http://paypal-secure-login.cf/signin/password/reset,1
http://is.gd/kfo7iqx,1
https://reuters.com/blog,0
http://10.45.93.44/update/account/billing,1
https://bbc.com/search?q=python,0
http://185.121.74.163/update/account/billing,1
https://m.nytimes.com/dashboard,0
https://m.microsoft.com/help,0
https://instagram.com/user/profile,0
http://netflix-confirm-verify-billing-secure-3842.link/login/verify?cmd=account&update=1,1
http://www.yahoo.com/terms,0
https://shopify.com/,0
https://www.cnn.com/,0
http://secure-ebay-login.click/download/install/setup.exe,1
https://google.com/services,0
https://bing.com/about,0
http://update.amazon-secure.top/account/suspended?redirect=http://evil.com,1
http://mail.paypal-secure.info/download/install/setup.exe,1
http://paypal-helpdesk-support.tk/confirm/identity/verify,1
https://stackoverflow.com/pricing,0
https://m.reuters.com/about,0
http://apple-update-secure-account-7842.click/login/verify?cmd=account&update=1,1
http://45.100.97.9/webscr?cmd=_login-submit,1
http://secure.microsoft-secure.ga/signin/password/reset,1
http://goo.gl/gxcynla,1
http://paypal-verify-verify-update-4396.click/login/verify?cmd=account&update=1,1
https://m.netflix.com/blog,0
http://apple.com@evil-phish.tk/confirm/identity/verify,1
http://etsy.com/dashboard,0
http://chase-update-billing-7237.link/update/account/billing,1
http://apple-login-update-8671.click/confirm/identity/verify,1
http://goo.gl/ws0azt8,1
http://facebook.com@evil-phish.gq/login/verify?cmd=account&update=1,1
https://www.nytimes.com/services,0
http://45.97.122.152/account/suspended?redirect=http://evil.com,1
http://netflix-confirm-update-update-verify-2034.click/account/suspended?redirect=http://evil.com,1
http://bit.ly/nisosz0,1
http://etsy.com@evil-phish.xyz/confirm/identity/verify,1
https://m.microsoft.com/privacy,0
https://www.wordpress.com/pricing,0
http://chase-update-account-billing-8587.cf/signin/password/reset,1
https://nytimes.com/news,0
https://reuters.com/blog,0
https://dropbox.com/services,0
http://bit.ly/eoezoag,1
http://m.wikipedia.org/blog,0
http://is.gd/gsem2fi,1
http://172.146.59.36/update/account/billing,1
https://www.google.com/support,0
https://reddit.com/services,0
http://tinyurl.com/zngvxxy,1
https://www.twitter.com/services,0
http://bank-update-account-confirm-account-9835.link/login/verify?cmd=account&update=1,1
http://bank-billing-secure-confirm-confirm-5401.ml/confirm/identity/verify,1
http://linkedin.com@evil-phish.gq/confirm/identity/verify,1
https://dropbox.com/dashboard,0
https://www.shopify.com/terms,0
http://goo.gl/zd0lq1m,1
http://amazon.com/products,0
https://wikipedia.org/services,0
https://m.google.com/products,0
https://wikipedia.org/services,0
https://dropbox.com/user/profile,0
https://cnn.com/help,0
https://www.instagram.com/,0
https://apple.com/search?q=python,0
http://netflix-confirm-confirm-6228.top/signin/password/reset,1
https://www.spotify.com/blog,0
http://10.28.168.120/confirm/identity/verify,1
http://bank-verify-login-confirm-4934.top/download/install/setup.exe,1
http://google.com@evil-phish.cf/download/install/setup.exe,1
https://www.google.com/blog,0
https://cnn.com/support,0
http://nytimes.com@evil-phish.ga/download/install/setup.exe,1
http://apple-account-billing-3258.link/confirm/identity/verify,1
http://login.paypal-secure.tk/account/suspended?redirect=http://evil.com,1
http://194.44.108.27/confirm/identity/verify,1
https://m.paypal.com/,0
http://ow.ly/fo8qg87,1
http://chase-helpdesk-support.gq/login/verify?cmd=account&update=1,1
https://m.stackoverflow.com/user/profile,0
https://m.amazon.com/services,0
https://linkedin.com/products,0
https://m.microsoft.com/terms,0
https://medium.com/privacy,0
http://facebook.com@evil-phish.cf/account/suspended?redirect=http://evil.com,1
https://adobe.com/,0
http://apple-login-account-update-confirm-4434.tk/account/suspended?redirect=http://evil.com,1
https://nytimes.com/privacy,0
http://chase-verify-secure-confirm-1675.ga/account/suspended?redirect=http://evil.com,1
http://is.gd/r2gwlj6,1
http://m.reddit.com/help,0
https://www.salesforce.com/contact,0
http://microsoft-login-login-secure-9607.link/account/suspended?redirect=http://evil.com,1
http://secure-paypal-login.top/secure/billing/confirm,1
https://etsy.com/products,0
https://reuters.com/dashboard,0
https://shopify.com/privacy,0
https://ebay.com/settings,0
https://shopify.com/,0
https://m.stackoverflow.com/dashboard,0
http://m.dropbox.com/terms,0
http://helpdesk.microsoft-secure.gq/login/verify?cmd=account&update=1,1
http://paypal.com.top/account/suspended?redirect=http://evil.com,1
http://reddit.com@evil-phish.ga/download/install/setup.exe,1
https://spotify.com/settings,0
https://reuters.com/about,0
https://adobe.com/help,0
https://www.microsoft.com/settings,0
http://172.19.248.95/account/suspended?redirect=http://evil.com,1
http://netflix.com@evil-phish.xyz/signin/password/reset,1
https://www.adobe.com/search?q=python,0
http://m.twitter.com/contact,0
http://reddit.com@evil-phish.link/webscr?cmd=_login-submit,1
http://wikipedia.org@evil-phish.xyz/update/account/billing,1
http://is.gd/6s27380,1
https://www.wordpress.com/terms,0
http://bank-account-update-billing-2322.click/webscr?cmd=_login-submit,1
https://m.apple.com/,0
https://linkedin.com/contact,0
http://facebook.com@evil-phish.gq/download/install/setup.exe,1
http://microsoft.com@evil-phish.xyz/signin/password/reset,1
https://m.bbc.com/about,0
http://microsoft-login-login-login-5112.cf/webscr?cmd=_login-submit,1
https://m.twitter.com/settings,0
https://bbc.com/terms,0
https://facebook.com/dashboard,0
https://m.adobe.com/help,0
http://stackoverflow.com@evil-phish.link/account/suspended?redirect=http://evil.com,1
https://ebay.com/blog,0
https://nytimes.com/support,0
http://m.linkedin.com/privacy,0
http://www.nytimes.com/pricing,0
https://m.stackoverflow.com/support,0
http://helpdesk.paypal-secure.click/confirm/identity/verify,1
https://apple.com/privacy,0
https://wordpress.com/contact,0
https://www.youtube.com/about,0
http://10.137.28.82/confirm/identity/verify,1
http://172.102.201.51/webscr?cmd=_login-submit,1
http://amazon-account-verify.tk/update/account/billing,1
https://www.facebook.com/,0
http://is.gd/j4f2xz0,1
http://secure.bank-secure.ml/download/install/setup.exe,1
http://medium.com@evil-phish.cf/account/suspended?redirect=http://evil.com,1
http://validation.netflix-secure.top/update/account/billing,1
https://facebook.com/contact,0
http://chase-confirm-billing-login-account-8731.gq/account/suspended?redirect=http://evil.com,1
http://microsoft-confirm-account-verify-9231.gq/webscr?cmd=_login-submit,1
http://google.com@evil-phish.gq/update/account/billing,1
http://login-chase-secure.top/login/verify?cmd=account&update=1,1
http://goo.gl/mlgmxzz,1
http://goo.gl/xd06jgy,1
http://172.10.206.199/signin/password/reset,1
https://yahoo.com/settings,0
http://www.dropbox.com/services,0
https://spotify.com/products,0
https://twitter.com/terms,0
http://bank-secure-verify-login-8885.click/download/install/setup.exe,1
https://paypal.com/products,0
https://www.google.com/contact,0
http://account-netflix-verify.ga/confirm/identity/verify,1
http://m.paypal.com/services,0
http://bit.ly/3tlo1i7,1
https://etsy.com/support,0
http://netflix-billing-update.cf/webscr?cmd=_login-submit,1
http://www.etsy.com/pricing,0
https://facebook.com/products,0
https://www.nytimes.com/settings,0
https://adobe.com/terms,0
http://netflix-login-verify-secure-2310.xyz/webscr?cmd=_login-submit,1
http://apple-verify-login-billing-billing-5252.xyz/account/suspended?redirect=http://evil.com,1
https://www.linkedin.com/dashboard,0
http://bank-confirm-update-2119.info/webscr?cmd=_login-submit,1
http://apple-billing-login-5132.info/signin/password/reset,1
http://goo.gl/l7r81b5,1
http://nytimes.com@evil-phish.click/update/account/billing,1
https://m.nytimes.com/pricing,0
http://amazon-billing-login-billing-4747.ga/login/verify?cmd=account&update=1,1
https://stackoverflow.com/products,0
http://ebay-secure-login-1771.tk/webscr?cmd=_login-submit,1
http://185.220.125.226/login/verify?cmd=account&update=1,1
https://bbc.com/news,0
https://facebook.com/products,0
https://m.ebay.com/help,0
http://validation.microsoft-secure.gq/update/account/billing,1
https://m.bbc.com/products,0
http://amazon-account-verify.link/confirm/identity/verify,1
http://dropbox.com@evil-phish.gq/account/suspended?redirect=http://evil.com,1
https://linkedin.com/products,0
https://facebook.com/products,0
http://45.3.49.31/download/install/setup.exe,1
http://mail.amazon-secure.gq/confirm/identity/verify,1
https://reddit.com/pricing,0
http://paypal-secure-login.gq/webscr?cmd=_login-submit,1
http://192.168.17.123/signin/password/reset,1
http://bit.ly/u943fwj,1
https://m.adobe.com/contact,0
https://www.medium.com/terms,0
https://linkedin.com/help,0
https://twitter.com/user/profile,0
https://reuters.com/about,0
https://www.linkedin.com/search?q=python,0
https://www.reuters.com/products,0
http://login-bank-secure.tk/signin/password/reset,1
https://paypal.com/settings,0
http://amazon.com/help,0
http://is.gd/01yqt06,1
https://salesforce.com/support,0
http://paypal-update-billing-secure-6263.click/confirm/identity/verify,1
https://stackoverflow.com/news,0
http://account.bank-secure.top/account/suspended?redirect=http://evil.com,1
https://etsy.com/dashboard,0
https://m.adobe.com/terms,0
https://m.google.com/products,0
http://login-apple-secure.info/account/suspended?redirect=http://evil.com,1
http://stackoverflow.com@evil-phish.cf/update/account/billing,1
https://bing.com/settings,0
http://paypal-billing-update.link/webscr?cmd=_login-submit,1
https://m.instagram.com/dashboard,0
https://etsy.com/privacy,0
http://bank-login-account-8303.ga/update/account/billing,1
http://ebay-secure-confirm-confirm-verify-1327.link/webscr?cmd=_login-submit,1
https://shopify.com/dashboard,0
https://m.etsy.com/services,0
https://m.google.com/products,0
http://login-microsoft-secure.top/confirm/identity/verify,1
https://facebook.com/pricing,0
https://m.cnn.com/search?q=python,0
https://etsy.com/settings,0
https://www.cnn.com/help,0
https://m.spotify.com/pricing,0
http://m.spotify.com/news,0
http://verify.paypal-secure.info/update/account/billing,1
http://confirm.ebay-secure.ml/signin/password/reset,1
https://github.com/news,0
http://reddit.com/search?q=python,0
https://salesforce.com/about,0
http://is.gd/vwtkcnl,1
http://ebay.com/about,0
https://google.com/user/profile,0
https://github.com/settings,0
https://wikipedia.org/blog,0
https://netflix.com/products,0
http://apple-billing-update.info/update/account/billing,1
https://google.com/products,0
http://facebook.com@evil-phish.tk/signin/password/reset,1
https://m.youtube.com/news,0
http://instagram.com@evil-phish.top/signin/password/reset,1
http://172.24.247.101/webscr?cmd=_login-submit,1
https://paypal.com/help,0
https://www.twitter.com/products,0
https://m.reuters.com/blog,0
https://adobe.com/help,0
http://192.168.34.168/download/install/setup.exe,1
http://login.ebay-secure.cf/update/account/billing,1
https://www.wikipedia.org/services,0
https://netflix.com/about,0
https://reddit.com/help,0
https://adobe.com/about,0
http://paypal-confirm-update-verify-verify-1810.xyz/login/verify?cmd=account&update=1,1
http://banking.chase-secure.cf/signin/password/reset,1
https://www.cnn.com/,0
http://paypal-verify-verify-1072.link/account/suspended?redirect=http://evil.com,1
http://goo.gl/xhk7w2v,1
http://reuters.com@evil-phish.top/signin/password/reset,1
http://secure-paypal-login.top/webscr?cmd=_login-submit,1
http://microsoft-billing-update.cf/signin/password/reset,1
https://www.medium.com/privacy,0
https://shopify.com/news,0
http://wordpress.com@evil-phish.tk/secure/billing/confirm,1
http://172.2.241.35/account/suspended?redirect=http://evil.com,1
https://youtube.com/settings,0
http://service.apple-secure.ga/webscr?cmd=_login-submit,1
https://microsoft.com/blog,0
https://reuters.com/help,0
http://account-apple-verify.click/secure/billing/confirm,1
http://adobe.com@evil-phish.gq/signin/password/reset,1
http://apple-billing-billing-2479.click/update/account/billing,1
https://twitter.com/,0
http://chase-confirm-update-7985.cf/account/suspended?redirect=http://evil.com,1
http://chase-billing-login-secure-5456.ga/confirm/identity/verify,1
https://wikipedia.org/blog,0
http://goo.gl/8swxqwl,1
https://microsoft.com/contact,0
http://paypal.com/dashboard,0
http://chase.com.info/confirm/identity/verify,1
http://tinyurl.com/tjbldwv,1
https://m.netflix.com/search?q=python,0
http://login-chase-secure.info/secure/billing/confirm,1
http://bing.com@evil-phish.xyz/update/account/billing,1
https://www.reuters.com/user/profile,0
https://medium.com/terms,0
https://m.etsy.com/services,0
http://login-bank-secure.ga/download/install/setup.exe,1
https://amazon.com/pricing,0
http://is.gd/o1eg0xw,1
http://192.168.80.17/webscr?cmd=_login-submit,1
https://m.wordpress.com/dashboard,0
http://bank-verify-billing-4805.gq/webscr?cmd=_login-submit,1
https://netflix.com/help,0
https://medium.com/news,0
https://www.reddit.com/about,0
https://m.linkedin.com/help,0
http://cnn.com@evil-phish.xyz/account/suspended?redirect=http://evil.com,1
http://www.stackoverflow.com/services,0
https://dropbox.com/settings,0
http://verify.netflix-secure.click/account/suspended?redirect=http://evil.com,1
https://wikipedia.org/products,0
http://mail.amazon-secure.xyz/update/account/billing,1
http://m.bing.com/support,0
https://reddit.com/search?q=python,0
https://m.google.com/settings,0
http://is.gd/ptwefkf,1
http://adobe.com@evil-phish.tk/webscr?cmd=_login-submit,1
http://account-chase-verify.ga/secure/billing/confirm,1
http://172.252.232.124/signin/password/reset,1
http://chase-account-secure-confirm-update-9981.xyz/secure/billing/confirm,1
http://bank-verify-login-1704.info/download/install/setup.exe,1
https://netflix.com/products,0
https://stackoverflow.com/services,0
https://m.medium.com/,0
http://paypal-billing-confirm-secure-confirm-1533.cf/secure/billing/confirm,1
https://linkedin.com/help,0
http://yahoo.com@evil-phish.tk/confirm/identity/verify,1
https://www.cnn.com/pricing,0
http://192.168.57.68/secure/billing/confirm,1
http://adobe.com@evil-phish.xyz/confirm/identity/verify,1
https://m.adobe.com/user/profile,0
http://dropbox.com/user/profile,0
https://m.wikipedia.org/products,0
https://netflix.com/,0
http://www.reuters.com/support,0
https://linkedin.com/help,0
http://account-paypal-verify.top/confirm/identity/verify,1
https://spotify.com/contact,0
https://www.microsoft.com/terms,0
http://is.gd/k922lnl,1
http://login.apple-secure.ga/download/install/setup.exe,1
http://service.amazon-secure.tk/webscr?cmd=_login-submit,1
https://etsy.com/support,0
https://m.yahoo.com/,0
http://login.amazon-secure.tk/webscr?cmd=_login-submit,1
https://www.twitter.com/user/profile,0
http://cnn.com@evil-phish.link/secure/billing/confirm,1
https://twitter.com/search?q=python,0
https://m.netflix.com/products,0
http://192.168.49.34/download/install/setup.exe,1
http://netflix-billing-update-verify-confirm-7633.info/login/verify?cmd=account&update=1,1
http://validation.chase-secure.ml/update/account/billing,1
http://wikipedia.org@evil-phish.tk/update/account/billing,1
https://yahoo.com/settings,0
https://m.google.com/,0
http://tinyurl.com/smstrvb,1
https://salesforce.com/settings,0
https://amazon.com/news,0
http://45.170.80.99/update/account/billing,1
http://secure.microsoft-secure.ga/confirm/identity/verify,1
http://account-microsoft-verify.tk/download/install/setup.exe,1
https://m.shopify.com/user/profile,0
https://medium.com/search?q=python,0
https://www.github.com/terms,0
http://verify.apple-secure.link/secure/billing/confirm,1
http://secure-amazon-login.ml/update/account/billing,1
https://www.apple.com/blog,0
https://paypal.com/settings,0
http://bit.ly/qf3adtp,1
https://wordpress.com/support,0
http://confirm.paypal-secure.cf/update/account/billing,1
https://reddit.com/user/profile,0
http://ow.ly/om3oqce,1
http://apple.com@evil-phish.xyz/confirm/identity/verify,1
http://login-amazon-secure.click/confirm/identity/verify,1
http://paypal-helpdesk-support.top/update/account/billing,1
http://paypal-secure-login.ga/update/account/billing,1
http://apple-secure-billing-account-5301.cf/confirm/identity/verify,1
http://185.33.237.194/login/verify?cmd=account&update=1,1
https://twitter.com/settings,0
https://salesforce.com/settings,0
https://m.spotify.com/terms,0
https://shopify.com/user/profile,0
https://www.cnn.com/settings,0
https://www.google.com/pricing,0
http://chase-login-billing-verify-login-5735.xyz/login/verify?cmd=account&update=1,1
https://reuters.com/dashboard,0
http://tinyurl.com/6rqh7o0,1
http://www.bbc.com/support,0
https://www.amazon.com/,0
https://nytimes.com/privacy,0
https://bbc.com/products,0
https://microsoft.com/products,0
https://apple.com/help,0
http://netflix-verify-update-update-9411.click/secure/billing/confirm,1
http://bing.com@evil-phish.info/login/verify?cmd=account&update=1,1
http://account-apple-verify.tk/download/install/setup.exe,1
http://microsoft-billing-secure-secure-secure-8664.cf/login/verify?cmd=account&update=1,1
http://support.netflix-secure.ga/secure/billing/confirm,1
https://reddit.com/contact,0
http://netflix-account-secure-verify-login-3291.ml/confirm/identity/verify,1
https://linkedin.com/blog,0
https://wikipedia.org/contact,0
http://goo.gl/ju1ucvm,1
http://bbc.com@evil-phish.tk/webscr?cmd=_login-submit,1
http://account.chase-secure.cf/signin/password/reset,1
https://twitter.com/help,0
https://wordpress.com/terms,0
http://validation.apple-secure.ml/update/account/billing,1
http://bit.ly/6i3ab62,1
http://apple-verify-secure-billing-8121.cf/account/suspended?redirect=http://evil.com,1
https://reddit.com/user/profile,0
http://netflix.com.link/secure/billing/confirm,1
https://amazon.com/dashboard,0
http://microsoft.com@evil-phish.tk/download/install/setup.exe,1
http://goo.gl/a1viq63,1
http://microsoft-update-verify-confirm-7102.click/confirm/identity/verify,1
http://bbc.com@evil-phish.link/download/install/setup.exe,1
https://nytimes.com/help,0
https://cnn.com/search?q=python,0
http://shopify.com@evil-phish.tk/signin/password/reset,1
https://m.paypal.com/blog,0
https://stackoverflow.com/dashboard,0
http://172.121.249.175/webscr?cmd=_login-submit,1
https://www.reddit.com/services,0
http://10.18.25.106/confirm/identity/verify,1
https://bbc.com/dashboard,0
https://m.cnn.com/news,0
http://instagram.com/pricing,0
https://wordpress.com/services,0
https://salesforce.com/terms,0
http://chase-update-update-2204.click/signin/password/reset,1
https://www.adobe.com/news,0
https://amazon.com/help,0
http://account-paypal-verify.ml/download/install/setup.exe,1
https://wikipedia.org/search?q=python,0
http://paypal.com.info/download/install/setup.exe,1
https://instagram.com/blog,0
http://service.ebay-secure.tk/confirm/identity/verify,1
http://apple-billing-account-verify-verify-7412.info/webscr?cmd=_login-submit,1
http://secure.chase-secure.gq/webscr?cmd=_login-submit,1
http://validation.apple-secure.gq/login/verify?cmd=account&update=1,1
https://netflix.com/,0
http://is.gd/c6w5b2d,1
http://is.gd/037odn6,1
http://paypal-secure-login-billing-4273.top/download/install/setup.exe,1
https://dropbox.com/blog,0
http://172.186.18.173/update/account/billing,1
http://paypal-secure-login.cf/webscr?cmd=_login-submit,1
https://apple.com/support,0
http://chase-update-confirm-secure-update-4776.tk/secure/billing/confirm,1
https://nytimes.com/terms,0
https://reddit.com/blog,0
https://reddit.com/pricing,0
http://paypal-secure-billing-verify-account-8843.tk/download/install/setup.exe,1
https://m.facebook.com/dashboard,0
https://reuters.com/settings,0
http://192.168.116.104/account/suspended?redirect=http://evil.com,1
http://172.105.161.36/update/account/billing,1
http://is.gd/ztt8kz3,1
http://172.153.38.201/login/verify?cmd=account&update=1,1
https://dropbox.com/terms,0
http://login-netflix-secure.tk/signin/password/reset,1
https://m.paypal.com/pricing,0
http://45.52.122.225/webscr?cmd=_login-submit,1
https://netflix.com/search?q=python,0
https://bing.com/products,0
http://paypal-verify-verify-secure-billing-1985.top/login/verify?cmd=account&update=1,1
http://185.21.72.237/webscr?cmd=_login-submit,1
http://service.ebay-secure.link/login/verify?cmd=account&update=1,1
http://ow.ly/soj9uhg,1
http://service.amazon-secure.ml/confirm/identity/verify,1
http://stackoverflow.com@evil-phish.info/login/verify?cmd=account&update=1,1
https://twitter.com/blog,0
http://microsoft-confirm-confirm-login-verify-6372.top/download/install/setup.exe,1
https://m.stackoverflow.com/terms,0
https://nytimes.com/services,0
https://m.spotify.com/contact,0
https://m.instagram.com/pricing,0
http://www.cnn.com/help,0
https://google.com/news,0
http://etsy.com@evil-phish.info/update/account/billing,1
http://www.bbc.com/help,0
http://update.paypal-secure.tk/login/verify?cmd=account&update=1,1
https://www.twitter.com/about,0
http://helpdesk.netflix-secure.link/login/verify?cmd=account&update=1,1
https://amazon.com/dashboard,0
https://www.youtube.com/dashboard,0
http://apple-secure-account-verify-login-8215.click/account/suspended?redirect=http://evil.com,1
https://cnn.com/search?q=python,0
http://chase-update-billing-verify-update-1614.tk/download/install/setup.exe,1
https://m.bing.com/about,0
https://linkedin.com/support,0
http://ebay-helpdesk-support.link/signin/password/reset,1
http://secure-apple-login.ml/confirm/identity/verify,1
https://paypal.com/support,0
https://m.reddit.com/about,0
https://facebook.com/user/profile,0
https://paypal.com/user/profile,0
https://www.wordpress.com/pricing,0
http://reuters.com/pricing,0
https://netflix.com/settings,0
http://microsoft-billing-login-8159.ml/webscr?cmd=_login-submit,1
https://spotify.com/support,0
https://ebay.com/terms,0
http://45.83.191.215/webscr?cmd=_login-submit,1
https://m.nytimes.com/user/profile,0
http://paypal-confirm-login-7010.top/download/install/setup.exe,1
https://m.facebook.com/services,0
http://paypal-secure-login.top/webscr?cmd=_login-submit,1
http://nytimes.com@evil-phish.ga/secure/billing/confirm,1
http://goo.gl/tpmo841,1
http://validation.amazon-secure.gq/confirm/identity/verify,1
http://validation.amazon-secure.gq/download/install/setup.exe,1
https://bbc.com/about,0
https://paypal.com/services,0
http://185.144.128.63/login/verify?cmd=account&update=1,1
http://ow.ly/i3qijtw,1
http://linkedin.com@evil-phish.cf/confirm/identity/verify,1
http://goo.gl/shfca6r,1
http://chase-billing-update-confirm-4551.ml/webscr?cmd=_login-submit,1
http://192.168.28.236/secure/billing/confirm,1
http://nytimes.com@evil-phish.gq/secure/billing/confirm,1
http://account-netflix-verify.click/signin/password/reset,1
http://172.170.240.52/login/verify?cmd=account&update=1,1
https://instagram.com/support,0
http://support.netflix-secure.link/webscr?cmd=_login-submit,1
http://apple-login-confirm-secure-billing-3710.cf/update/account/billing,1
http://bank-helpdesk-support.ml/confirm/identity/verify,1
http://netflix-update-confirm-5130.ml/login/verify?cmd=account&update=1,1
http://10.244.253.29/confirm/identity/verify,1
http://microsoft-account-verify-billing-2872.gq/download/install/setup.exe,1
http://mail.amazon-secure.ml/webscr?cmd=_login-submit,1
https://youtube.com/services,0
https://reddit.com/blog,0
https://facebook.com/pricing,0
http://dropbox.com/,0
https://github.com/blog,0
http://banking.bank-secure.cf/signin/password/reset,1
http://194.206.125.73/secure/billing/confirm,1
http://helpdesk.bank-secure.link/webscr?cmd=_login-submit,1
http://helpdesk.netflix-secure.gq/update/account/billing,1
https://www.stackoverflow.com/support,0
https://www.ebay.com/terms,0
http://tinyurl.com/y3z4xut,1
https://medium.com/dashboard,0
https://bbc.com/pricing,0
http://secure-amazon-login.cf/login/verify?cmd=account&update=1,1
http://apple-helpdesk-support.ml/webscr?cmd=_login-submit,1
http://ebay-login-secure-account-login-7958.info/secure/billing/confirm,1
https://m.spotify.com/terms,0
http://m.salesforce.com/contact,0
http://paypal-secure-login.gq/signin/password/reset,1
http://service.bank-secure.link/update/account/billing,1
http://goo.gl/1o6ww8e,1
http://194.159.92.44/login/verify?cmd=account&update=1,1
http://is.gd/6v8co2j,1
https://m.dropbox.com/help,0
https://google.com/products,0
http://45.56.107.25/login/verify?cmd=account&update=1,1
https://stackoverflow.com/services,0
http://194.228.170.179/confirm/identity/verify,1
http://service.ebay-secure.ml/download/install/setup.exe,1
http://twitter.com@evil-phish.cf/download/install/setup.exe,1
http://172.5.114.98/account/suspended?redirect=http://evil.com,1
https://yahoo.com/products,0
http://tinyurl.com/qhcg7fd,1
https://cnn.com/help,0
https://m.wikipedia.org/settings,0
http://192.168.4.11/webscr?cmd=_login-submit,1
https://reuters.com/privacy,0
http://185.163.67.34/secure/billing/confirm,1
https://paypal.com/,0
http://account.microsoft-secure.gq/confirm/identity/verify,1
https://m.paypal.com/search?q=python,0
http://netflix.com@evil-phish.xyz/webscr?cmd=_login-submit,1
https://m.adobe.com/products,0
http://10.233.193.226/download/install/setup.exe,1
http://tinyurl.com/9oat0le,1
http://10.213.248.202/webscr?cmd=_login-submit,1
https://m.facebook.com/blog,0
https://adobe.com/about,0
https://amazon.com/about,0
http://185.43.142.169/webscr?cmd=_login-submit,1
https://www.nytimes.com/contact,0
http://twitter.com/support,0
http://apple-update-billing-8273.tk/signin/password/reset,1
https://www.nytimes.com/user/profile,0
http://netflix.com@evil-phish.ml/webscr?cmd=_login-submit,1
http://10.157.2.20/webscr?cmd=_login-submit,1
http://wordpress.com@evil-phish.ml/account/suspended?redirect=http://evil.com,1
http://45.235.192.175/confirm/identity/verify,1
http://paypal-login-account-verify-confirm-1537.gq/update/account/billing,1
https://github.com/products,0
https://bing.com/privacy,0
https://m.dropbox.com/search?q=python,0
http://microsoft-billing-login-confirm-update-6137.xyz/update/account/billing,1
http://m.nytimes.com/dashboard,0
http://support.chase-secure.ml/secure/billing/confirm,1
https://google.com/,0
http://amazon.com/pricing,0
https://m.wikipedia.org/blog,0
http://validation.apple-secure.click/download/install/setup.exe,1
https://google.com/settings,0
https://m.twitter.com/pricing,0
https://linkedin.com/user/profile,0
https://m.reddit.com/services,0
https://m.bbc.com/contact,0
https://apple.com/contact,0
http://support.bank-secure.ga/account/suspended?redirect=http://evil.com,1
https://stackoverflow.com/privacy,0
http://microsoft-update-login-8034.ga/account/suspended?redirect=http://evil.com,1
http://salesforce.com/search?q=python,0
https://www.netflix.com/blog,0
https://dropbox.com/services,0
http://bit.ly/40vrssd,1
https://youtube.com/search?q=python,0
https://google.com/help,0
https://twitter.com/search?q=python,0
http://tinyurl.com/mpgx44q,1
https://m.shopify.com/pricing,0
http://spotify.com@evil-phish.tk/download/install/setup.exe,1
http://microsoft.com@evil-phish.tk/webscr?cmd=_login-submit,1
http://ow.ly/r4zlxb7,1
https://m.bing.com/services,0
http://helpdesk.apple-secure.tk/login/verify?cmd=account&update=1,1
http://apple-billing-secure-billing-verify-1527.tk/login/verify?cmd=account&update=1,1
http://confirm.netflix-secure.ml/confirm/identity/verify,1
https://m.paypal.com/blog,0
http://ebay-update-secure-billing-9874.xyz/signin/password/reset,1
https://m.reuters.com/products,0
https://www.bbc.com/blog,0
http://validation.ebay-secure.ml/login/verify?cmd=account&update=1,1
https://paypal.com/blog,0
http://bit.ly/1ikjnc8,1
http://tinyurl.com/01dvvh6,1
http://account.ebay-secure.top/login/verify?cmd=account&update=1,1
http://account-ebay-verify.top/confirm/identity/verify,1
http://amazon-account-verify.gq/webscr?cmd=_login-submit,1
http://netflix-login-verify-4460.tk/update/account/billing,1
https://www.reddit.com/help,0
https://www.linkedin.com/blog,0
https://www.ebay.com/help,0
https://www.facebook.com/,0
https://m.salesforce.com/support,0
https://yahoo.com/news,0
https://m.spotify.com/pricing,0
http://bing.com/user/profile,0
http://amazon-account-verify.info/account/suspended?redirect=http://evil.com,1
https://etsy.com/about,0
http://ow.ly/hgi2g21,1
https://bing.com/terms,0
https://netflix.com/user/profile,0
http://is.gd/0oc7vuw,1
http://banking.paypal-secure.ml/update/account/billing,1
https://m.ebay.com/dashboard,0
http://instagram.com@evil-phish.ml/signin/password/reset,1
https://spotify.com/contact,0
http://ebay.com@evil-phish.cf/webscr?cmd=_login-submit,1
http://is.gd/rnrnuyh,1
http://helpdesk.ebay-secure.ga/webscr?cmd=_login-submit,1
http://ow.ly/qj3izbt,1
https://m.linkedin.com/support,0
http://m.nytimes.com/blog,0
https://m.netflix.com/about,0
https://twitter.com/dashboard,0
https://m.youtube.com/blog,0
https://salesforce.com/settings,0
https://reuters.com/dashboard,0
http://update.apple-secure.link/signin/password/reset,1
http://netflix-billing-verify-billing-account-7656.link/update/account/billing,1
http://service.microsoft-secure.link/confirm/identity/verify,1
http://goo.gl/hdowm2h,1
http://mail.microsoft-secure.ml/webscr?cmd=_login-submit,1
http://paypal-secure-login-4425.link/webscr?cmd=_login-submit,1
http://validation.amazon-secure.cf/webscr?cmd=_login-submit,1
http://is.gd/rmao5xx,1
http://mail.paypal-secure.cf/account/suspended?redirect=http://evil.com,1
https://medium.com/news,0
http://bit.ly/x0of7sw,1
https://wikipedia.org/contact,0
http://apple-update-login-login-login-4543.gq/secure/billing/confirm,1
http://service.paypal-secure.ga/login/verify?cmd=account&update=1,1
http://is.gd/xyr24qh,1
http://45.164.170.6/update/account/billing,1
http://secure-ebay-login.link/secure/billing/confirm,1
https://www.google.com/search?q=python,0
http://account.apple-secure.gq/webscr?cmd=_login-submit,1
https://salesforce.com/services,0
https://bing.com/blog,0
https://m.etsy.com/search?q=python,0
http://login-paypal-secure.tk/download/install/setup.exe,1
https://m.shopify.com/news,0
https://bing.com/search?q=python,0
http://google.com@evil-phish.link/webscr?cmd=_login-submit,1
http://update.apple-secure.ga/login/verify?cmd=account&update=1,1
http://facebook.com@evil-phish.info/confirm/identity/verify,1
http://facebook.com@evil-phish.link/confirm/identity/verify,1
https://m.reuters.com/,0
https://shopify.com/privacy,0
http://reuters.com/search?q=python,0
https://ebay.com/contact,0
https://www.medium.com/support,0
http://paypal-secure-login.top/update/account/billing,1
https://google.com/news,0
http://tinyurl.com/rgaao76,1
https://twitter.com/,0
https://m.paypal.com/support,0
http://paypal.com@evil-phish.click/signin/password/reset,1
http://is.gd/djak2jy,1
http://www.bbc.com/about,0
http://wordpress.com/support,0
http://chase-helpdesk-support.info/signin/password/reset,1
https://reuters.com/settings,0
http://secure-netflix-login.top/download/install/setup.exe,1
http://goo.gl/zdnhjyd,1
https://bing.com/pricing,0
http://update.ebay-secure.gq/signin/password/reset,1
http://goo.gl/4wvahbe,1
https://instagram.com/pricing,0
https://stackoverflow.com/blog,0
https://twitter.com/terms,0
https://salesforce.com/settings,0
http://goo.gl/1mplrpm,1
http://192.168.145.86/confirm/identity/verify,1
http://m.dropbox.com/pricing,0
http://45.223.45.108/account/suspended?redirect=http://evil.com,1
http://secure.paypal-secure.xyz/login/verify?cmd=account&update=1,1
http://cnn.com/blog,0
https://microsoft.com/news,0
https://www.shopify.com/contact,0
https://www.linkedin.com/services,0
http://service.apple-secure.top/webscr?cmd=_login-submit,1
http://bank-billing-update.cf/signin/password/reset,1
http://172.25.242.228/login/verify?cmd=account&update=1,1
http://amazon-helpdesk-support.xyz/confirm/identity/verify,1
https://www.instagram.com/,0
http://tinyurl.com/t1dz0ox,1
http://45.215.236.231/login/verify?cmd=account&update=1,1
http://secure.ebay-secure.tk/secure/billing/confirm,1
http://helpdesk.ebay-secure.gq/signin/password/reset,1
https://www.shopify.com/settings,0
http://youtube.com@evil-phish.gq/login/verify?cmd=account&update=1,1
https://adobe.com/privacy,0
https://adobe.com/settings,0
https://www.wikipedia.org/support,0
https://yahoo.com/search?q=python,0
https://shopify.com/help,0
https://bbc.com/help,0
https://salesforce.com/blog,0
http://banking.netflix-secure.click/account/suspended?redirect=http://evil.com,1
https://cnn.com/about,0
http://account-amazon-verify.cf/update/account/billing,1
http://account-apple-verify.cf/update/account/billing,1
https://paypal.com/about,0
https://reuters.com/terms,0
http://support.bank-secure.info/confirm/identity/verify,1
https://www.etsy.com/about,0
https://etsy.com/,0
http://netflix-billing-login-confirm-4937.cf/update/account/billing,1
http://194.110.129.198/update/account/billing,1
http://ow.ly/s6519ey,1
https://linkedin.com/contact,0
https://wordpress.com/news,0
https://www.twitter.com/settings,0
https://m.wikipedia.org/dashboard,0
http://reuters.com/user/profile,0
https://spotify.com/user/profile,0
https://shopify.com/support,0
http://paypal-secure-login.gq/signin/password/reset,1
https://reddit.com/services,0
https://microsoft.com/products,0
https://wikipedia.org/search?q=python,0
http://chase-login-account-account-update-6692.ga/signin/password/reset,1
http://chase-confirm-secure-update-5785.gq/account/suspended?redirect=http://evil.com,1
http://tinyurl.com/1tqzfb8,1
https://reuters.com/about,0
http://amazon-account-verify.click/webscr?cmd=_login-submit,1
http://helpdesk.microsoft-secure.click/webscr?cmd=_login-submit,1
http://ow.ly/fqng89v,1
http://netflix-login-billing-9593.gq/login/verify?cmd=account&update=1,1
https://spotify.com/services,0
https://bbc.com/blog,0
http://spotify.com@evil-phish.link/confirm/identity/verify,1
https://m.yahoo.com/terms,0
https://wordpress.com/blog,0
http://amazon-secure-update-8253.tk/account/suspended?redirect=http://evil.com,1
http://bit.ly/aq2ds3e,1
http://facebook.com@evil-phish.click/account/suspended?redirect=http://evil.com,1
https://www.wordpress.com/news,0
http://microsoft.com/terms,0
http://194.222.227.242/webscr?cmd=_login-submit,1
http://github.com/about,0
https://twitter.com/products,0
http://amazon-account-verify.top/account/suspended?redirect=http://evil.com,1
https://m.youtube.com/search?q=python,0
https://netflix.com/contact,0
https://m.bing.com/support,0
https://microsoft.com/dashboard,0
https://www.stackoverflow.com/privacy,0
http://194.93.32.54/secure/billing/confirm,1
https://yahoo.com/help,0
http://etsy.com@evil-phish.link/signin/password/reset,1
http://secure.netflix-secure.top/secure/billing/confirm,1
http://reddit.com@evil-phish.xyz/download/install/setup.exe,1
https://m.spotify.com/blog,0
https://www.etsy.com/pricing,0
http://194.116.42.121/download/install/setup.exe,1
https://www.netflix.com/blog,0
http://chase-billing-billing-secure-confirm-2440.ml/login/verify?cmd=account&update=1,1
https://m.cnn.com/privacy,0
https://m.reddit.com/contact,0
https://twitter.com/services,0
https://m.facebook.com/,0
https://etsy.com/support,0
http://login-netflix-secure.top/webscr?cmd=_login-submit,1
http://185.118.226.189/confirm/identity/verify,1
https://yahoo.com/about,0
https://m.yahoo.com/products,0
http://194.178.141.122/download/install/setup.exe,1
https://www.amazon.com/services,0
https://stackoverflow.com/services,0
https://m.linkedin.com/pricing,0
http://support.netflix-secure.gq/login/verify?cmd=account&update=1,1
https://facebook.com/support,0
https://www.github.com/services,0
https://youtube.com/support,0
http://192.168.83.58/login/verify?cmd=account&update=1,1
https://etsy.com/search?q=python,0
http://netflix-confirm-login-secure-4709.info/download/install/setup.exe,1
http://reuters.com@evil-phish.link/secure/billing/confirm,1
https://www.shopify.com/,0
http://netflix-secure-confirm-6971.ml/download/install/setup.exe,1
https://stackoverflow.com/privacy,0
http://192.168.149.32/login/verify?cmd=account&update=1,1
http://cnn.com@evil-phish.top/login/verify?cmd=account&update=1,1
https://facebook.com/pricing,0
http://192.168.114.125/signin/password/reset,1
https://m.salesforce.com/privacy,0
http://amazon.com@evil-phish.top/confirm/identity/verify,1
http://bank-billing-verify-4970.info/confirm/identity/verify,1
http://194.245.157.17/download/install/setup.exe,1
https://m.wordpress.com/products,0
http://secure-apple-login.gq/signin/password/reset,1
http://ow.ly/kq1yj94,1
https://salesforce.com/help,0
https://cnn.com/contact,0
https://shopify.com/pricing,0
https://m.youtube.com/contact,0
https://m.ebay.com/pricing,0
http://tinyurl.com/fxv7a7k,1
https://yahoo.com/user/profile,0
http://apple-login-confirm-update-confirm-3421.xyz/account/suspended?redirect=http://evil.com,1
http://goo.gl/taiecev,1
https://m.google.com/user/profile,0
http://wordpress.com/news,0
https://www.medium.com/pricing,0
http://10.134.163.2/secure/billing/confirm,1
http://45.126.56.9/login/verify?cmd=account&update=1,1
http://amazon-update-login-verify-confirm-7753.click/secure/billing/confirm,1
https://nytimes.com/terms,0
https://dropbox.com/pricing,0
http://paypal-secure-login.top/secure/billing/confirm,1
http://www.salesforce.com/about,0
https://m.ebay.com/settings,0
http://tinyurl.com/hqxuzrh,1
http://verify.amazon-secure.top/download/install/setup.exe,1
https://ebay.com/,0
https://spotify.com/dashboard,0
http://update.paypal-secure.cf/webscr?cmd=_login-submit,1
http://goo.gl/b5hsts6,1
http://banking.bank-secure.xyz/signin/password/reset,1
http://paypal-secure-login.ga/signin/password/reset,1
http://192.168.133.156/account/suspended?redirect=http://evil.com,1
https://www.youtube.com/dashboard,0
http://45.213.89.157/secure/billing/confirm,1
https://ebay.com/contact,0
http://validation.bank-secure.tk/webscr?cmd=_login-submit,1
https://apple.com/pricing,0
http://goo.gl/ib48g5x,1
https://netflix.com/about,0
http://netflix-confirm-secure-6236.ml/download/install/setup.exe,1
https://microsoft.com/products,0
http://ow.ly/ybmc06w,1
http://10.104.110.67/account/suspended?redirect=http://evil.com,1
https://www.shopify.com/settings,0
http://amazon-account-verify.info/download/install/setup.exe,1
http://amazon-account-verify.cf/login/verify?cmd=account&update=1,1
https://medium.com/help,0
https://spotify.com/products,0
https://www.etsy.com/search?q=python,0
https://m.wikipedia.org/pricing,0
http://m.linkedin.com/search?q=python,0
https://reuters.com/privacy,0
http://netflix-login-verify-4935.xyz/webscr?cmd=_login-submit,1
http://verify.chase-secure.ml/secure/billing/confirm,1
http://account.ebay-secure.info/webscr?cmd=_login-submit,1
https://www.wikipedia.org/blog,0
http://update.netflix-secure.click/webscr?cmd=_login-submit,1
http://194.40.98.174/confirm/identity/verify,1
http://paypal-update-login-account-1929.cf/download/install/setup.exe,1
https://reuters.com/help,0
https://cnn.com/support,0
http://paypal-verify-verify-update-5315.ga/webscr?cmd=_login-submit,1
https://nytimes.com/pricing,0
http://yahoo.com@evil-phish.ml/account/suspended?redirect=http://evil.com,1
https://m.bing.com/services,0
http://amazon-billing-update.info/login/verify?cmd=account&update=1,1
https://etsy.com/blog,0
http://cnn.com/support,0
https://salesforce.com/contact,0
https://www.adobe.com/,0
http://microsoft-secure-update-login-account-7854.xyz/signin/password/reset,1
https://salesforce.com/settings,0
https://paypal.com/,0
http://paypal-helpdesk-support.cf/update/account/billing,1
http://bing.com@evil-phish.link/confirm/identity/verify,1
https://m.amazon.com/terms,0
https://m.adobe.com/settings,0
https://google.com/dashboard,0
http://amazon-account-verify-4762.click/account/suspended?redirect=http://evil.com,1
http://ebay-update-billing-verify-update-7493.gq/login/verify?cmd=account&update=1,1
https://www.stackoverflow.com/products,0
https://ebay.com/support,0
https://twitter.com/terms,0
http://chase-verify-login-7589.xyz/secure/billing/confirm,1
http://bank-account-secure-9753.link/login/verify?cmd=account&update=1,1
http://microsoft-confirm-confirm-1768.xyz/account/suspended?redirect=http://evil.com,1
http://goo.gl/tqv8els,1
http://dropbox.com@evil-phish.gq/update/account/billing,1
http://etsy.com/user/profile,0
http://bit.ly/h9jv8a6,1
http://172.222.8.9/secure/billing/confirm,1
http://microsoft-login-verify-secure-verify-2670.top/secure/billing/confirm,1
https://microsoft.com/about,0
http://is.gd/jegy1lw,1
https://ebay.com/search?q=python,0
https://www.paypal.com/search?q=python,0
https://yahoo.com/support,0
http://ow.ly/ud130iy,1
http://ow.ly/xgli5gh,1
https://m.microsoft.com/dashboard,0
https://www.reddit.com/privacy,0
http://instagram.com@evil-phish.cf/confirm/identity/verify,1
https://m.netflix.com/products,0
https://apple.com/support,0
http://validation.netflix-secure.cf/webscr?cmd=_login-submit,1
https://www.github.com/dashboard,0
https://m.twitter.com/contact,0
http://dropbox.com/products,0
http://support.apple-secure.click/signin/password/reset,1
http://account-chase-verify.ga/confirm/identity/verify,1
http://chase.com.cf/confirm/identity/verify,1
http://goo.gl/ui9xq56,1
http://amazon-verify-confirm-update-5901.info/update/account/billing,1
http://amazon-account-verify.link/secure/billing/confirm,1
http://tinyurl.com/p0hibhc,1
https://salesforce.com/support,0
https://youtube.com/news,0
https://www.etsy.com/contact,0
http://validation.apple-secure.ml/download/install/setup.exe,1
https://reddit.com/help,0
https://wikipedia.org/support,0
http://paypal-account-update-secure-secure-5169.ml/login/verify?cmd=account&update=1,1
https://m.amazon.com/blog,0
http://spotify.com@evil-phish.ml/download/install/setup.exe,1
https://www.yahoo.com/blog,0
https://facebook.com/search?q=python,0
https://m.instagram.com/services,0
http://helpdesk.ebay-secure.click/confirm/identity/verify,1
http://is.gd/evh4qlc,1
http://bbc.com@evil-phish.xyz/account/suspended?redirect=http://evil.com,1
http://secure.bank-secure.top/download/install/setup.exe,1
http://netflix-login-billing-account-update-9605.ml/confirm/identity/verify,1
https://shopify.com/user/profile,0
http://45.185.248.155/download/install/setup.exe,1
http://github.com@evil-phish.click/signin/password/reset,1
http://amazon-account-verify.ml/update/account/billing,1
http://microsoft-confirm-update-billing-confirm-4894.top/secure/billing/confirm,1
http://helpdesk.paypal-secure.ga/secure/billing/confirm,1
https://m.cnn.com/,0
http://account-apple-verify.cf/confirm/identity/verify,1
https://www.apple.com/search?q=python,0
http://confirm.bank-secure.tk/signin/password/reset,1
http://www.salesforce.com/contact,0
https://bing.com/services,0
http://185.158.49.59/account/suspended?redirect=http://evil.com,1
https://ebay.com/services,0
http://microsoft.com/search?q=python,0
http://192.168.208.153/secure/billing/confirm,1
https://cnn.com/search?q=python,0
http://banking.paypal-secure.link/account/suspended?redirect=http://evil.com,1
http://banking.paypal-secure.top/download/install/setup.exe,1
http://github.com@evil-phish.ml/login/verify?cmd=account&update=1,1
https://bing.com/about,0
https://www.bbc.com/about,0
https://instagram.com/privacy,0
https://google.com/user/profile,0
http://192.168.7.193/login/verify?cmd=account&update=1,1
http://account-microsoft-verify.info/update/account/billing,1
http://spotify.com/user/profile,0
http://wordpress.com/support,0
http://bing.com@evil-phish.xyz/signin/password/reset,1
http://support.netflix-secure.info/account/suspended?redirect=http://evil.com,1
https://www.reddit.com/services,0
https://www.paypal.com/contact,0
https://m.netflix.com/search?q=python,0
https://facebook.com/search?q=python,0
http://10.49.106.68/secure/billing/confirm,1
http://validation.microsoft-secure.gq/update/account/billing,1
https://medium.com/settings,0
https://m.cnn.com/news,0
http://cnn.com@evil-phish.top/webscr?cmd=_login-submit,1
https://www.spotify.com/settings,0
http://verify.microsoft-secure.top/secure/billing/confirm,1
http://172.237.177.171/update/account/billing,1
https://www.bbc.com/contact,0
http://reuters.com@evil-phish.ga/update/account/billing,1
http://www.facebook.com/about,0
http://google.com@evil-phish.top/update/account/billing,1
http://account.apple-secure.cf/confirm/identity/verify,1
https://www.shopify.com/user/profile,0
https://shopify.com/services,0
http://microsoft-update-verify-3893.top/confirm/identity/verify,1
http://m.apple.com/services,0
http://chase-billing-login-6903.ga/login/verify?cmd=account&update=1,1
https://github.com/terms,0
http://bit.ly/tiaxufv,1
http://shopify.com@evil-phish.ml/account/suspended?redirect=http://evil.com,1
http://is.gd/u5phpyh,1
http://amazon-helpdesk-support.info/download/install/setup.exe,1
http://45.16.121.39/account/suspended?redirect=http://evil.com,1
https://reddit.com/dashboard,0
https://m.reddit.com/dashboard,0
http://mail.apple-secure.link/webscr?cmd=_login-submit,1
https://bing.com/search?q=python,0
http://dropbox.com@evil-phish.cf/confirm/identity/verify,1
https://m.paypal.com/services,0
http://m.apple.com/privacy,0
http://login-bank-secure.ml/update/account/billing,1
http://chase-secure-login-2189.xyz/update/account/billing,1
https://cnn.com/contact,0
https://twitter.com/settings,0
https://m.instagram.com/user/profile,0
http://192.168.70.24/login/verify?cmd=account&update=1,1
http://secure-ebay-login.info/confirm/identity/verify,1
https://www.netflix.com/products,0
https://www.reddit.com/blog,0
https://www.wordpress.com/settings,0
http://support.ebay-secure.click/download/install/setup.exe,1
http://account.ebay-secure.link/login/verify?cmd=account&update=1,1
http://185.86.174.115/webscr?cmd=_login-submit,1
https://www.adobe.com/user/profile,0
https://m.wikipedia.org/user/profile,0
http://login-apple-secure.cf/account/suspended?redirect=http://evil.com,1
http://172.148.166.218/signin/password/reset,1
https://amazon.com/terms,0
https://paypal.com/services,0
http://185.191.71.34/confirm/identity/verify,1
https://cnn.com/user/profile,0
http://amazon-billing-login-1409.top/login/verify?cmd=account&update=1,1
https://yahoo.com/user/profile,0
https://bbc.com/user/profile,0
http://ebay.com.top/account/suspended?redirect=http://evil.com,1
http://amazon-account-account-8539.top/webscr?cmd=_login-submit,1
http://secure.apple-secure.link/confirm/identity/verify,1
http://paypal-update-secure-update-7545.cf/webscr?cmd=_login-submit,1
https://www.stackoverflow.com/blog,0
http://45.3.165.80/account/suspended?redirect=http://evil.com,1
http://netflix.com@evil-phish.click/secure/billing/confirm,1
http://chase-confirm-update-4482.click/webscr?cmd=_login-submit,1
http://account-bank-verify.tk/secure/billing/confirm,1
https://m.youtube.com/privacy,0
http://amazon-billing-update.info/account/suspended?redirect=http://evil.com,1
https://dropbox.com/support,0
https://m.reddit.com/products,0
https://github.com/,0
http://login-bank-secure.tk/confirm/identity/verify,1
http://banking.apple-secure.top/webscr?cmd=_login-submit,1
http://45.238.35.185/signin/password/reset,1
http://ow.ly/5sflyg6,1
https://amazon.com/search?q=python,0
https://m.etsy.com/contact,0
http://apple.com.cf/account/suspended?redirect=http://evil.com,1
http://is.gd/n5roues,1
http://apple-confirm-verify-5487.gq/confirm/identity/verify,1
http://chase.com.tk/login/verify?cmd=account&update=1,1
http://youtube.com/blog,0
https://www.reddit.com/,0
http://www.twitter.com/settings,0
https://www.amazon.com/services,0
https://reddit.com/pricing,0
http://cnn.com@evil-phish.click/webscr?cmd=_login-submit,1
https://salesforce.com/,0
http://login.netflix-secure.top/confirm/identity/verify,1
http://172.140.219.105/update/account/billing,1
http://paypal.com/user/profile,0
http://ebay.com@evil-phish.tk/confirm/identity/verify,1
https://m.netflix.com/help,0
https://salesforce.com/news,0
http://bit.ly/mlw2ek0,1
https://microsoft.com/help,0
http://shopify.com@evil-phish.xyz/webscr?cmd=_login-submit,1
https://www.cnn.com/search?q=python,0
https://google.com/blog,0
http://goo.gl/h4q42l1,1
https://m.google.com/settings,0
https://m.ebay.com/services,0
https://adobe.com/pricing,0
https://dropbox.com/contact,0
http://45.199.135.250/account/suspended?redirect=http://evil.com,1
https://www.dropbox.com/news,0
http://secure-ebay-login.click/update/account/billing,1
http://194.236.219.74/account/suspended?redirect=http://evil.com,1
https://cnn.com/,0
http://www.linkedin.com/,0
http://validation.ebay-secure.tk/confirm/identity/verify,1
https://www.reddit.com/news,0
http://goo.gl/yfy5746,1
http://chase-account-secure-7934.ga/update/account/billing,1
http://verify.microsoft-secure.cf/webscr?cmd=_login-submit,1
https://stackoverflow.com/services,0
https://instagram.com/blog,0
https://facebook.com/help,0
https://www.instagram.com/contact,0
https://www.stackoverflow.com/about,0
https://bbc.com/pricing,0
http://secure.chase-secure.top/signin/password/reset,1
https://www.linkedin.com/contact,0
https://paypal.com/pricing,0
http://185.172.87.100/account/suspended?redirect=http://evil.com,1
http://ebay.com@evil-phish.xyz/webscr?cmd=_login-submit,1
https://m.shopify.com/support,0
http://m.ebay.com/dashboard,0
https://linkedin.com/terms,0
http://wordpress.com@evil-phish.xyz/login/verify?cmd=account&update=1,1
http://linkedin.com/support,0
https://www.medium.com/contact,0
https://m.reuters.com/help,0
https://m.wordpress.com/privacy,0
https://instagram.com/search?q=python,0
http://etsy.com@evil-phish.ml/webscr?cmd=_login-submit,1
https://microsoft.com/blog,0
https://medium.com/contact,0
https://m.bbc.com/contact,0
https://www.dropbox.com/,0
http://validation.bank-secure.info/login/verify?cmd=account&update=1,1
https://m.ebay.com/news,0
http://10.108.250.148/login/verify?cmd=account&update=1,1
https://www.stackoverflow.com/search?q=python,0
http://amazon-secure-billing-account-3234.gq/webscr?cmd=_login-submit,1
http://chase-helpdesk-support.xyz/confirm/identity/verify,1
https://youtube.com/,0
https://instagram.com/products,0
http://tinyurl.com/5krnm7t,1
https://m.dropbox.com/pricing,0
https://m.paypal.com/terms,0
https://linkedin.com/services,0
https://www.salesforce.com/search?q=python,0
https://github.com/blog,0
https://www.reddit.com/about,0
https://www.reddit.com/dashboard,0
https://m.adobe.com/support,0
https://m.stackoverflow.com/settings,0
http://validation.ebay-secure.top/signin/password/reset,1
https://www.etsy.com/support,0
http://chase-update-verify-update-confirm-8054.ml/secure/billing/confirm,1
http://netflix-billing-login-7143.xyz/account/suspended?redirect=http://evil.com,1
http://ebay.com/user/profile,0
https://www.stackoverflow.com/user/profile,0
http://service.microsoft-secure.ga/confirm/identity/verify,1
https://www.ebay.com/privacy,0
http://secure.netflix-secure.xyz/account/suspended?redirect=http://evil.com,1
http://account.paypal-secure.info/confirm/identity/verify,1
http://tinyurl.com/lqgasgk,1
http://tinyurl.com/uvj3bsy,1
https://www.stackoverflow.com/settings,0
http://reuters.com/privacy,0
https://dropbox.com/support,0
http://tinyurl.com/a7zz99h,1
https://www.reuters.com/services,0
http://twitter.com@evil-phish.click/confirm/identity/verify,1
http://paypal.com.click/confirm/identity/verify,1
https://www.medium.com/products,0
https://m.stackoverflow.com/pricing,0
http://ebay-login-login-account-account-6555.top/account/suspended?redirect=http://evil.com,1
https://amazon.com/pricing,0
https://shopify.com/terms,0
http://microsoft-account-update-6142.click/update/account/billing,1
https://cnn.com/terms,0
https://github.com/services,0
http://apple-verify-verify-login-2721.ml/secure/billing/confirm,1
https://nytimes.com/news,0
http://service.bank-secure.top/account/suspended?redirect=http://evil.com,1
https://facebook.com/user/profile,0
http://nytimes.com@evil-phish.gq/account/suspended?redirect=http://evil.com,1
http://bing.com@evil-phish.ga/signin/password/reset,1
https://dropbox.com/help,0
http://bank-verify-confirm-confirm-2213.info/signin/password/reset,1
http://paypal-account-secure-2828.click/signin/password/reset,1
http://apple-verify-confirm-secure-account-6468.ml/download/install/setup.exe,1
http://tinyurl.com/wqmkqi0,1
https://etsy.com/about,0
https://www.wikipedia.org/search?q=python,0
http://banking.chase-secure.ga/login/verify?cmd=account&update=1,1
http://secure-amazon-login.top/account/suspended?redirect=http://evil.com,1
https://etsy.com/services,0
http://bit.ly/9tntyes,1
http://192.168.224.100/signin/password/reset,1
http://login.paypal-secure.cf/webscr?cmd=_login-submit,1
http://www.paypal.com/terms,0
http://chase-verify-verify-3307.info/account/suspended?redirect=http://evil.com,1
http://login.paypal-secure.xyz/secure/billing/confirm,1
https://m.netflix.com/settings,0
http://ow.ly/2syyj47,1
http://paypal-login-account-confirm-update-2844.ga/webscr?cmd=_login-submit,1
http://secure.netflix-secure.tk/account/suspended?redirect=http://evil.com,1
https://m.cnn.com/dashboard,0
https://m.shopify.com/terms,0
https://m.reddit.com/settings,0
http://amazon.com@evil-phish.tk/signin/password/reset,1
http://verify.ebay-secure.xyz/signin/password/reset,1
https://m.shopify.com/dashboard,0
http://update.microsoft-secure.xyz/signin/password/reset,1
https://spotify.com/privacy,0
http://tinyurl.com/9kwgbnu,1
http://45.64.128.147/signin/password/reset,1
http://is.gd/syazhxd,1
http://microsoft-update-update-4065.ml/login/verify?cmd=account&update=1,1
http://helpdesk.amazon-secure.link/signin/password/reset,1
http://ow.ly/q5n5kxq,1
https://m.linkedin.com/support,0
https://google.com/contact,0
http://netflix.com@evil-phish.ml/update/account/billing,1
http://nytimes.com@evil-phish.tk/update/account/billing,1
https://reuters.com/pricing,0
https://wordpress.com/products,0
https://yahoo.com/about,0
https://facebook.com/contact,0
http://account-bank-verify.click/webscr?cmd=_login-submit,1
https://facebook.com/about,0
https://shopify.com/terms,0
https://salesforce.com/blog,0
https://bbc.com/privacy,0
https://m.amazon.com/blog,0
http://verify.bank-secure.ml/download/install/setup.exe,1
https://m.shopify.com/terms,0
http://microsoft-billing-account-verify-update-9314.cf/download/install/setup.exe,1
https://linkedin.com/user/profile,0
https://etsy.com/,0
http://tinyurl.com/zp84jrh,1
https://www.ebay.com/blog,0
https://www.shopify.com/terms,0
http://192.168.230.160/update/account/billing,1
https://m.stackoverflow.com/,0
https://yahoo.com/about,0
http://192.168.98.167/webscr?cmd=_login-submit,1
https://www.yahoo.com/news,0
https://nytimes.com/dashboard,0
http://secure.netflix-secure.ml/webscr?cmd=_login-submit,1
https://m.shopify.com/help,0
https://dropbox.com/pricing,0
http://www.amazon.com/products,0
http://secure-netflix-login.ml/download/install/setup.exe,1
http://microsoft-confirm-billing-login-update-4490.gq/download/install/setup.exe,1
https://m.adobe.com/,0
https://m.instagram.com/contact,0
http://login.microsoft-secure.gq/update/account/billing,1
http://www.facebook.com/help,0
http://www.youtube.com/contact,0
https://nytimes.com/about,0
http://bit.ly/xgq78u4,1
https://microsoft.com/privacy,0
http://account-ebay-verify.click/secure/billing/confirm,1
https://dropbox.com/support,0
http://paypal-billing-update.link/account/suspended?redirect=http://evil.com,1
http://chase-billing-update.cf/update/account/billing,1
https://m.github.com/privacy,0
http://microsoft-account-secure-verify-5034.tk/secure/billing/confirm,1
http://185.140.12.196/login/verify?cmd=account&update=1,1
https://www.paypal.com/search?q=python,0
https://reuters.com/support,0
http://account-bank-verify.click/webscr?cmd=_login-submit,1
https://dropbox.com/settings,0
http://m.apple.com/products,0
http://goo.gl/h1y3bqh,1
http://stackoverflow.com@evil-phish.top/account/suspended?redirect=http://evil.com,1
http://paypal.com@evil-phish.top/download/install/setup.exe,1
http://172.254.206.191/secure/billing/confirm,1
http://ow.ly/g6pkisb,1
http://paypal-account-login-billing-login-1091.click/account/suspended?redirect=http://evil.com,1
https://dropbox.com/search?q=python,0
https://www.medium.com/privacy,0
http://login-paypal-secure.ga/update/account/billing,1
https://m.github.com/help,0
http://194.75.29.52/secure/billing/confirm,1
http://ebay-update-secure-billing-1478.link/signin/password/reset,1
https://www.bing.com/settings,0
http://194.69.134.247/login/verify?cmd=account&update=1,1
https://github.com/pricing,0
http://microsoft-update-account-5658.ml/webscr?cmd=_login-submit,1
http://nytimes.com/blog,0
https://www.nytimes.com/pricing,0
https://www.reddit.com/terms,0
http://spotify.com/,0
http://etsy.com/contact,0
http://goo.gl/xrjb0ah,1
http://instagram.com@evil-phish.top/login/verify?cmd=account&update=1,1
http://ebay.com@evil-phish.ml/webscr?cmd=_login-submit,1
https://salesforce.com/help,0
http://ebay-helpdesk-support.top/download/install/setup.exe,1
http://amazon-secure-verify-3466.ml/login/verify?cmd=account&update=1,1
http://spotify.com/services,0
https://www.netflix.com/privacy,0
https://adobe.com/support,0
http://cnn.com@evil-phish.tk/secure/billing/confirm,1
http://dropbox.com@evil-phish.tk/account/suspended?redirect=http://evil.com,1
https://www.wordpress.com/,0
http://netflix-verify-account-confirm-3140.link/login/verify?cmd=account&update=1,1
http://paypal-login-billing-8437.gq/signin/password/reset,1
https://www.medium.com/privacy,0
https://m.spotify.com/user/profile,0
http://netflix-confirm-account-login-6204.tk/secure/billing/confirm,1
http://reuters.com/blog,0
https://m.medium.com/terms,0
http://microsoft-login-verify-2269.ml/secure/billing/confirm,1
https://bing.com/user/profile,0
https://apple.com/settings,0
https://m.apple.com/privacy,0
http://m.linkedin.com/news,0
https://m.ebay.com/about,0
http://chase-update-billing-2507.tk/account/suspended?redirect=http://evil.com,1
http://bbc.com/terms,0
http://shopify.com/settings,0
http://reuters.com@evil-phish.ml/update/account/billing,1
http://ebay-billing-secure-4156.ml/account/suspended?redirect=http://evil.com,1
https://spotify.com/search?q=python,0
http://185.145.37.102/account/suspended?redirect=http://evil.com,1
https://microsoft.com/services,0
https://adobe.com/services,0
https://google.com/,0
https://salesforce.com/contact,0
http://secure.amazon-secure.top/login/verify?cmd=account&update=1,1
https://m.apple.com/blog,0
http://is.gd/k3n3t85,1
http://185.141.171.4/update/account/billing,1
https://shopify.com/about,0
https://m.youtube.com/services,0
https://m.dropbox.com/products,0
https://dropbox.com/about,0
http://update.apple-secure.top/update/account/billing,1
http://chase-helpdesk-support.ga/confirm/identity/verify,1
http://netflix-secure-billing-login-5757.gq/update/account/billing,1
https://amazon.com/about,0
https://www.bing.com/dashboard,0
http://apple-confirm-verify-3599.gq/update/account/billing,1
http://netflix-verify-update-4340.ga/confirm/identity/verify,1
https://shopify.com/search?q=python,0
http://ebay.com.cf/secure/billing/confirm,1
https://m.microsoft.com/settings,0
http://goo.gl/050vr9d,1
http://nytimes.com@evil-phish.click/download/install/setup.exe,1
http://github.com@evil-phish.click/login/verify?cmd=account&update=1,1
https://wikipedia.org/dashboard,0
https://m.stackoverflow.com/support,0
https://www.netflix.com/products,0
https://paypal.com/,0
http://mail.ebay-secure.link/confirm/identity/verify,1
http://is.gd/o0j4eai,1
https://m.medium.com/privacy,0
https://apple.com/blog,0
http://dropbox.com@evil-phish.tk/signin/password/reset,1
https://salesforce.com/,0
https://paypal.com/products,0
https://m.yahoo.com/help,0
https://www.apple.com/privacy,0
http://chase-verify-secure-account-confirm-7782.link/signin/password/reset,1
http://ow.ly/64nfuc4,1
http://account-amazon-verify.click/update/account/billing,1
http://account-bank-verify.xyz/login/verify?cmd=account&update=1,1
https://netflix.com/privacy,0
http://spotify.com@evil-phish.xyz/download/install/setup.exe,1
https://www.shopify.com/pricing,0
http://helpdesk.chase-secure.xyz/update/account/billing,1
http://mail.chase-secure.top/update/account/billing,1
http://185.199.227.231/confirm/identity/verify,1
https://stackoverflow.com/blog,0
http://194.137.174.171/confirm/identity/verify,1
http://ebay-billing-account-verify-confirm-6777.xyz/update/account/billing,1
http://instagram.com@evil-phish.ml/secure/billing/confirm,1
http://validation.microsoft-secure.xyz/update/account/billing,1
https://yahoo.com/contact,0
http://dropbox.com@evil-phish.ml/update/account/billing,1
https://medium.com/blog,0
http://bank-billing-billing-6311.tk/signin/password/reset,1
https://nytimes.com/pricing,0
http://account-bank-verify.gq/secure/billing/confirm,1
http://reddit.com@evil-phish.link/secure/billing/confirm,1
https://github.com/help,0
http://45.114.134.30/login/verify?cmd=account&update=1,1
http://secure.ebay-secure.gq/account/suspended?redirect=http://evil.com,1
http://www.amazon.com/contact,0
https://reuters.com/services,0
http://m.adobe.com/dashboard,0
http://account-paypal-verify.cf/download/install/setup.exe,1
http://confirm.ebay-secure.link/download/install/setup.exe,1
https://m.cnn.com/privacy,0
http://adobe.com@evil-phish.tk/download/install/setup.exe,1
http://is.gd/yrvfont,1
http://salesforce.com@evil-phish.tk/confirm/identity/verify,1
http://tinyurl.com/h7cjjey,1
https://bing.com/,0
https://microsoft.com/about,0
https://microsoft.com/products,0
https://m.nytimes.com/privacy,0
https://m.reuters.com/services,0
http://paypal-secure-login.ml/account/suspended?redirect=http://evil.com,1
http://bit.ly/v3036b3,1
http://www.shopify.com/support,0
http://wikipedia.org/about,0
https://www.amazon.com/products,0
https://instagram.com/user/profile,0
http://bank-billing-update.tk/confirm/identity/verify,1
http://172.217.75.42/download/install/setup.exe,1
https://medium.com/blog,0
https://www.dropbox.com/terms,0
https://m.wordpress.com/,0
http://chase-billing-secure-account-secure-2012.info/update/account/billing,1
https://m.salesforce.com/settings,0
http://shopify.com@evil-phish.click/login/verify?cmd=account&update=1,1
https://m.google.com/settings,0
https://m.facebook.com/contact,0
https://www.apple.com/blog,0
http://nytimes.com/,0
http://amazon-account-verify.top/login/verify?cmd=account&update=1,1
https://apple.com/search?q=python,0
http://tinyurl.com/srk58he,1
https://m.wikipedia.org/support,0
https://m.github.com/news,0
https://m.instagram.com/support,0
https://m.reddit.com/search?q=python,0
https://bing.com/privacy,0
http://validation.chase-secure.xyz/update/account/billing,1
https://google.com/services,0
http://172.181.57.163/download/install/setup.exe,1
http://192.168.144.244/secure/billing/confirm,1
http://amazon.com/terms,0
http://paypal-billing-billing-confirm-4791.click/account/suspended?redirect=http://evil.com,1
http://chase.com.top/confirm/identity/verify,1
https://m.bing.com/blog,0
https://m.wordpress.com/user/profile,0
http://194.223.120.178/login/verify?cmd=account&update=1,1
https://wordpress.com/user/profile,0
https://apple.com/about,0
http://microsoft-account-login-login-3967.gq/login/verify?cmd=account&update=1,1
http://microsoft.com@evil-phish.ga/download/install/setup.exe,1
http://helpdesk.chase-secure.ga/confirm/identity/verify,1
https://linkedin.com/services,0
https://adobe.com/privacy,0
http://netflix-update-account-3838.top/confirm/identity/verify,1
http://yahoo.com@evil-phish.ga/update/account/billing,1
http://192.168.94.12/secure/billing/confirm,1
https://wordpress.com/news,0
http://ow.ly/m77xvme,1
https://linkedin.com/support,0
http://is.gd/h3y8a6m,1
http://cnn.com@evil-phish.ml/confirm/identity/verify,1
https://www.paypal.com/,0
https://netflix.com/terms,0
http://login.apple-secure.gq/download/install/setup.exe,1
https://instagram.com/privacy,0
https://m.spotify.com/blog,0
https://bing.com/dashboard,0
http://amazon-account-verify.gq/account/suspended?redirect=http://evil.com,1
http://account-paypal-verify.ga/login/verify?cmd=account&update=1,1
http://secure-microsoft-login.gq/confirm/identity/verify,1
http://bank-update-verify-secure-update-3913.tk/secure/billing/confirm,1
https://github.com/pricing,0
http://185.35.34.62/update/account/billing,1
https://www.paypal.com/dashboard,0
http://194.123.145.252/secure/billing/confirm,1
http://microsoft-billing-update.gq/login/verify?cmd=account&update=1,1
http://www.medium.com/dashboard,0
http://spotify.com@evil-phish.ml/signin/password/reset,1
https://reddit.com/,0
https://netflix.com/blog,0
https://www.adobe.com/news,0
https://github.com/user/profile,0
https://dropbox.com/privacy,0
http://amazon-confirm-update-update-2684.ga/download/install/setup.exe,1
https://amazon.com/dashboard,0
https://m.etsy.com/dashboard,0
http://bit.ly/nzv1v8p,1
http://172.128.124.22/account/suspended?redirect=http://evil.com,1
https://m.facebook.com/pricing,0
https://nytimes.com/,0
http://45.241.145.207/confirm/identity/verify,1
https://www.microsoft.com/,0
https://www.netflix.com/services,0
https://dropbox.com/,0
http://10.204.218.215/account/suspended?redirect=http://evil.com,1
http://wikipedia.org@evil-phish.cf/download/install/setup.exe,1
http://bit.ly/y8pzl99,1
https://paypal.com/about,0
https://m.dropbox.com/user/profile,0
https://wordpress.com/,0
http://192.168.214.241/update/account/billing,1
https://www.microsoft.com/settings,0
https://spotify.com/services,0
http://support.chase-secure.xyz/update/account/billing,1
https://instagram.com/dashboard,0
https://salesforce.com/services,0
https://wikipedia.org/search?q=python,0
http://chase-login-verify-account-5526.info/login/verify?cmd=account&update=1,1
https://shopify.com/privacy,0
http://helpdesk.bank-secure.info/signin/password/reset,1
https://nytimes.com/contact,0
http://paypal-billing-login-confirm-9195.click/download/install/setup.exe,1
http://support.apple-secure.gq/signin/password/reset,1
https://shopify.com/blog,0
https://m.paypal.com/pricing,0
https://salesforce.com/products,0
https://m.nytimes.com/services,0
https://google.com/products,0
https://m.twitter.com/user/profile,0
https://www.cnn.com/terms,0
https://ebay.com/services,0
http://bit.ly/qoexoan,1
http://bank-confirm-confirm-confirm-verify-3212.cf/update/account/billing,1
http://goo.gl/bs1gyap,1
https://linkedin.com/help,0
http://account.chase-secure.tk/confirm/identity/verify,1
https://m.wikipedia.org/,0
http://10.37.67.112/update/account/billing,1
https://reuters.com/search?q=python,0
http://secure.paypal-secure.xyz/account/suspended?redirect=http://evil.com,1
https://m.nytimes.com/pricing,0
http://account.chase-secure.ml/signin/password/reset,1
http://secure-amazon-login.tk/secure/billing/confirm,1
http://yahoo.com@evil-phish.top/confirm/identity/verify,1
https://m.spotify.com/services,0
http://185.33.35.137/signin/password/reset,1
https://facebook.com/services,0
http://microsoft-billing-update.click/login/verify?cmd=account&update=1,1
http://wordpress.com@evil-phish.xyz/account/suspended?redirect=http://evil.com,1
http://update.ebay-secure.tk/account/suspended?redirect=http://evil.com,1
http://amazon-login-confirm-secure-8194.top/secure/billing/confirm,1
http://netflix-billing-update.xyz/account/suspended?redirect=http://evil.com,1
http://update.netflix-secure.tk/confirm/identity/verify,1
http://10.66.8.110/signin/password/reset,1
https://www.microsoft.com/news,0
https://yahoo.com/terms,0
https://m.spotify.com/products,0
http://ebay-update-login-login-billing-8008.click/login/verify?cmd=account&update=1,1
http://m.github.com/contact,0
https://m.linkedin.com/settings,0
http://tinyurl.com/3peoj3m,1
http://helpdesk.bank-secure.info/login/verify?cmd=account&update=1,1
https://www.linkedin.com/settings,0
http://helpdesk.bank-secure.tk/update/account/billing,1
http://bank-verify-verify-billing-account-1694.tk/login/verify?cmd=account&update=1,1
https://dropbox.com/user/profile,0
https://www.wikipedia.org/privacy,0
https://bing.com/support,0
http://validation.chase-secure.gq/login/verify?cmd=account&update=1,1
http://bit.ly/8p58m1m,1
http://bit.ly/0jg2yjj,1
https://www.google.com/search?q=python,0
https://www.salesforce.com/search?q=python,0
https://www.dropbox.com/contact,0
http://194.51.227.245/account/suspended?redirect=http://evil.com,1
https://m.reddit.com/settings,0
http://netflix-login-account-billing-5059.top/confirm/identity/verify,1
http://ow.ly/d7nc2dz,1
http://ow.ly/vmww3sz,1
https://facebook.com/support,0
https://www.yahoo.com/blog,0
https://www.apple.com/about,0
http://bbc.com@evil-phish.xyz/download/install/setup.exe,1
https://nytimes.com/privacy,0
https://www.google.com/settings,0
https://m.wikipedia.org/news,0
http://validation.ebay-secure.xyz/update/account/billing,1
https://salesforce.com/products,0
http://amazon.com@evil-phish.click/update/account/billing,1
https://m.stackoverflow.com/privacy,0
https://instagram.com/help,0
http://spotify.com@evil-phish.cf/confirm/identity/verify,1
http://172.155.186.148/update/account/billing,1
http://microsoft-helpdesk-support.ml/confirm/identity/verify,1
http://chase-account-account-confirm-verify-3181.info/account/suspended?redirect=http://evil.com,1
http://dropbox.com@evil-phish.info/secure/billing/confirm,1
http://m.cnn.com/services,0
http://account.paypal-secure.top/webscr?cmd=_login-submit,1
https://shopify.com/services,0
https://www.twitter.com/settings,0
http://is.gd/lk32j1w,1
http://bit.ly/al0l8lp,1
https://www.netflix.com/services,0
http://ebay-secure-update-3011.ga/secure/billing/confirm,1
http://yahoo.com@evil-phish.ga/download/install/setup.exe,1
http://185.148.199.92/secure/billing/confirm,1
http://linkedin.com@evil-phish.ga/confirm/identity/verify,1
https://m.twitter.com/news,0
http://account.microsoft-secure.link/webscr?cmd=_login-submit,1
http://account-chase-verify.ml/confirm/identity/verify,1
http://ow.ly/4xjp7wz,1
http://secure.ebay-secure.tk/confirm/identity/verify,1
https://apple.com/dashboard,0
https://twitter.com/contact,0
http://goo.gl/c2uudsq,1
http://bit.ly/4lmy2cx,1
https://www.yahoo.com/pricing,0
https://m.netflix.com/terms,0
http://paypal-account-login-2862.ga/secure/billing/confirm,1
http://secure.paypal-secure.cf/signin/password/reset,1
http://secure-apple-login.ga/signin/password/reset,1
http://paypal-login-login-secure-1504.cf/account/suspended?redirect=http://evil.com,1
http://login.netflix-secure.ga/confirm/identity/verify,1
https://wordpress.com/search?q=python,0
https://wordpress.com/user/profile,0
https://www.instagram.com/user/profile,0
https://m.facebook.com/settings,0
https://google.com/help,0
https://www.facebook.com/news,0
https://facebook.com/blog,0
http://amazon.com@evil-phish.click/webscr?cmd=_login-submit,1
http://172.147.152.40/download/install/setup.exe,1
http://netflix-update-login-account-5324.gq/update/account/billing,1
https://twitter.com/pricing,0
http://194.215.121.106/update/account/billing,1
http://tinyurl.com/25ws29p,1
http://bit.ly/gtx7u4g,1
https://stackoverflow.com/products,0
https://cnn.com/services,0
http://reuters.com@evil-phish.click/secure/billing/confirm,1
https://m.bbc.com/privacy,0
http://mail.ebay-secure.gq/download/install/setup.exe,1
http://172.121.53.233/confirm/identity/verify,1
http://login-chase-secure.tk/download/install/setup.exe,1
http://support.microsoft-secure.ml/update/account/billing,1
https://reuters.com/dashboard,0
https://www.reddit.com/search?q=python,0
http://45.189.53.61/account/suspended?redirect=http://evil.com,1
https://m.google.com/news,0
https://www.nytimes.com/news,0
http://chase.com.link/download/install/setup.exe,1
https://m.paypal.com/,0
http://tinyurl.com/n23kjdy,1
https://youtube.com/products,0
http://apple-secure-verify-3222.info/download/install/setup.exe,1
http://medium.com@evil-phish.link/login/verify?cmd=account&update=1,1
http://amazon-billing-update.cf/download/install/setup.exe,1
http://login-paypal-secure.ga/signin/password/reset,1
http://reddit.com/settings,0
https://facebook.com/settings,0
http://amazon-billing-update.click/account/suspended?redirect=http://evil.com,1
http://tinyurl.com/wo6nlpv,1
http://www.github.com/news,0
https://spotify.com/dashboard,0
http://45.85.95.132/download/install/setup.exe,1
https://amazon.com/help,0
https://www.reuters.com/search?q=python,0
http://bit.ly/dlfdttn,1
https://www.dropbox.com/pricing,0
http://bbc.com/contact,0
http://bit.ly/zsrql0s,1
http://bank-account-login-verify-8802.top/download/install/setup.exe,1
http://wordpress.com@evil-phish.ml/download/install/setup.exe,1
https://www.reuters.com/pricing,0
http://ow.ly/6a6njhe,1
http://45.25.220.201/login/verify?cmd=account&update=1,1
http://amazon-account-verify.gq/confirm/identity/verify,1
http://amazon.com.cf/webscr?cmd=_login-submit,1
http://bank-helpdesk-support.click/secure/billing/confirm,1
https://m.apple.com/blog,0
http://ebay-confirm-verify-9170.info/login/verify?cmd=account&update=1,1
http://bit.ly/pki46ji,1
https://m.linkedin.com/help,0
https://www.stackoverflow.com/services,0
http://www.google.com/,0
https://amazon.com/,0
https://yahoo.com/pricing,0
https://m.amazon.com/news,0
http://validation.apple-secure.ml/secure/billing/confirm,1
https://github.com/search?q=python,0
https://reddit.com/dashboard,0
http://nytimes.com@evil-phish.info/confirm/identity/verify,1
http://bit.ly/eo8l1uv,1
https://apple.com/about,0
http://account-apple-verify.xyz/download/install/setup.exe,1
http://goo.gl/pso6jpr,1
http://stackoverflow.com@evil-phish.link/login/verify?cmd=account&update=1,1
https://medium.com/dashboard,0
http://amazon-confirm-login-billing-update-9200.xyz/login/verify?cmd=account&update=1,1
https://bbc.com/terms,0
http://google.com@evil-phish.cf/confirm/identity/verify,1
https://microsoft.com/terms,0
http://paypal-secure-login.xyz/update/account/billing,1
http://confirm.ebay-secure.link/confirm/identity/verify,1
https://www.dropbox.com/products,0
http://helpdesk.microsoft-secure.click/confirm/identity/verify,1
http://bank-account-login-login-9107.ga/secure/billing/confirm,1
http://account-netflix-verify.link/download/install/setup.exe,1
https://stackoverflow.com/contact,0
https://wordpress.com/dashboard,0
http://facebook.com@evil-phish.click/webscr?cmd=_login-submit,1
https://m.wikipedia.org/about,0
http://account.ebay-secure.xyz/webscr?cmd=_login-submit,1
http://ebay-verify-secure-account-login-1023.info/login/verify?cmd=account&update=1,1
https://www.facebook.com/help,0
https://m.netflix.com/services,0
http://ow.ly/1knpkia,1
https://reuters.com/blog,0
http://microsoft-confirm-update-billing-2663.top/signin/password/reset,1
https://medium.com/pricing,0
http://paypal-secure-login.info/webscr?cmd=_login-submit,1
https://netflix.com/support,0
http://banking.amazon-secure.ml/webscr?cmd=_login-submit,1
http://google.com@evil-phish.cf/confirm/identity/verify,1
https://github.com/services,0
https://cnn.com/pricing,0
https://m.microsoft.com/terms,0
http://amazon-account-verify.xyz/download/install/setup.exe,1
http://www.microsoft.com/news,0
https://salesforce.com/support,0
http://amazon.com.info/account/suspended?redirect=http://evil.com,1
http://192.168.183.244/secure/billing/confirm,1
https://m.apple.com/user/profile,0
https://etsy.com/about,0
http://confirm.microsoft-secure.xyz/secure/billing/confirm,1
http://secure-apple-login.xyz/confirm/identity/verify,1
https://adobe.com/pricing,0
https://m.cnn.com/,0
https://ebay.com/user/profile,0
http://microsoft.com@evil-phish.click/secure/billing/confirm,1
https://www.instagram.com/services,0
http://login.microsoft-secure.click/login/verify?cmd=account&update=1,1
https://youtube.com/privacy,0
http://netflix-update-login-3953.cf/login/verify?cmd=account&update=1,1
http://secure-ebay-login.link/signin/password/reset,1
http://goo.gl/yzhhize,1
https://instagram.com/dashboard,0
http://secure.amazon-secure.info/update/account/billing,1
http://185.171.78.194/download/install/setup.exe,1
http://www.netflix.com/search?q=python,0
http://service.microsoft-secure.tk/webscr?cmd=_login-submit,1
http://account-bank-verify.cf/webscr?cmd=_login-submit,1
http://ebay-secure-account-7578.ml/download/install/setup.exe,1
https://amazon.com/blog,0
http://194.134.24.218/confirm/identity/verify,1
http://paypal-secure-login.xyz/secure/billing/confirm,1
http://bit.ly/js1m3rm,1
http://salesforce.com/blog,0
http://account-paypal-verify.xyz/download/install/setup.exe,1
http://ow.ly/2k83mna,1
http://bit.ly/cu49bkb,1
http://adobe.com@evil-phish.click/download/install/setup.exe,1
https://www.shopify.com/dashboard,0
http://apple-billing-billing-verify-6792.tk/webscr?cmd=_login-submit,1
https://apple.com/user/profile,0
http://instagram.com@evil-phish.ml/update/account/billing,1
http://apple-helpdesk-support.click/login/verify?cmd=account&update=1,1
http://bit.ly/d1osep7,1
http://account.microsoft-secure.cf/secure/billing/confirm,1
http://secure-ebay-login.ga/login/verify?cmd=account&update=1,1
https://www.dropbox.com/contact,0
https://m.yahoo.com/user/profile,0
http://apple.com@evil-phish.click/confirm/identity/verify,1
https://shopify.com/services,0
https://wikipedia.org/dashboard,0
https://www.yahoo.com/user/profile,0
https://www.cnn.com/search?q=python,0
https://stackoverflow.com/,0
https://m.nytimes.com/contact,0
https://bbc.com/products,0
http://chase-secure-update-confirm-4506.gq/download/install/setup.exe,1
http://paypal-secure-login.gq/update/account/billing,1
https://bing.com/about,0
https://www.wikipedia.org/news,0
https://linkedin.com/products,0
http://is.gd/wouyaad,1
http://10.159.217.121/login/verify?cmd=account&update=1,1
http://bit.ly/4myixxj,1
http://tinyurl.com/zx79v37,1
https://www.paypal.com/pricing,0
http://goo.gl/ifji118,1
https://m.adobe.com/terms,0
https://m.yahoo.com/products,0
http://bit.ly/jhl5nzr,1
http://spotify.com@evil-phish.click/webscr?cmd=_login-submit,1
http://helpdesk.apple-secure.tk/webscr?cmd=_login-submit,1
https://reddit.com/contact,0
https://paypal.com/dashboard,0
http://chase-update-billing-7633.info/confirm/identity/verify,1
https://m.reddit.com/about,0
http://bit.ly/7n3ytc8,1
http://yahoo.com/terms,0
http://reuters.com/,0
https://apple.com/support,0
https://www.facebook.com/help,0
https://bbc.com/services,0
https://bing.com/search?q=python,0
https://m.facebook.com/services,0
http://confirm.chase-secure.ga/confirm/identity/verify,1
http://amazon-confirm-confirm-8105.click/secure/billing/confirm,1
http://account.netflix-secure.top/confirm/identity/verify,1
http://reddit.com@evil-phish.xyz/confirm/identity/verify,1
http://bank-billing-update.cf/login/verify?cmd=account&update=1,1
http://10.161.159.230/login/verify?cmd=account&update=1,1
http://10.193.109.8/webscr?cmd=_login-submit,1
https://instagram.com/search?q=python,0
http://netflix-verify-account-verify-account-4872.tk/update/account/billing,1
http://paypal-helpdesk-support.ml/login/verify?cmd=account&update=1,1
http://paypal-secure-login.ga/update/account/billing,1
https://wordpress.com/user/profile,0
http://172.34.92.240/login/verify?cmd=account&update=1,1
http://salesforce.com@evil-phish.ml/account/suspended?redirect=http://evil.com,1
http://validation.chase-secure.info/account/suspended?redirect=http://evil.com,1
https://www.apple.com/blog,0
https://bbc.com/services,0
https://medium.com/services,0
https://m.dropbox.com/help,0
https://salesforce.com/privacy,0
http://amazon-login-verify-login-account-5880.ml/account/suspended?redirect=http://evil.com,1
http://secure-amazon-login.gq/webscr?cmd=_login-submit,1
http://m.dropbox.com/help,0
http://secure.microsoft-secure.cf/download/install/setup.exe,1
http://chase-update-login-billing-9474.click/confirm/identity/verify,1
https://m.paypal.com/news,0
https://ebay.com/products,0
http://login.bank-secure.gq/account/suspended?redirect=http://evil.com,1
http://goo.gl/nl7i3p0,1
https://m.reuters.com/support,0
https://m.cnn.com/about,0
https://youtube.com/terms,0
http://goo.gl/dgdh5n4,1
https://apple.com/user/profile,0
http://github.com@evil-phish.link/secure/billing/confirm,1
https://m.shopify.com/terms,0
http://dropbox.com@evil-phish.info/confirm/identity/verify,1
http://login-netflix-secure.gq/webscr?cmd=_login-submit,1
https://m.medium.com/blog,0
http://apple-billing-update.click/secure/billing/confirm,1
http://apple-account-account-account-billing-2118.top/webscr?cmd=_login-submit,1
https://spotify.com/search?q=python,0
https://shopify.com/,0
http://verify.ebay-secure.xyz/signin/password/reset,1
http://account.apple-secure.top/signin/password/reset,1
https://m.cnn.com/settings,0
https://reuters.com/blog,0
https://microsoft.com/contact,0
http://confirm.apple-secure.link/signin/password/reset,1
http://secure-bank-login.click/secure/billing/confirm,1
http://secure.paypal-secure.click/signin/password/reset,1
http://185.112.113.86/update/account/billing,1
https://m.dropbox.com/help,0
http://mail.microsoft-secure.top/update/account/billing,1
http://185.126.36.55/account/suspended?redirect=http://evil.com,1
http://confirm.chase-secure.cf/account/suspended?redirect=http://evil.com,1
https://www.microsoft.com/dashboard,0
https://paypal.com/about,0
https://www.reuters.com/search?q=python,0
https://adobe.com/contact,0
https://reuters.com/contact,0
http://paypal-update-confirm-5566.link/confirm/identity/verify,1
https://m.medium.com/user/profile,0
https://wikipedia.org/,0
https://reuters.com/support,0
http://apple.com@evil-phish.ml/account/suspended?redirect=http://evil.com,1
http://apple.com@evil-phish.info/signin/password/reset,1
https://wikipedia.org/blog,0
http://linkedin.com@evil-phish.click/webscr?cmd=_login-submit,1
https://m.nytimes.com/settings,0
http://ow.ly/xi3c7g0,1
http://apple-confirm-billing-account-verify-6037.tk/confirm/identity/verify,1
http://spotify.com@evil-phish.xyz/signin/password/reset,1
http://ebay-update-account-account-7178.click/account/suspended?redirect=http://evil.com,1
http://chase.com.cf/account/suspended?redirect=http://evil.com,1
http://reuters.com@evil-phish.xyz/secure/billing/confirm,1
https://linkedin.com/terms,0
http://10.107.156.111/account/suspended?redirect=http://evil.com,1
https://stackoverflow.com/about,0
https://www.google.com/search?q=python,0
https://m.netflix.com/user/profile,0
https://yahoo.com/search?q=python,0
https://nytimes.com/,0
https://amazon.com/services,0
https://m.bbc.com/dashboard,0
http://paypal-login-secure-verify-1534.ga/webscr?cmd=_login-submit,1
http://tinyurl.com/k42ud2d,1
https://www.twitter.com/about,0
https://m.google.com/privacy,0
http://10.17.230.94/download/install/setup.exe,1
http://apple-confirm-secure-secure-secure-7488.info/confirm/identity/verify,1
http://yahoo.com@evil-phish.ml/download/install/setup.exe,1
https://salesforce.com/products,0
http://194.47.90.158/confirm/identity/verify,1
https://m.wikipedia.org/support,0
http://10.227.44.59/download/install/setup.exe,1
http://account.netflix-secure.ml/login/verify?cmd=account&update=1,1
http://spotify.com@evil-phish.xyz/signin/password/reset,1
http://secure-amazon-login.info/webscr?cmd=_login-submit,1
http://service.paypal-secure.cf/update/account/billing,1
http://ebay.com@evil-phish.ga/signin/password/reset,1
https://www.twitter.com/terms,0
http://account.amazon-secure.top/update/account/billing,1
http://tinyurl.com/27dqtro,1
https://m.netflix.com/privacy,0
https://www.bbc.com/products,0
https://m.bbc.com/blog,0
http://service.bank-secure.xyz/download/install/setup.exe,1
http://tinyurl.com/03iqhyc,1
http://172.5.138.41/account/suspended?redirect=http://evil.com,1
http://yahoo.com/news,0
http://www.wordpress.com/contact,0
http://192.168.81.20/webscr?cmd=_login-submit,1
https://www.apple.com/pricing,0
http://reddit.com@evil-phish.info/confirm/identity/verify,1
https://www.microsoft.com/support,0
http://bing.com@evil-phish.link/secure/billing/confirm,1
https://m.amazon.com/dashboard,0
https://reddit.com/services,0
http://reddit.com@evil-phish.ml/download/install/setup.exe,1
http://is.gd/50eozor,1
https://m.spotify.com/contact,0
https://instagram.com/dashboard,0
http://paypal-secure-login.top/download/install/setup.exe,1
https://m.microsoft.com/user/profile,0
http://goo.gl/ubal0j2,1
http://apple-secure-billing-account-login-4909.info/webscr?cmd=_login-submit,1
http://bit.ly/eftz53c,1
https://m.spotify.com/privacy,0
http://is.gd/9w6ya8j,1
http://45.154.128.135/download/install/setup.exe,1
http://helpdesk.amazon-secure.link/login/verify?cmd=account&update=1,1
http://update.amazon-secure.tk/secure/billing/confirm,1
https://reuters.com/blog,0
https://yahoo.com/blog,0
https://microsoft.com/pricing,0
http://wordpress.com/pricing,0
https://facebook.com/products,0
http://bit.ly/tg8325i,1
http://netflix-update-account-4055.xyz/download/install/setup.exe,1
http://secure-ebay-login.gq/update/account/billing,1
http://45.180.254.48/update/account/billing,1
https://www.microsoft.com/privacy,0
http://www.stackoverflow.com/settings,0
https://facebook.com/user/profile,0
https://m.youtube.com/privacy,0
http://paypal-secure-secure-3055.link/secure/billing/confirm,1
https://www.microsoft.com/dashboard,0
http://yahoo.com/privacy,0
http://185.9.34.181/account/suspended?redirect=http://evil.com,1
http://service.chase-secure.ga/confirm/identity/verify,1
https://www.apple.com/terms,0
http://www.bbc.com/pricing,0
http://login-apple-secure.click/secure/billing/confirm,1
https://cnn.com/contact,0
https://netflix.com/pricing,0
http://microsoft-account-login-5007.link/confirm/identity/verify,1
http://m.spotify.com/products,0
http://secure-netflix-login.ml/account/suspended?redirect=http://evil.com,1
http://wordpress.com@evil-phish.info/account/suspended?redirect=http://evil.com,1
https://m.apple.com/blog,0
https://dropbox.com/contact,0
https://bing.com/contact,0
http://172.95.252.131/signin/password/reset,1
https://netflix.com/news,0
http://shopify.com@evil-phish.tk/secure/billing/confirm,1
https://www.dropbox.com/search?q=python,0
http://wikipedia.org@evil-phish.ml/webscr?cmd=_login-submit,1
http://paypal-secure-login.tk/download/install/setup.exe,1
https://netflix.com/terms,0
http://support.amazon-secure.cf/login/verify?cmd=account&update=1,1
http://netflix.com@evil-phish.tk/download/install/setup.exe,1
https://bbc.com/,0
https://bing.com/search?q=python,0
https://amazon.com/terms,0
http://paypal-account-update-secure-7574.gq/signin/password/reset,1
http://tinyurl.com/lzm7odt,1
https://etsy.com/services,0
http://validation.apple-secure.top/update/account/billing,1
https://www.linkedin.com/terms,0
https://twitter.com/,0
http://google.com@evil-phish.tk/confirm/identity/verify,1
https://amazon.com/services,0
http://account.microsoft-secure.top/update/account/billing,1
http://verify.microsoft-secure.top/download/install/setup.exe,1
http://helpdesk.amazon-secure.info/webscr?cmd=_login-submit,1
https://m.linkedin.com/pricing,0
https://microsoft.com/privacy,0
https://yahoo.com/support,0
https://youtube.com/search?q=python,0
http://is.gd/vbaxiaq,1
http://194.81.47.211/account/suspended?redirect=http://evil.com,1
https://youtube.com/support,0
http://secure-netflix-login.info/login/verify?cmd=account&update=1,1
http://172.135.119.242/secure/billing/confirm,1
https://m.etsy.com/about,0
http://172.104.6.146/update/account/billing,1
http://is.gd/cq7vg6n,1
http://bit.ly/tjpcfv7,1
https://amazon.com/pricing,0
http://www.dropbox.com/,0
http://microsoft-verify-update-update-login-8100.cf/account/suspended?redirect=http://evil.com,1
http://secure-bank-login.info/webscr?cmd=_login-submit,1
https://adobe.com/,0
http://amazon-account-verify.gq/confirm/identity/verify,1
http://192.168.246.124/confirm/identity/verify,1
https://m.apple.com/settings,0
http://amazon-account-verify.ga/update/account/billing,1
http://m.spotify.com/blog,0
http://yahoo.com@evil-phish.tk/download/install/setup.exe,1
http://google.com@evil-phish.tk/download/install/setup.exe,1
http://45.226.104.7/webscr?cmd=_login-submit,1
https://nytimes.com/search?q=python,0
https://linkedin.com/privacy,0
https://youtube.com/terms,0
https://www.paypal.com/privacy,0
http://banking.paypal-secure.gq/webscr?cmd=_login-submit,1
http://chase-account-billing-billing-account-1730.click/signin/password/reset,1
https://m.wikipedia.org/about,0
http://stackoverflow.com@evil-phish.ga/login/verify?cmd=account&update=1,1
https://apple.com/,0
http://tinyurl.com/260q1g1,1
http://10.175.78.34/secure/billing/confirm,1
https://cnn.com/,0
http://ow.ly/u8wd62j,1
https://github.com/pricing,0
http://ebay-account-secure-9059.top/login/verify?cmd=account&update=1,1
http://mail.ebay-secure.top/secure/billing/confirm,1
http://m.reddit.com/privacy,0
http://45.191.4.177/update/account/billing,1
http://mail.bank-secure.ga/update/account/billing,1
http://bank-billing-update.click/update/account/billing,1
https://reddit.com/contact,0
https://netflix.com/blog,0
https://m.spotify.com/settings,0
https://cnn.com/news,0
http://update.ebay-secure.info/account/suspended?redirect=http://evil.com,1
https://twitter.com/settings,0
http://ebay.com.gq/webscr?cmd=_login-submit,1
https://www.ebay.com/,0
http://chase-login-confirm-login-3712.ml/download/install/setup.exe,1
https://www.reuters.com/news,0
http://login.apple-secure.top/secure/billing/confirm,1
https://wordpress.com/settings,0
http://185.237.242.71/signin/password/reset,1
https://paypal.com/support,0
https://m.medium.com/search?q=python,0
http://twitter.com@evil-phish.link/login/verify?cmd=account&update=1,1
https://twitter.com/pricing,0
https://stackoverflow.com/blog,0
http://m.yahoo.com/contact,0
http://verify.microsoft-secure.top/secure/billing/confirm,1
http://10.38.202.51/webscr?cmd=_login-submit,1
http://tinyurl.com/2yzrgf2,1
https://m.reuters.com/terms,0
http://linkedin.com@evil-phish.top/download/install/setup.exe,1
http://facebook.com@evil-phish.ga/account/suspended?redirect=http://evil.com,1
http://chase-account-verify-7343.info/secure/billing/confirm,1
http://support.ebay-secure.gq/update/account/billing,1
https://www.stackoverflow.com/settings,0
http://10.114.28.180/confirm/identity/verify,1
http://medium.com@evil-phish.info/confirm/identity/verify,1
https://m.yahoo.com/products,0
https://m.reuters.com/privacy,0
http://secure-ebay-login.tk/webscr?cmd=_login-submit,1
http://tinyurl.com/6aiu01l,1
http://tinyurl.com/i1n6clp,1
http://172.66.150.18/login/verify?cmd=account&update=1,1
http://ebay-helpdesk-support.link/update/account/billing,1
https://m.linkedin.com/pricing,0
https://reddit.com/dashboard,0
http://support.bank-secure.cf/account/suspended?redirect=http://evil.com,1
http://login-paypal-secure.click/update/account/billing,1
http://microsoft.com.link/login/verify?cmd=account&update=1,1
http://bank-login-billing-secure-verify-6454.top/signin/password/reset,1
https://wikipedia.org/dashboard,0
http://goo.gl/qit4j0s,1
https://www.reuters.com/products,0
http://is.gd/5lv0krv,1
http://apple-billing-update.click/account/suspended?redirect=http://evil.com,1
http://microsoft-verify-login-billing-billing-5039.ml/signin/password/reset,1
http://amazon-confirm-secure-login-secure-8260.info/confirm/identity/verify,1
http://10.231.26.105/confirm/identity/verify,1
https://bbc.com/services,0
http://ow.ly/ig8ofsm,1
https://microsoft.com/help,0
https://m.yahoo.com/blog,0
http://amazon-account-verify.info/account/suspended?redirect=http://evil.com,1
https://www.bbc.com/terms,0
https://adobe.com/terms,0
http://amazon-account-verify.info/download/install/setup.exe,1
http://spotify.com@evil-phish.ga/secure/billing/confirm,1
http://amazon-account-verify.ml/login/verify?cmd=account&update=1,1
https://bbc.com/terms,0
http://reddit.com@evil-phish.ga/download/install/setup.exe,1
https://wordpress.com/,0
http://10.63.152.84/webscr?cmd=_login-submit,1
http://support.microsoft-secure.tk/account/suspended?redirect=http://evil.com,1
https://m.dropbox.com/products,0
https://bing.com/pricing,0
http://chase-helpdesk-support.ml/confirm/identity/verify,1
https://netflix.com/pricing,0
http://support.bank-secure.gq/update/account/billing,1
https://www.wikipedia.org/settings,0
http://amazon.com@evil-phish.link/login/verify?cmd=account&update=1,1
https://yahoo.com/dashboard,0
https://m.dropbox.com/products,0
http://instagram.com@evil-phish.top/signin/password/reset,1
https://www.stackoverflow.com/dashboard,0
http://verify.microsoft-secure.xyz/account/suspended?redirect=http://evil.com,1
http://194.78.97.116/login/verify?cmd=account&update=1,1
http://apple.com@evil-phish.ga/login/verify?cmd=account&update=1,1
https://www.paypal.com/,0
http://bit.ly/dvnab87,1
http://172.63.150.40/confirm/identity/verify,1
https://www.github.com/contact,0
http://m.bing.com/terms,0
http://is.gd/ggv9f9p,1
http://194.128.192.119/login/verify?cmd=account&update=1,1
http://ebay-helpdesk-support.top/secure/billing/confirm,1
http://microsoft-billing-login-billing-8536.info/secure/billing/confirm,1
https://ebay.com/products,0
http://chase-secure-login-verify-2876.tk/account/suspended?redirect=http://evil.com,1
https://instagram.com/dashboard,0
http://verify.microsoft-secure.link/signin/password/reset,1
http://m.youtube.com/support,0
http://amazon-account-confirm-secure-secure-4567.gq/account/suspended?redirect=http://evil.com,1
https://nytimes.com/products,0
http://chase-confirm-account-8406.ml/secure/billing/confirm,1
https://reuters.com/user/profile,0
http://validation.netflix-secure.xyz/account/suspended?redirect=http://evil.com,1
http://is.gd/p81yceg,1
https://medium.com/settings,0
https://m.yahoo.com/contact,0
http://confirm.amazon-secure.top/confirm/identity/verify,1
https://m.yahoo.com/search?q=python,0
https://m.shopify.com/user/profile,0
http://bbc.com@evil-phish.top/confirm/identity/verify,1
http://tinyurl.com/mb9upep,1
http://tinyurl.com/qvqlq93,1
https://www.spotify.com/privacy,0
https://netflix.com/settings,0
http://update.paypal-secure.xyz/webscr?cmd=_login-submit,1
http://update.netflix-secure.info/confirm/identity/verify,1
https://reddit.com/products,0
http://185.235.140.9/secure/billing/confirm,1
https://www.paypal.com/terms,0
https://www.wordpress.com/about,0
http://login-microsoft-secure.tk/confirm/identity/verify,1
http://reddit.com@evil-phish.link/secure/billing/confirm,1
http://secure-apple-login.ml/account/suspended?redirect=http://evil.com,1
https://m.reuters.com/help,0
https://medium.com/user/profile,0
https://nytimes.com/pricing,0
http://10.98.236.116/signin/password/reset,1
http://chase.com.xyz/login/verify?cmd=account&update=1,1
http://facebook.com@evil-phish.ga/download/install/setup.exe,1
http://amazon-confirm-billing-secure-confirm-2528.top/confirm/identity/verify,1
http://salesforce.com@evil-phish.top/login/verify?cmd=account&update=1,1
https://m.cnn.com/privacy,0
https://netflix.com/about,0
http://validation.ebay-secure.cf/webscr?cmd=_login-submit,1
http://login.apple-secure.gq/secure/billing/confirm,1
http://amazon-account-verify.xyz/account/suspended?redirect=http://evil.com,1
https://github.com/help,0
https://linkedin.com/,0
http://m.reuters.com/dashboard,0
https://etsy.com/privacy,0
https://youtube.com/products,0
https://wordpress.com/pricing,0
https://stackoverflow.com/help,0
https://cnn.com/about,0
http://service.bank-secure.ga/login/verify?cmd=account&update=1,1
http://ow.ly/edz3g9r,1
https://www.salesforce.com/privacy,0
http://bank-billing-login-6872.xyz/update/account/billing,1
https://etsy.com/pricing,0
https://www.reuters.com/user/profile,0
http://ebay-secure-confirm-1360.gq/login/verify?cmd=account&update=1,1
https://ebay.com/,0
http://is.gd/qpyh5h2,1
https://wordpress.com/products,0
https://www.reddit.com/news,0
http://salesforce.com@evil-phish.link/confirm/identity/verify,1
http://192.168.81.189/confirm/identity/verify,1
http://tinyurl.com/ink68ga,1
https://m.apple.com/privacy,0
https://instagram.com/products,0
https://www.bing.com/support,0
http://login-chase-secure.click/update/account/billing,1
http://is.gd/hgr8cp1,1
https://www.amazon.com/,0
http://ow.ly/kbrfbfl,1
https://www.apple.com/pricing,0
http://172.17.192.202/confirm/identity/verify,1
https://www.cnn.com/privacy,0
http://ow.ly/ywh8ea3,1
https://m.medium.com/terms,0
https://m.stackoverflow.com/services,0
https://m.amazon.com/help,0
http://bbc.com/user/profile,0
http://www.yahoo.com/news,0
http://yahoo.com@evil-phish.ga/login/verify?cmd=account&update=1,1
https://reddit.com/terms,0
http://is.gd/n6c4w71,1
http://paypal-verify-verify-account-confirm-8965.top/login/verify?cmd=account&update=1,1
https://m.wordpress.com/settings,0
http://support.amazon-secure.top/login/verify?cmd=account&update=1,1
http://amazon-login-confirm-7484.gq/webscr?cmd=_login-submit,1
https://m.apple.com/terms,0
https://adobe.com/dashboard,0
https://www.apple.com/search?q=python,0
http://stackoverflow.com@evil-phish.tk/webscr?cmd=_login-submit,1
http://service.bank-secure.gq/login/verify?cmd=account&update=1,1
http://secure.bank-secure.click/update/account/billing,1
http://172.189.162.138/login/verify?cmd=account&update=1,1
https://reddit.com/dashboard,0
https://reddit.com/pricing,0
https://paypal.com/support,0
https://www.apple.com/products,0
http://194.60.158.20/login/verify?cmd=account&update=1,1
http://yahoo.com@evil-phish.tk/webscr?cmd=_login-submit,1
http://amazon-account-verify.xyz/download/install/setup.exe,1
http://secure.amazon-secure.tk/update/account/billing,1
https://bing.com/dashboard,0
http://amazon.com@evil-phish.ga/confirm/identity/verify,1
https://netflix.com/products,0
https://www.github.com/terms,0
https://yahoo.com/privacy,0
https://facebook.com/contact,0
http://cnn.com@evil-phish.top/secure/billing/confirm,1
http://www.apple.com/services,0
http://192.168.39.7/account/suspended?redirect=http://evil.com,1
https://apple.com/terms,0
http://apple-confirm-confirm-2452.ml/download/install/setup.exe,1
http://login-paypal-secure.click/confirm/identity/verify,1
http://netflix.com.gq/webscr?cmd=_login-submit,1
https://github.com/about,0
http://45.105.74.128/webscr?cmd=_login-submit,1
http://instagram.com/about,0
https://www.paypal.com/settings,0
https://shopify.com/dashboard,0
http://m.bbc.com/help,0
http://chase-secure-secure-2922.ga/secure/billing/confirm,1
https://m.microsoft.com/,0
http://is.gd/acj28ms,1
http://amazon.com/pricing,0
http://paypal.com@evil-phish.link/download/install/setup.exe,1
https://m.wordpress.com/blog,0
http://salesforce.com@evil-phish.xyz/download/install/setup.exe,1
http://support.microsoft-secure.cf/webscr?cmd=_login-submit,1
http://helpdesk.apple-secure.xyz/account/suspended?redirect=http://evil.com,1
http://update.ebay-secure.gq/login/verify?cmd=account&update=1,1
https://paypal.com/support,0
http://ebay-helpdesk-support.tk/login/verify?cmd=account&update=1,1
https://m.nytimes.com/blog,0
http://amazon-billing-update.info/secure/billing/confirm,1
https://m.yahoo.com/support,0
http://amazon-billing-update.cf/download/install/setup.exe,1
http://microsoft-confirm-secure-billing-billing-4352.link/signin/password/reset,1
https://stackoverflow.com/products,0
http://bit.ly/aj6qh4m,1
https://www.google.com/settings,0
http://ow.ly/kmrfsf7,1
http://tinyurl.com/4rkp3wu,1
http://ow.ly/odsu9f1,1
https://www.instagram.com/pricing,0
https://microsoft.com/,0
https://bing.com/support,0
https://paypal.com/help,0
https://medium.com/products,0
https://m.linkedin.com/services,0
http://apple.com/terms,0
https://ebay.com/support,0
http://wordpress.com@evil-phish.xyz/confirm/identity/verify,1
https://m.etsy.com/news,0
http://194.195.126.87/webscr?cmd=_login-submit,1
http://apple-login-account-secure-billing-6350.link/account/suspended?redirect=http://evil.com,1
http://paypal-secure-login.ga/secure/billing/confirm,1
http://goo.gl/yz8rpts,1
https://m.github.com/blog,0
http://tinyurl.com/wh40w6a,1
http://secure-microsoft-login.xyz/confirm/identity/verify,1
http://is.gd/nqrpjz3,1
https://twitter.com/support,0
http://nytimes.com@evil-phish.click/signin/password/reset,1
https://apple.com/news,0
http://dropbox.com/news,0
http://account.chase-secure.link/account/suspended?redirect=http://evil.com,1
http://salesforce.com/blog,0
http://secure.paypal-secure.info/account/suspended?redirect=http://evil.com,1
http://service.bank-secure.top/webscr?cmd=_login-submit,1
https://dropbox.com/privacy,0
http://amazon-account-verify.top/signin/password/reset,1
http://cnn.com/help,0
http://172.84.67.70/confirm/identity/verify,1
http://service.amazon-secure.tk/update/account/billing,1
https://adobe.com/terms,0
http://secure-microsoft-login.info/webscr?cmd=_login-submit,1
https://www.bing.com/services,0
https://www.dropbox.com/dashboard,0
https://yahoo.com/services,0
https://medium.com/,0
https://spotify.com/help,0
https://paypal.com/products,0
http://microsoft-confirm-login-update-1605.click/download/install/setup.exe,1
http://bit.ly/zbb27s9,1
http://172.161.86.216/download/install/setup.exe,1
https://etsy.com/products,0
http://login.microsoft-secure.xyz/signin/password/reset,1
http://etsy.com/about,0
https://www.linkedin.com/dashboard,0
https://www.salesforce.com/help,0
https://www.shopify.com/dashboard,0
http://bit.ly/p8oei97,1
http://tinyurl.com/tzw446t,1
http://amazon-account-verify.xyz/account/suspended?redirect=http://evil.com,1
http://support.ebay-secure.click/update/account/billing,1
http://is.gd/axp0uo7,1
https://shopify.com/,0
https://www.instagram.com/help,0
http://netflix-login-billing-6922.link/login/verify?cmd=account&update=1,1
https://m.dropbox.com/products,0
http://wikipedia.org@evil-phish.top/signin/password/reset,1
http://is.gd/gx409wn,1
http://banking.ebay-secure.tk/update/account/billing,1
https://www.adobe.com/dashboard,0
http://paypal-login-update-1489.xyz/account/suspended?redirect=http://evil.com,1
http://tinyurl.com/agtgiol,1
https://salesforce.com/pricing,0
https://instagram.com/products,0
http://chase-confirm-account-2393.cf/login/verify?cmd=account&update=1,1
http://wikipedia.org@evil-phish.cf/login/verify?cmd=account&update=1,1
https://m.shopify.com/services,0
https://www.cnn.com/pricing,0
http://twitter.com/about,0
http://chase-verify-account-verify-9518.click/account/suspended?redirect=http://evil.com,1
http://ebay.com.xyz/update/account/billing,1
http://192.168.60.2/secure/billing/confirm,1
http://confirm.bank-secure.ml/login/verify?cmd=account&update=1,1
http://secure-ebay-login.cf/confirm/identity/verify,1
https://youtube.com/blog,0
http://www.nytimes.com/settings,0
http://apple-verify-verify-update-6925.ml/download/install/setup.exe,1
http://194.74.169.76/signin/password/reset,1
https://microsoft.com/dashboard,0
http://paypal-verify-update-verify-3448.ml/account/suspended?redirect=http://evil.com,1
https://yahoo.com/blog,0
http://45.57.13.197/confirm/identity/verify,1
https://microsoft.com/products,0
https://m.ebay.com/settings,0
http://verify.ebay-secure.tk/download/install/setup.exe,1
http://bank-billing-login-login-billing-2634.click/webscr?cmd=_login-submit,1
https://bbc.com/news,0
http://bit.ly/gcnubj7,1
https://cnn.com/about,0
http://www.amazon.com/pricing,0
http://bank-billing-account-3146.cf/login/verify?cmd=account&update=1,1
https://stackoverflow.com/help,0
https://spotify.com/search?q=python,0
https://www.apple.com/dashboard,0
https://apple.com/settings,0
https://medium.com/settings,0
http://paypal-secure-login.ga/login/verify?cmd=account&update=1,1
http://reddit.com@evil-phish.top/download/install/setup.exe,1
https://m.wikipedia.org/user/profile,0
https://reddit.com/contact,0
http://amazon-account-verify.cf/confirm/identity/verify,1
http://update.microsoft-secure.xyz/login/verify?cmd=account&update=1,1
http://amazon-account-verify.top/webscr?cmd=_login-submit,1
https://apple.com/search?q=python,0
https://medium.com/products,0
http://account-apple-verify.tk/webscr?cmd=_login-submit,1
https://m.dropbox.com/contact,0
http://etsy.com@evil-phish.gq/confirm/identity/verify,1
http://goo.gl/1gt7dht,1
http://mail.apple-secure.tk/webscr?cmd=_login-submit,1
http://account.netflix-secure.xyz/account/suspended?redirect=http://evil.com,1
https://cnn.com/search?q=python,0
http://45.77.27.101/account/suspended?redirect=http://evil.com,1
http://172.210.217.59/login/verify?cmd=account&update=1,1
https://m.youtube.com/products,0
https://salesforce.com/products,0
http://www.salesforce.com/settings,0
https://github.com/support,0
http://secure-netflix-login.info/update/account/billing,1
http://confirm.ebay-secure.top/login/verify?cmd=account&update=1,1
http://www.github.com/privacy,0
https://github.com/about,0
http://is.gd/gtt0rrs,1
http://172.178.128.220/update/account/billing,1
https://m.wikipedia.org/,0
https://youtube.com/privacy,0
https://wikipedia.org/support,0
http://bank.com.top/confirm/identity/verify,1
http://ow.ly/v2y9269,1
https://www.github.com/dashboard,0
https://wordpress.com/blog,0
https://www.google.com/search?q=python,0
https://m.wordpress.com/news,0
https://facebook.com/products,0
https://etsy.com/blog,0
https://salesforce.com/products,0
http://192.168.40.188/download/install/setup.exe,1
https://adobe.com/help,0
https://github.com/settings,0
https://twitter.com/settings,0
https://www.stackoverflow.com/settings,0
https://m.adobe.com/contact,0
https://instagram.com/services,0
http://secure-bank-login.cf/account/suspended?redirect=http://evil.com,1
https://cnn.com/support,0
http://194.216.22.6/secure/billing/confirm,1
https://shopify.com/about,0
http://validation.netflix-secure.ml/confirm/identity/verify,1
https://facebook.com/,0
http://172.170.251.161/update/account/billing,1
https://nytimes.com/terms,0
https://www.nytimes.com/search?q=python,0
https://instagram.com/dashboard,0
https://paypal.com/contact,0
https://yahoo.com/help,0
http://login-netflix-secure.click/update/account/billing,1
http://ow.ly/dvmbo4k,1
http://194.176.100.160/download/install/setup.exe,1
http://tinyurl.com/qi5eqzp,1
https://ebay.com/services,0
https://m.netflix.com/search?q=python,0
http://chase-login-confirm-7574.click/update/account/billing,1
http://update.bank-secure.link/secure/billing/confirm,1
http://secure.bank-secure.info/account/suspended?redirect=http://evil.com,1
https://m.github.com/user/profile,0
http://yahoo.com@evil-phish.ml/update/account/billing,1
http://wordpress.com@evil-phish.ga/webscr?cmd=_login-submit,1
https://youtube.com/privacy,0
http://www.reuters.com/contact,0
http://account-microsoft-verify.gq/download/install/setup.exe,1
https://www.youtube.com/support,0
https://yahoo.com/help,0
http://netflix-account-update-confirm-billing-7663.ga/account/suspended?redirect=http://evil.com,1
http://login-netflix-secure.xyz/confirm/identity/verify,1
https://spotify.com/user/profile,0
https://www.paypal.com/news,0
https://microsoft.com/search?q=python,0
http://secure-bank-login.ga/update/account/billing,1
https://yahoo.com/terms,0
http://etsy.com@evil-phish.xyz/download/install/setup.exe,1
https://netflix.com/privacy,0
https://www.microsoft.com/blog,0
http://10.116.70.169/login/verify?cmd=account&update=1,1
http://194.173.128.248/update/account/billing,1
https://www.stackoverflow.com/services,0
http://nytimes.com@evil-phish.tk/webscr?cmd=_login-submit,1
http://microsoft-billing-update.link/download/install/setup.exe,1
https://m.linkedin.com/search?q=python,0
http://bing.com@evil-phish.gq/download/install/setup.exe,1
http://microsoft-confirm-confirm-2900.click/secure/billing/confirm,1
http://is.gd/b8kh4pj,1
https://m.bing.com/settings,0
http://ebay-update-login-login-secure-3618.click/login/verify?cmd=account&update=1,1
http://45.172.104.162/update/account/billing,1
http://m.netflix.com/contact,0
https://www.instagram.com/pricing,0
https://dropbox.com/services,0
https://www.reddit.com/,0
https://netflix.com/about,0
http://github.com@evil-phish.link/webscr?cmd=_login-submit,1
http://netflix-confirm-account-4728.top/download/install/setup.exe,1
http://is.gd/6g4ywko,1
http://amazon-verify-secure-billing-verify-4892.top/login/verify?cmd=account&update=1,1
http://reddit.com@evil-phish.link/download/install/setup.exe,1
https://www.ebay.com/search?q=python,0
http://185.95.106.12/account/suspended?redirect=http://evil.com,1
http://bit.ly/0l9layk,1
http://172.188.240.145/secure/billing/confirm,1
https://apple.com/terms,0
http://adobe.com@evil-phish.xyz/confirm/identity/verify,1
http://185.81.127.53/update/account/billing,1
http://secure.bank-secure.click/login/verify?cmd=account&update=1,1
http://goo.gl/xbv30bm,1
http://mail.apple-secure.click/confirm/identity/verify,1
http://goo.gl/rrixcij,1
https://shopify.com/settings,0
http://login.paypal-secure.click/signin/password/reset,1
https://paypal.com/user/profile,0
http://nytimes.com@evil-phish.top/confirm/identity/verify,1
http://amazon-billing-update.xyz/login/verify?cmd=account&update=1,1
http://185.38.48.216/update/account/billing,1
https://google.com/contact,0
https://m.netflix.com/,0
https://bing.com/help,0
http://chase-confirm-secure-confirm-3930.cf/login/verify?cmd=account&update=1,1
https://reddit.com/about,0
http://account-ebay-verify.xyz/login/verify?cmd=account&update=1,1
http://support.ebay-secure.link/webscr?cmd=_login-submit,1
http://194.233.150.240/download/install/setup.exe,1
https://www.salesforce.com/products,0
http://45.112.155.209/webscr?cmd=_login-submit,1
https://m.github.com/contact,0
http://bing.com@evil-phish.xyz/confirm/identity/verify,1
https://www.github.com/contact,0
https://www.paypal.com/services,0
http://apple-login-update-login-account-4869.ml/login/verify?cmd=account&update=1,1
http://m.twitter.com/settings,0
https://www.google.com/dashboard,0
https://shopify.com/blog,0
http://194.181.237.235/secure/billing/confirm,1
http://is.gd/sm72ujz,1
http://185.13.63.52/signin/password/reset,1
https://paypal.com/terms,0
https://cnn.com/user/profile,0
https://facebook.com/support,0
http://amazon-account-verify.gq/webscr?cmd=_login-submit,1
https://apple.com/search?q=python,0
https://reddit.com/contact,0
https://yahoo.com/,0
http://helpdesk.microsoft-secure.ml/download/install/setup.exe,1
http://is.gd/bjmigj6,1
http://45.218.192.121/webscr?cmd=_login-submit,1
https://facebook.com/pricing,0
http://apple-helpdesk-support.xyz/login/verify?cmd=account&update=1,1
https://shopify.com/blog,0
https://salesforce.com/services,0
http://185.81.39.67/secure/billing/confirm,1
https://microsoft.com/user/profile,0
http://secure.paypal-secure.click/account/suspended?redirect=http://evil.com,1
http://account-microsoft-verify.ga/confirm/identity/verify,1
http://facebook.com/products,0
https://m.adobe.com/terms,0
https://www.instagram.com/search?q=python,0
https://bbc.com/contact,0
http://172.1.111.134/update/account/billing,1
https://www.ebay.com/dashboard,0
http://netflix-login-confirm-secure-4625.top/webscr?cmd=_login-submit,1
http://microsoft-login-verify-account-8832.link/signin/password/reset,1
http://172.184.128.10/signin/password/reset,1
https://ebay.com/support,0
http://www.instagram.com/services,0
https://www.cnn.com/search?q=python,0
https://amazon.com/terms,0
https://microsoft.com/support,0
http://www.amazon.com/products,0
https://www.google.com/help,0
http://cnn.com@evil-phish.info/secure/billing/confirm,1
https://m.bing.com/about,0
https://www.nytimes.com/services,0
https://www.stackoverflow.com/products,0
http://goo.gl/pl5nbti,1
https://www.wikipedia.org/contact,0
http://ebay.com@evil-phish.cf/signin/password/reset,1
http://172.64.220.99/update/account/billing,1
http://instagram.com@evil-phish.link/download/install/setup.exe,1
http://amazon-billing-update.ml/update/account/billing,1
http://185.213.95.167/download/install/setup.exe,1
http://apple.com@evil-phish.link/download/install/setup.exe,1
https://shopify.com/settings,0
https://nytimes.com/search?q=python,0
http://10.163.113.59/confirm/identity/verify,1
http://amazon-billing-update.top/secure/billing/confirm,1
https://spotify.com/search?q=python,0
http://goo.gl/8oy7gnj,1
https://wordpress.com/services,0
http://update.chase-secure.click/confirm/identity/verify,1
https://m.instagram.com/pricing,0
http://172.187.237.100/update/account/billing,1
http://ow.ly/h81tjrt,1
http://validation.ebay-secure.click/login/verify?cmd=account&update=1,1
http://apple-account-update-login-billing-9390.xyz/login/verify?cmd=account&update=1,1
https://ebay.com/help,0
https://m.netflix.com/terms,0
https://www.twitter.com/search?q=python,0
http://mail.microsoft-secure.info/download/install/setup.exe,1
https://www.apple.com/terms,0
https://www.google.com/news,0
http://service.apple-secure.click/login/verify?cmd=account&update=1,1
http://account-microsoft-verify.top/download/install/setup.exe,1
http://ow.ly/onvw8sj,1
https://www.bbc.com/blog,0
https://salesforce.com/services,0
http://45.91.37.6/confirm/identity/verify,1
https://wikipedia.org/blog,0
http://ow.ly/hgna0b6,1
https://instagram.com/support,0
https://reddit.com/about,0
http://is.gd/6ljpwm8,1
http://account.microsoft-secure.cf/signin/password/reset,1
https://m.shopify.com/terms,0
https://microsoft.com/support,0
https://github.com/products,0
http://support.bank-secure.top/download/install/setup.exe,1
http://bit.ly/u6sjjfz,1
http://apple-helpdesk-support.link/confirm/identity/verify,1
http://bbc.com@evil-phish.top/update/account/billing,1
http://secure.amazon-secure.xyz/secure/billing/confirm,1
https://medium.com/terms,0
http://amazon.com/terms,0
http://tinyurl.com/7g5b0l8,1
http://wikipedia.org/dashboard,0
https://www.ebay.com/about,0
http://45.168.161.123/secure/billing/confirm,1
http://www.google.com/help,0
http://bank.com.cf/download/install/setup.exe,1
http://bank-helpdesk-support.ga/secure/billing/confirm,1
http://account-amazon-verify.click/secure/billing/confirm,1
http://account.microsoft-secure.xyz/signin/password/reset,1
http://confirm.paypal-secure.ga/login/verify?cmd=account&update=1,1
http://tinyurl.com/81xtqsr,1
https://ebay.com/services,0
http://chase.com.gq/confirm/identity/verify,1
http://instagram.com@evil-phish.top/update/account/billing,1
https://instagram.com/services,0
http://is.gd/0g6hqhu,1
https://www.apple.com/privacy,0
http://ow.ly/lmuxfzj,1
http://account-paypal-verify.top/login/verify?cmd=account&update=1,1
http://helpdesk.ebay-secure.cf/secure/billing/confirm,1
https://paypal.com/pricing,0
http://apple-verify-confirm-secure-6079.link/secure/billing/confirm,1
https://m.wikipedia.org/products,0
http://service.bank-secure.cf/download/install/setup.exe,1
https://etsy.com/user/profile,0
https://www.youtube.com/terms,0
https://www.microsoft.com/services,0
http://banking.chase-secure.ml/secure/billing/confirm,1
http://account-ebay-verify.ga/download/install/setup.exe,1
http://salesforce.com/privacy,0
http://is.gd/xnn861p,1
https://m.facebook.com/products,0
http://account-ebay-verify.cf/secure/billing/confirm,1
https://www.etsy.com/settings,0
http://netflix-confirm-verify-billing-5382.info/secure/billing/confirm,1
https://www.cnn.com/search?q=python,0
http://www.medium.com/,0
http://update.microsoft-secure.info/secure/billing/confirm,1
http://banking.chase-secure.ml/account/suspended?redirect=http://evil.com,1
http://m.instagram.com/settings,0
http://www.salesforce.com/dashboard,0
https://cnn.com/terms,0
http://paypal-account-verify-update-update-1481.click/update/account/billing,1
http://192.168.200.71/login/verify?cmd=account&update=1,1
http://ow.ly/7geyv6n,1
http://paypal-secure-login.cf/signin/password/reset,1
http://reddit.com@evil-phish.cf/webscr?cmd=_login-submit,1
http://mail.chase-secure.info/secure/billing/confirm,1
https://facebook.com/pricing,0
https://netflix.com/search?q=python,0
http://facebook.com@evil-phish.gq/webscr?cmd=_login-submit,1
https://stackoverflow.com/news,0
http://m.paypal.com/search?q=python,0
http://medium.com/contact,0
http://microsoft-update-confirm-update-1000.top/download/install/setup.exe,1
http://validation.netflix-secure.info/signin/password/reset,1
http://secure-amazon-login.click/signin/password/reset,1
https://www.yahoo.com/blog,0
https://www.adobe.com/contact,0
https://google.com/terms,0
http://login-paypal-secure.info/account/suspended?redirect=http://evil.com,1
http://paypal-secure-login.tk/confirm/identity/verify,1
http://tinyurl.com/887tlet,1
https://shopify.com/about,0
https://m.github.com/contact,0
https://facebook.com/,0
https://m.facebook.com/settings,0
https://m.instagram.com/help,0
http://twitter.com@evil-phish.top/confirm/identity/verify,1
https://www.twitter.com/contact,0
http://172.106.51.106/login/verify?cmd=account&update=1,1
http://service.netflix-secure.ga/secure/billing/confirm,1
https://wordpress.com/support,0
http://mail.netflix-secure.click/login/verify?cmd=account&update=1,1
https://m.ebay.com/blog,0
https://microsoft.com/,0
http://validation.chase-secure.cf/signin/password/reset,1
https://youtube.com/dashboard,0
https://cnn.com/search?q=python,0
https://twitter.com/user/profile,0
https://bbc.com/settings,0
http://ow.ly/x7d0rzx,1
http://chase-verify-update-update-1665.info/update/account/billing,1
http://paypal-update-secure-5418.top/download/install/setup.exe,1
https://etsy.com/blog,0
http://secure-netflix-login.info/signin/password/reset,1
https://m.linkedin.com/pricing,0
https://m.ebay.com/support,0
https://salesforce.com/blog,0
http://amazon-confirm-verify-login-4648.link/secure/billing/confirm,1
http://amazon-verify-secure-update-update-9261.gq/download/install/setup.exe,1
http://helpdesk.chase-secure.ga/download/install/setup.exe,1
https://etsy.com/support,0
http://tinyurl.com/ss2pmia,1
http://ebay-login-update-6465.ml/update/account/billing,1
http://10.28.148.136/update/account/billing,1
http://paypal-login-confirm-4988.tk/login/verify?cmd=account&update=1,1
http://chase-verify-secure-secure-3074.ga/download/install/setup.exe,1
http://service.ebay-secure.click/update/account/billing,1
https://twitter.com/products,0
https://www.instagram.com/,0
https://m.instagram.com/dashboard,0
https://yahoo.com/contact,0
http://apple-secure-update-7627.ml/webscr?cmd=_login-submit,1
https://microsoft.com/terms,0
https://paypal.com/privacy,0
http://account.microsoft-secure.link/update/account/billing,1
https://www.microsoft.com/search?q=python,0
https://github.com/blog,0
https://youtube.com/about,0
https://microsoft.com/blog,0
https://www.adobe.com/dashboard,0
https://facebook.com/products,0
http://194.175.108.10/update/account/billing,1
https://spotify.com/about,0
https://bing.com/blog,0
https://m.shopify.com/search?q=python,0
http://secure-netflix-login.info/confirm/identity/verify,1
https://www.dropbox.com/terms,0
https://ebay.com/search?q=python,0
http://reddit.com@evil-phish.top/signin/password/reset,1
http://instagram.com@evil-phish.top/login/verify?cmd=account&update=1,1
https://microsoft.com/pricing,0
http://m.adobe.com/pricing,0
http://45.34.210.145/secure/billing/confirm,1
https://medium.com/news,0
https://www.amazon.com/support,0
http://185.181.106.39/confirm/identity/verify,1
http://helpdesk.chase-secure.info/confirm/identity/verify,1
https://www.spotify.com/settings,0
http://microsoft.com@evil-phish.info/webscr?cmd=_login-submit,1
https://instagram.com/privacy,0
https://m.shopify.com/about,0
http://ebay-helpdesk-support.link/confirm/identity/verify,1
http://amazon-billing-update.xyz/login/verify?cmd=account&update=1,1
https://spotify.com/terms,0
https://m.medium.com/blog,0
http://185.124.138.20/account/suspended?redirect=http://evil.com,1
https://instagram.com/blog,0
http://paypal-secure-login.link/account/suspended?redirect=http://evil.com,1
http://m.nytimes.com/support,0
http://bit.ly/0h4fl7q,1
https://google.com/pricing,0
https://youtube.com/help,0
https://www.nytimes.com/user/profile,0
https://www.cnn.com/help,0
https://facebook.com/search?q=python,0
https://m.youtube.com/about,0
http://ow.ly/q08zx54,1
https://www.reuters.com/,0
https://m.microsoft.com/about,0
http://10.65.231.247/secure/billing/confirm,1
http://ow.ly/r2ime3l,1
https://www.ebay.com/services,0
http://reddit.com@evil-phish.ga/signin/password/reset,1
https://www.microsoft.com/dashboard,0
https://etsy.com/support,0
https://wikipedia.org/settings,0
http://ebay-login-secure-confirm-5267.gq/login/verify?cmd=account&update=1,1
http://login-bank-secure.link/login/verify?cmd=account&update=1,1
https://microsoft.com/about,0
https://reddit.com/privacy,0
http://account-amazon-verify.xyz/confirm/identity/verify,1
http://login-ebay-secure.ga/webscr?cmd=_login-submit,1
https://www.medium.com/,0
https://www.reuters.com/news,0
http://172.106.198.113/signin/password/reset,1
https://www.microsoft.com/settings,0
https://www.reuters.com/pricing,0
https://bbc.com/support,0
http://secure-netflix-login.tk/secure/billing/confirm,1
https://wikipedia.org/dashboard,0
http://bank-secure-verify-confirm-3351.top/account/suspended?redirect=http://evil.com,1
https://www.amazon.com/dashboard,0
https://m.twitter.com/news,0
https://linkedin.com/user/profile,0
http://login-ebay-secure.ga/update/account/billing,1
http://185.38.250.150/confirm/identity/verify,1
https://youtube.com/settings,0
https://microsoft.com/user/profile,0
https://m.instagram.com/terms,0
http://service.bank-secure.info/secure/billing/confirm,1
http://amazon-billing-update.info/account/suspended?redirect=http://evil.com,1
http://netflix.com@evil-phish.top/account/suspended?redirect=http://evil.com,1
http://etsy.com/products,0
https://www.instagram.com/pricing,0
http://m.reddit.com/search?q=python,0
http://45.40.141.186/update/account/billing,1
http://login.bank-secure.cf/login/verify?cmd=account&update=1,1
https://www.shopify.com/about,0
https://bing.com/search?q=python,0
http://apple-confirm-verify-billing-8560.xyz/secure/billing/confirm,1
https://www.shopify.com/news,0
https://medium.com/products,0
https://paypal.com/pricing,0
https://github.com/blog,0
http://www.yahoo.com/pricing,0
http://secure-netflix-login.link/confirm/identity/verify,1
https://www.reuters.com/user/profile,0
http://paypal-secure-login.info/login/verify?cmd=account&update=1,1
https://m.stackoverflow.com/blog,0
https://www.cnn.com/terms,0
http://service.paypal-secure.xyz/secure/billing/confirm,1
https://wikipedia.org/terms,0
https://m.github.com/help,0
http://facebook.com/privacy,0
http://ow.ly/fqksd7g,1
http://confirm.microsoft-secure.link/download/install/setup.exe,1
http://microsoft.com.info/signin/password/reset,1
https://wikipedia.org/settings,0
http://is.gd/azp8ox5,1
https://www.facebook.com/settings,0
https://facebook.com/dashboard,0
https://shopify.com/about,0
http://bbc.com@evil-phish.top/update/account/billing,1
http://10.148.168.173/signin/password/reset,1
http://yahoo.com@evil-phish.top/download/install/setup.exe,1
https://apple.com/blog,0
http://ow.ly/twj8suw,1
https://google.com/news,0
https://www.apple.com/search?q=python,0
https://www.microsoft.com/settings,0
https://www.apple.com/dashboard,0
https://wikipedia.org/privacy,0
http://apple-billing-update-account-7142.click/webscr?cmd=_login-submit,1
https://www.twitter.com/support,0
http://is.gd/rsxqsaa,1
http://microsoft-secure-update-9416.cf/secure/billing/confirm,1
https://twitter.com/about,0
http://login-paypal-secure.top/secure/billing/confirm,1
http://amazon-account-verify.cf/login/verify?cmd=account&update=1,1
http://medium.com@evil-phish.ml/login/verify?cmd=account&update=1,1
https://www.wordpress.com/news,0
https://yahoo.com/dashboard,0
https://spotify.com/support,0
https://www.yahoo.com/support,0
http://youtube.com@evil-phish.ga/download/install/setup.exe,1
https://github.com/news,0
http://amazon.com@evil-phish.tk/secure/billing/confirm,1
https://instagram.com/blog,0
http://account-paypal-verify.top/download/install/setup.exe,1
https://google.com/terms,0
https://yahoo.com/contact,0
http://10.111.55.119/login/verify?cmd=account&update=1,1
http://netflix-billing-secure-4170.tk/secure/billing/confirm,1
https://www.reuters.com/products,0
https://shopify.com/terms,0
https://www.stackoverflow.com/blog,0
http://amazon.com@evil-phish.ml/secure/billing/confirm,1
http://apple-billing-update.link/confirm/identity/verify,1
http://185.41.145.72/download/install/setup.exe,1
https://m.medium.com/about,0
https://www.reddit.com/privacy,0
http://chase-confirm-login-login-confirm-5027.cf/login/verify?cmd=account&update=1,1
http://tinyurl.com/ajneq5d,1
https://www.wikipedia.org/pricing,0
https://medium.com/blog,0
http://m.instagram.com/news,0
https://bing.com/user/profile,0
https://www.microsoft.com/support,0
https://www.microsoft.com/search?q=python,0
http://10.156.212.100/secure/billing/confirm,1
http://login-chase-secure.gq/account/suspended?redirect=http://evil.com,1
https://m.netflix.com/privacy,0
https://reuters.com/help,0
https://reuters.com/help,0
https://bbc.com/support,0
https://www.reddit.com/,0
https://adobe.com/products,0
https://www.instagram.com/,0
http://bank-login-update-verify-9682.click/signin/password/reset,1
http://paypal.com@evil-phish.ml/confirm/identity/verify,1
https://instagram.com/help,0
http://amazon-account-account-1115.link/signin/password/reset,1
http://account-bank-verify.ml/signin/password/reset,1
http://apple.com@evil-phish.xyz/signin/password/reset,1
http://update.chase-secure.gq/secure/billing/confirm,1
http://m.reuters.com/news,0
http://45.94.28.202/download/install/setup.exe,1
https://www.yahoo.com/search?q=python,0
https://facebook.com/help,0
https://amazon.com/settings,0
http://reuters.com@evil-phish.cf/update/account/billing,1
https://bing.com/blog,0
https://www.bbc.com/terms,0
http://adobe.com@evil-phish.xyz/webscr?cmd=_login-submit,1
https://m.ebay.com/,0
https://www.reddit.com/terms,0
https://nytimes.com/products,0
http://banking.netflix-secure.click/signin/password/reset,1
https://www.microsoft.com/services,0
http://m.google.com/support,0
http://bank-account-verify-confirm-8792.xyz/update/account/billing,1
http://45.110.197.251/webscr?cmd=_login-submit,1
http://ow.ly/oxm8bvz,1
http://account-amazon-verify.link/signin/password/reset,1
https://amazon.com/contact,0
http://login-apple-secure.cf/webscr?cmd=_login-submit,1
http://45.107.195.184/login/verify?cmd=account&update=1,1
https://medium.com/user/profile,0
https://m.dropbox.com/products,0
http://netflix-confirm-confirm-billing-6967.tk/account/suspended?redirect=http://evil.com,1
http://microsoft-account-billing-1195.ga/download/install/setup.exe,1
https://m.facebook.com/support,0
http://validation.netflix-secure.link/signin/password/reset,1
https://wordpress.com/contact,0
http://youtube.com@evil-phish.top/account/suspended?redirect=http://evil.com,1
https://www.dropbox.com/terms,0
http://amazon-update-verify-account-update-6409.cf/webscr?cmd=_login-submit,1
http://185.57.118.54/login/verify?cmd=account&update=1,1
http://172.7.196.186/webscr?cmd=_login-submit,1
http://ebay-billing-secure-confirm-5794.link/account/suspended?redirect=http://evil.com,1
https://bing.com/pricing,0
http://support.netflix-secure.top/update/account/billing,1
http://ow.ly/3a1i10p,1
https://m.salesforce.com/contact,0
https://m.stackoverflow.com/products,0
http://paypal-helpdesk-support.ml/confirm/identity/verify,1
http://confirm.netflix-secure.info/download/install/setup.exe,1
http://account.bank-secure.xyz/download/install/setup.exe,1
http://paypal.com@evil-phish.ml/confirm/identity/verify,1
http://instagram.com/user/profile,0
https://medium.com/contact,0
https://linkedin.com/settings,0
http://apple.com.ml/update/account/billing,1
http://spotify.com/privacy,0
https://www.wordpress.com/settings,0
http://helpdesk.ebay-secure.tk/signin/password/reset,1
https://m.netflix.com/privacy,0
https://www.spotify.com/pricing,0
http://helpdesk.netflix-secure.ml/login/verify?cmd=account&update=1,1
https://linkedin.com/,0
http://confirm.netflix-secure.info/confirm/identity/verify,1
http://m.paypal.com/pricing,0
http://bank-confirm-update-secure-9880.gq/webscr?cmd=_login-submit,1
https://adobe.com/about,0
https://www.cnn.com/terms,0
http://netflix-billing-account-update-4350.ml/account/suspended?redirect=http://evil.com,1
http://helpdesk.amazon-secure.xyz/download/install/setup.exe,1
http://chase-billing-billing-verify-8014.ga/login/verify?cmd=account&update=1,1
http://ow.ly/aih0nog,1
http://login-netflix-secure.cf/update/account/billing,1
https://www.microsoft.com/pricing,0
http://chase-confirm-account-verify-confirm-5054.top/confirm/identity/verify,1
http://mail.amazon-secure.tk/login/verify?cmd=account&update=1,1
http://is.gd/jjvhoiq,1
http://account-chase-verify.ga/webscr?cmd=_login-submit,1
https://bing.com/blog,0
https://dropbox.com/blog,0
https://www.nytimes.com/contact,0
http://account-chase-verify.info/account/suspended?redirect=http://evil.com,1
https://dropbox.com/terms,0
http://validation.ebay-secure.xyz/account/suspended?redirect=http://evil.com,1
http://login.amazon-secure.ml/login/verify?cmd=account&update=1,1
http://192.168.105.70/account/suspended?redirect=http://evil.com,1
https://bing.com/help,0
http://service.paypal-secure.cf/confirm/identity/verify,1
https://ebay.com/dashboard,0
https://m.youtube.com/pricing,0
https://amazon.com/,0
https://m.cnn.com/news,0
https://microsoft.com/services,0
https://paypal.com/pricing,0
https://nytimes.com/about,0
https://m.twitter.com/,0
http://account.apple-secure.link/confirm/identity/verify,1
https://stackoverflow.com/settings,0
http://netflix-confirm-update-billing-4587.gq/secure/billing/confirm,1
http://banking.microsoft-secure.gq/update/account/billing,1
http://185.138.226.166/update/account/billing,1
https://m.instagram.com/about,0
https://m.facebook.com/dashboard,0
http://shopify.com/terms,0
https://m.paypal.com/pricing,0
https://www.medium.com/dashboard,0
http://192.168.230.193/account/suspended?redirect=http://evil.com,1
http://paypal-billing-update.link/signin/password/reset,1
http://tinyurl.com/s2n3k87,1
https://m.spotify.com/about,0
http://microsoft-secure-secure-8146.ml/download/install/setup.exe,1
http://172.39.228.216/webscr?cmd=_login-submit,1
https://bbc.com/contact,0
http://facebook.com@evil-phish.gq/account/suspended?redirect=http://evil.com,1
http://apple-login-login-5643.tk/account/suspended?redirect=http://evil.com,1
https://www.stackoverflow.com/pricing,0
http://www.yahoo.com/help,0
https://www.medium.com/services,0
http://mail.netflix-secure.tk/download/install/setup.exe,1
http://goo.gl/bnrk4pv,1
https://ebay.com/services,0
https://linkedin.com/contact,0
https://m.netflix.com/search?q=python,0
https://wordpress.com/user/profile,0
http://tinyurl.com/4imd01n,1
https://nytimes.com/products,0
http://amazon-account-verify.click/webscr?cmd=_login-submit,1
https://netflix.com/terms,0
http://wikipedia.org@evil-phish.xyz/signin/password/reset,1
http://185.63.10.225/update/account/billing,1
https://www.reddit.com/dashboard,0
https://m.bing.com/blog,0
https://m.netflix.com/privacy,0
http://yahoo.com@evil-phish.cf/update/account/billing,1
http://account.apple-secure.cf/signin/password/reset,1
https://medium.com/pricing,0
http://ebay-helpdesk-support.info/update/account/billing,1
https://m.ebay.com/,0
https://www.reuters.com/products,0
http://194.42.82.58/secure/billing/confirm,1
http://45.180.190.48/update/account/billing,1
https://instagram.com/,0
http://goo.gl/hs7auig,1
http://185.35.2.17/download/install/setup.exe,1
https://stackoverflow.com/,0
https://netflix.com/support,0
http://is.gd/hu81cvy,1
http://45.76.36.140/download/install/setup.exe,1
https://m.paypal.com/about,0
https://m.spotify.com/services,0
http://194.157.157.202/download/install/setup.exe,1
http://tinyurl.com/a5yu3tt,1
https://www.netflix.com/about,0
http://bank-login-billing-confirm-5088.ml/login/verify?cmd=account&update=1,1
http://nytimes.com@evil-phish.ml/webscr?cmd=_login-submit,1
https://bing.com/dashboard,0
http://service.bank-secure.ga/account/suspended?redirect=http://evil.com,1
https://stackoverflow.com/support,0
https://github.com/help,0
https://stackoverflow.com/terms,0
http://amazon-verify-login-update-2923.top/download/install/setup.exe,1
https://m.reuters.com/support,0
http://bing.com@evil-phish.link/download/install/setup.exe,1
http://bank-verify-secure-billing-account-3673.info/webscr?cmd=_login-submit,1
http://paypal-secure-login.link/webscr?cmd=_login-submit,1
http://account-chase-verify.top/login/verify?cmd=account&update=1,1
http://ow.ly/uup1kzv,1
http://verify.ebay-secure.tk/account/suspended?redirect=http://evil.com,1
https://m.apple.com/services,0
http://microsoft-billing-update.cf/confirm/identity/verify,1
https://twitter.com/about,0
https://www.microsoft.com/help,0
https://microsoft.com/support,0
http://ebay.com@evil-phish.link/login/verify?cmd=account&update=1,1
http://shopify.com@evil-phish.gq/signin/password/reset,1
http://ebay-account-secure-secure-4647.tk/download/install/setup.exe,1
https://m.reddit.com/news,0
https://reuters.com/search?q=python,0
https://www.linkedin.com/news,0
https://m.bbc.com/about,0
http://confirm.apple-secure.link/signin/password/reset,1
https://shopify.com/pricing,0
https://m.wordpress.com/,0
https://m.stackoverflow.com/help,0
http://m.youtube.com/privacy,0
http://support.bank-secure.info/login/verify?cmd=account&update=1,1
http://10.122.100.120/confirm/identity/verify,1
http://amazon-account-verify.click/account/suspended?redirect=http://evil.com,1
http://185.85.122.210/login/verify?cmd=account&update=1,1
https://m.dropbox.com/settings,0
https://stackoverflow.com/about,0
http://192.168.236.164/download/install/setup.exe,1
https://youtube.com/,0
http://192.168.21.235/webscr?cmd=_login-submit,1
http://185.93.17.223/login/verify?cmd=account&update=1,1
http://microsoft.com.tk/update/account/billing,1
https://m.cnn.com/support,0
https://netflix.com/pricing,0
http://185.30.29.155/update/account/billing,1
http://paypal-secure-login.top/confirm/identity/verify,1
http://login-bank-secure.top/secure/billing/confirm,1
https://www.youtube.com/,0
https://salesforce.com/services,0
https://github.com/about,0
http://secure.chase-secure.xyz/download/install/setup.exe,1
https://reddit.com/terms,0
http://10.26.56.18/login/verify?cmd=account&update=1,1
https://twitter.com/user/profile,0
http://185.2.94.94/secure/billing/confirm,1
https://bbc.com/user/profile,0
https://wordpress.com/search?q=python,0
http://192.168.95.216/signin/password/reset,1
http://apple.com@evil-phish.click/webscr?cmd=_login-submit,1
https://linkedin.com/,0
http://goo.gl/vdcf33u,1
https://www.instagram.com/help,0
http://bank-secure-secure-5675.top/confirm/identity/verify,1
http://secure-amazon-login.tk/account/suspended?redirect=http://evil.com,1
http://192.168.75.183/confirm/identity/verify,1
http://goo.gl/4xblrx0,1
https://www.salesforce.com/user/profile,0
https://m.reuters.com/products,0
https://wikipedia.org/help,0
http://ow.ly/jd85dw1,1
http://172.54.193.95/signin/password/reset,1
http://chase-update-verify-secure-account-2358.xyz/download/install/setup.exe,1
https://m.github.com/settings,0
https://www.google.com/,0
http://tinyurl.com/45k5q5g,1
https://paypal.com/contact,0
http://facebook.com@evil-phish.top/account/suspended?redirect=http://evil.com,1
http://shopify.com@evil-phish.ga/webscr?cmd=_login-submit,1
https://www.nytimes.com/support,0
http://chase-confirm-billing-2934.link/login/verify?cmd=account&update=1,1
https://twitter.com/privacy,0
https://youtube.com/support,0
http://paypal-verify-account-verify-account-4020.ml/download/install/setup.exe,1
https://m.reuters.com/settings,0
http://bank-confirm-billing-4843.xyz/webscr?cmd=_login-submit,1
http://www.cnn.com/about,0
https://m.ebay.com/,0
https://m.linkedin.com/news,0
https://reuters.com/help,0
https://instagram.com/blog,0
https://m.amazon.com/news,0
http://192.168.194.22/update/account/billing,1
https://www.github.com/settings,0
http://secure-apple-login.cf/confirm/identity/verify,1
http://yahoo.com/dashboard,0
https://m.instagram.com/search?q=python,0
http://support.microsoft-secure.ga/update/account/billing,1
https://bbc.com/privacy,0
http://10.196.219.105/signin/password/reset,1
http://ow.ly/5t9egvx,1
http://bit.ly/68ma1jl,1
https://m.facebook.com/help,0
http://45.106.54.169/update/account/billing,1
https://m.etsy.com/blog,0
http://ebay-verify-secure-account-5104.link/update/account/billing,1
https://m.medium.com/support,0
http://account.amazon-secure.cf/webscr?cmd=_login-submit,1
http://194.179.138.123/signin/password/reset,1
https://www.ebay.com/settings,0
https://www.netflix.com/privacy,0
http://paypal-secure-login.xyz/confirm/identity/verify,1
http://support.paypal-secure.ga/account/suspended?redirect=http://evil.com,1
https://m.microsoft.com/settings,0
http://ow.ly/3nlbjm0,1
http://login-microsoft-secure.top/update/account/billing,1
http://spotify.com@evil-phish.info/login/verify?cmd=account&update=1,1
https://wikipedia.org/privacy,0
http://yahoo.com@evil-phish.xyz/signin/password/reset,1
https://linkedin.com/services,0
http://45.215.190.29/login/verify?cmd=account&update=1,1
http://bank-login-confirm-verify-9234.link/update/account/billing,1
https://cnn.com/search?q=python,0
http://stackoverflow.com@evil-phish.tk/confirm/identity/verify,1
http://wikipedia.org@evil-phish.xyz/download/install/setup.exe,1
http://m.spotify.com/about,0
http://bit.ly/r2tyzc5,1
http://paypal-secure-login.gq/secure/billing/confirm,1
http://goo.gl/lxsol15,1
https://www.adobe.com/help,0
http://185.135.21.189/login/verify?cmd=account&update=1,1
http://goo.gl/4noauj9,1
http://support.paypal-secure.info/login/verify?cmd=account&update=1,1
https://apple.com/user/profile,0
https://paypal.com/help,0
https://etsy.com/blog,0
http://45.117.57.8/update/account/billing,1
https://www.etsy.com/help,0
http://login.paypal-secure.xyz/webscr?cmd=_login-submit,1
http://login.chase-secure.gq/secure/billing/confirm,1
http://172.93.246.196/confirm/identity/verify,1
https://m.medium.com/products,0
http://goo.gl/u7yf9ul,1
http://account.ebay-secure.ga/account/suspended?redirect=http://evil.com,1
http://paypal-billing-update.click/login/verify?cmd=account&update=1,1
http://account-chase-verify.info/update/account/billing,1
http://youtube.com@evil-phish.info/login/verify?cmd=account&update=1,1
http://goo.gl/ac1pmad,1
http://tinyurl.com/qculvuk,1
http://amazon.com@evil-phish.xyz/login/verify?cmd=account&update=1,1
http://10.56.247.160/download/install/setup.exe,1
https://www.wordpress.com/support,0
https://paypal.com/contact,0
http://www.github.com/help,0
http://www.spotify.com/blog,0
http://paypal-secure-login.xyz/signin/password/reset,1
http://login-ebay-secure.info/secure/billing/confirm,1
https://m.medium.com/terms,0
https://m.reuters.com/contact,0
https://youtube.com/products,0
https://m.yahoo.com/,0
https://google.com/help,0
http://etsy.com@evil-phish.cf/webscr?cmd=_login-submit,1
https://m.wordpress.com/user/profile,0
https://dropbox.com/products,0
http://paypal-verify-billing-9466.tk/signin/password/reset,1
http://shopify.com/products,0
https://www.facebook.com/privacy,0
http://tinyurl.com/dl6urbj,1
http://microsoft.com/pricing,0
https://linkedin.com/products,0
http://192.168.67.170/signin/password/reset,1
https://adobe.com/products,0
https://bbc.com/help,0
https://www.bing.com/user/profile,0
https://netflix.com/user/profile,0
http://google.com@evil-phish.gq/account/suspended?redirect=http://evil.com,1
http://account.netflix-secure.ga/download/install/setup.exe,1
https://m.spotify.com/settings,0
http://tinyurl.com/l1ivzou,1
http://account-bank-verify.link/confirm/identity/verify,1
http://chase-verify-login-confirm-6923.cf/login/verify?cmd=account&update=1,1
http://bing.com/settings,0
http://apple.com@evil-phish.top/update/account/billing,1
https://m.instagram.com/services,0
https://spotify.com/privacy,0
http://youtube.com/news,0
https://google.com/terms,0
https://www.etsy.com/services,0
http://bank-login-account-confirm-secure-1834.ml/download/install/setup.exe,1
https://reddit.com/news,0
https://m.dropbox.com/terms,0
https://www.adobe.com/terms,0
http://apple.com@evil-phish.cf/confirm/identity/verify,1
http://nytimes.com/,0
http://bank-update-confirm-update-6678.info/signin/password/reset,1
https://stackoverflow.com/about,0
https://www.shopify.com/user/profile,0
https://twitter.com/news,0
http://ebay-verify-login-account-8846.top/webscr?cmd=_login-submit,1
http://netflix-login-confirm-2652.click/account/suspended?redirect=http://evil.com,1
https://paypal.com/privacy,0
https://paypal.com/support,0
https://apple.com/privacy,0
https://salesforce.com/services,0
http://confirm.ebay-secure.xyz/download/install/setup.exe,1
http://bit.ly/u139ka7,1
https://nytimes.com/,0
https://apple.com/search?q=python,0
https://cnn.com/,0
http://helpdesk.bank-secure.xyz/account/suspended?redirect=http://evil.com,1
https://www.microsoft.com/contact,0
https://www.etsy.com/blog,0
https://m.stackoverflow.com/blog,0
http://ow.ly/7nqr3tb,1
http://paypal.com@evil-phish.gq/account/suspended?redirect=http://evil.com,1
http://medium.com@evil-phish.link/login/verify?cmd=account&update=1,1
http://amazon-account-verify.top/login/verify?cmd=account&update=1,1
https://www.spotify.com/dashboard,0
http://cnn.com@evil-phish.tk/download/install/setup.exe,1
https://twitter.com/search?q=python,0
https://spotify.com/settings,0
http://reddit.com@evil-phish.info/confirm/identity/verify,1
http://192.168.234.216/login/verify?cmd=account&update=1,1
http://10.143.145.90/update/account/billing,1
http://amazon-account-billing-account-verify-7687.click/confirm/identity/verify,1
http://10.124.222.242/update/account/billing,1
http://account-bank-verify.xyz/signin/password/reset,1
https://stackoverflow.com/contact,0
http://amazon-account-verify.top/confirm/identity/verify,1
http://172.228.1.200/update/account/billing,1
https://www.reuters.com/search?q=python,0
http://support.amazon-secure.link/account/suspended?redirect=http://evil.com,1
http://194.49.64.227/account/suspended?redirect=http://evil.com,1
https://amazon.com/blog,0
http://172.115.222.164/account/suspended?redirect=http://evil.com,1
http://chase-helpdesk-support.ga/download/install/setup.exe,1
http://goo.gl/umuc4lr,1
http://ow.ly/yz5nd2o,1
https://www.youtube.com/,0
http://bit.ly/f34hh4w,1
http://mail.chase-secure.info/webscr?cmd=_login-submit,1
http://netflix-helpdesk-support.ga/signin/password/reset,1
http://45.210.176.91/confirm/identity/verify,1
https://www.instagram.com/search?q=python,0
http://bit.ly/ajx4b0a,1
http://twitter.com/search?q=python,0
http://172.210.95.243/secure/billing/confirm,1
https://m.spotify.com/services,0
https://google.com/privacy,0
https://medium.com/services,0
https://www.amazon.com/privacy,0
https://cnn.com/support,0
http://apple-update-secure-secure-account-6809.ga/account/suspended?redirect=http://evil.com,1
http://banking.chase-secure.ml/account/suspended?redirect=http://evil.com,1
https://medium.com/search?q=python,0
https://www.youtube.com/pricing,0
https://apple.com/blog,0
https://m.google.com/settings,0
http://ow.ly/7nxngby,1
https://google.com/news,0
http://185.3.153.176/login/verify?cmd=account&update=1,1
http://ow.ly/d1vaa4l,1
https://m.nytimes.com/blog,0
http://stackoverflow.com/support,0
https://paypal.com/products,0
https://github.com/services,0
https://m.apple.com/dashboard,0
http://reddit.com@evil-phish.top/update/account/billing,1
https://cnn.com/user/profile,0
https://www.wikipedia.org/,0
http://172.167.131.117/secure/billing/confirm,1
http://verify.apple-secure.ml/download/install/setup.exe,1
https://m.linkedin.com/blog,0
https://cnn.com/services,0
https://reuters.com/dashboard,0
http://salesforce.com@evil-phish.link/account/suspended?redirect=http://evil.com,1
https://microsoft.com/,0
http://secure.apple-secure.gq/update/account/billing,1
http://support.netflix-secure.ga/update/account/billing,1
https://www.wordpress.com/user/profile,0
http://microsoft-login-verify-update-login-8680.ga/update/account/billing,1
https://netflix.com/dashboard,0
https://wordpress.com/pricing,0
http://paypal-login-update-confirm-account-8189.gq/signin/password/reset,1
http://amazon-billing-update.tk/login/verify?cmd=account&update=1,1
https://adobe.com/blog,0
https://bbc.com/user/profile,0
http://amazon.com.info/login/verify?cmd=account&update=1,1
http://chase-login-secure-4232.ga/login/verify?cmd=account&update=1,1
http://m.adobe.com/products,0
https://paypal.com/contact,0
http://apple-helpdesk-support.gq/update/account/billing,1
http://goo.gl/rq59d6s,1
https://paypal.com/,0
http://paypal-verify-account-secure-secure-7137.info/secure/billing/confirm,1
http://goo.gl/3bau57o,1
http://172.240.172.131/download/install/setup.exe,1
http://mail.bank-secure.top/download/install/setup.exe,1
https://paypal.com/help,0
https://github.com/products,0
http://m.yahoo.com/user/profile,0
http://45.222.191.6/webscr?cmd=_login-submit,1
https://apple.com/products,0
http://185.121.129.221/login/verify?cmd=account&update=1,1
https://bbc.com/products,0
http://netflix-account-billing-confirm-1421.click/signin/password/reset,1
http://is.gd/0amts7y,1
https://instagram.com/help,0
https://facebook.com/blog,0
http://banking.chase-secure.ml/update/account/billing,1
http://account-ebay-verify.xyz/login/verify?cmd=account&update=1,1
http://secure-microsoft-login.ga/login/verify?cmd=account&update=1,1
https://m.microsoft.com/about,0
http://185.175.184.134/signin/password/reset,1
https://netflix.com/settings,0
http://ow.ly/62pypr1,1
http://service.paypal-secure.click/webscr?cmd=_login-submit,1
https://www.youtube.com/dashboard,0
https://www.nytimes.com/settings,0
https://www.yahoo.com/user/profile,0
http://account-bank-verify.ga/login/verify?cmd=account&update=1,1
https://bbc.com/settings,0
https://salesforce.com/services,0
http://secure.microsoft-secure.ga/download/install/setup.exe,1
http://paypal-secure-login.link/download/install/setup.exe,1
http://45.191.113.171/download/install/setup.exe,1
http://45.176.250.117/secure/billing/confirm,1
https://m.bing.com/user/profile,0
http://apple-confirm-secure-2039.top/download/install/setup.exe,1
https://m.bbc.com/about,0
http://apple-verify-update-update-billing-8913.click/secure/billing/confirm,1
https://yahoo.com/user/profile,0
https://www.bbc.com/privacy,0
https://www.google.com/search?q=python,0
https://dropbox.com/,0
http://secure-ebay-login.gq/signin/password/reset,1
https://www.medium.com/support,0
https://medium.com/settings,0
http://wikipedia.org@evil-phish.gq/secure/billing/confirm,1
http://banking.chase-secure.info/signin/password/reset,1
https://instagram.com/products,0
https://m.stackoverflow.com/about,0
https://linkedin.com/user/profile,0
http://tinyurl.com/oazfuuz,1
http://reddit.com@evil-phish.tk/download/install/setup.exe,1
http://secure-paypal-login.ga/webscr?cmd=_login-submit,1
https://m.twitter.com/news,0
https://cnn.com/support,0
https://m.spotify.com/search?q=python,0
http://apple-helpdesk-support.gq/login/verify?cmd=account&update=1,1
http://medium.com@evil-phish.cf/webscr?cmd=_login-submit,1
http://salesforce.com@evil-phish.xyz/webscr?cmd=_login-submit,1
https://instagram.com/contact,0
http://netflix-secure-confirm-update-9510.gq/account/suspended?redirect=http://evil.com,1
http://45.163.27.80/login/verify?cmd=account&update=1,1
http://salesforce.com@evil-phish.cf/confirm/identity/verify,1
https://yahoo.com/terms,0
http://bing.com@evil-phish.ga/login/verify?cmd=account&update=1,1
https://reuters.com/news,0
http://185.98.91.66/update/account/billing,1
https://m.reuters.com/support,0
https://amazon.com/pricing,0
http://mail.apple-secure.cf/login/verify?cmd=account&update=1,1
http://dropbox.com/news,0
https://microsoft.com/services,0
http://chase-helpdesk-support.ml/secure/billing/confirm,1
https://m.linkedin.com/dashboard,0
http://paypal-secure-login.cf/login/verify?cmd=account&update=1,1
https://nytimes.com/dashboard,0
http://is.gd/7xochat,1
https://m.etsy.com/terms,0
http://adobe.com/contact,0
http://shopify.com@evil-phish.tk/webscr?cmd=_login-submit,1
http://m.apple.com/,0
http://bbc.com@evil-phish.ga/login/verify?cmd=account&update=1,1
http://cnn.com@evil-phish.xyz/signin/password/reset,1
http://paypal-secure-login.link/secure/billing/confirm,1
http://bank-billing-update.gq/download/install/setup.exe,1
https://netflix.com/support,0
https://bing.com/dashboard,0
http://bit.ly/8ml948u,1
http://confirm.paypal-secure.cf/download/install/setup.exe,1
https://shopify.com/blog,0
http://172.215.70.35/webscr?cmd=_login-submit,1
http://confirm.chase-secure.xyz/signin/password/reset,1
http://194.109.119.100/account/suspended?redirect=http://evil.com,1
https://netflix.com/news,0
https://cnn.com/,0
http://ow.ly/0u75cnx,1
http://bit.ly/7xkp5id,1
http://yahoo.com@evil-phish.tk/webscr?cmd=_login-submit,1
http://microsoft.com.ml/secure/billing/confirm,1
https://www.etsy.com/services,0
https://wikipedia.org/help,0
http://m.medium.com/pricing,0
https://m.linkedin.com/news,0
http://login.amazon-secure.top/download/install/setup.exe,1
https://m.salesforce.com/terms,0
http://194.218.109.229/account/suspended?redirect=http://evil.com,1
http://192.168.42.94/webscr?cmd=_login-submit,1
http://bit.ly/um330bo,1
http://apple.com.link/signin/password/reset,1
https://m.dropbox.com/settings,0
http://amazon-login-billing-confirm-8608.link/signin/password/reset,1
https://m.medium.com/user/profile,0
https://www.wordpress.com/search?q=python,0
https://www.stackoverflow.com/help,0
http://185.195.62.254/update/account/billing,1
https://www.ebay.com/blog,0
https://microsoft.com/contact,0
https://salesforce.com/user/profile,0
https://microsoft.com/services,0
https://shopify.com/products,0
http://google.com@evil-phish.ga/signin/password/reset,1
http://192.168.31.95/download/install/setup.exe,1
http://bank.com.cf/confirm/identity/verify,1
https://m.netflix.com/blog,0
http://apple-billing-billing-update-9137.tk/webscr?cmd=_login-submit,1
https://www.yahoo.com/products,0
http://amazon-account-verify.info/signin/password/reset,1
http://stackoverflow.com@evil-phish.link/update/account/billing,1
http://secure-paypal-login.link/signin/password/reset,1
http://45.40.203.25/download/install/setup.exe,1
http://10.56.236.133/confirm/identity/verify,1
https://yahoo.com/search?q=python,0
https://paypal.com/about,0
https://dropbox.com/search?q=python,0
http://apple.com@evil-phish.cf/download/install/setup.exe,1
http://bank-update-verify-secure-3113.xyz/login/verify?cmd=account&update=1,1
http://is.gd/zxoqhoj,1
https://paypal.com/user/profile,0
https://www.spotify.com/help,0
https://www.bing.com/help,0
https://bbc.com/news,0
http://paypal-login-verify-account-verify-6758.info/login/verify?cmd=account&update=1,1
http://ow.ly/mf6m8wn,1
http://secure-microsoft-login.ga/account/suspended?redirect=http://evil.com,1
https://dropbox.com/blog,0
https://www.adobe.com/products,0
http://wordpress.com@evil-phish.ga/confirm/identity/verify,1
https://www.netflix.com/settings,0
https://www.dropbox.com/privacy,0
https://m.cnn.com/help,0
https://bbc.com/products,0
https://www.twitter.com/terms,0
http://10.113.192.82/confirm/identity/verify,1
https://m.netflix.com/blog,0
http://helpdesk.paypal-secure.link/login/verify?cmd=account&update=1,1
http://m.bbc.com/settings,0
http://validation.bank-secure.top/signin/password/reset,1
http://medium.com@evil-phish.gq/update/account/billing,1
http://login-apple-secure.info/login/verify?cmd=account&update=1,1
http://bit.ly/dfo6sa8,1
http://194.187.69.245/confirm/identity/verify,1
https://m.amazon.com/news,0
https://twitter.com/settings,0
http://chase.com.gq/login/verify?cmd=account&update=1,1
http://amazon-secure-confirm-billing-4283.xyz/login/verify?cmd=account&update=1,1
https://facebook.com/,0
https://netflix.com/dashboard,0
http://bit.ly/i73t2gq,1
https://m.salesforce.com/news,0
https://m.github.com/services,0
https://www.medium.com/user/profile,0
https://m.facebook.com/contact,0
https://wordpress.com/settings,0
http://paypal-secure-login.top/webscr?cmd=_login-submit,1
http://bit.ly/3wn8aar,1
https://shopify.com/pricing,0
https://wordpress.com/support,0
http://paypal-secure-login.ga/secure/billing/confirm,1
http://ebay-verify-login-billing-confirm-1186.ml/webscr?cmd=_login-submit,1
http://update.microsoft-secure.ml/secure/billing/confirm,1
http://amazon-account-verify.info/update/account/billing,1
http://chase-confirm-confirm-4170.xyz/confirm/identity/verify,1
https://adobe.com/about,0
http://login-amazon-secure.cf/account/suspended?redirect=http://evil.com,1
http://ebay-secure-secure-update-secure-8970.link/confirm/identity/verify,1
https://etsy.com/products,0
http://is.gd/v5vs0jz,1
https://spotify.com/terms,0
https://m.apple.com/about,0
http://10.144.231.135/webscr?cmd=_login-submit,1
http://bank.com.gq/account/suspended?redirect=http://evil.com,1
https://m.etsy.com/search?q=python,0
http://ebay-billing-update.ga/login/verify?cmd=account&update=1,1
https://google.com/help,0
https://twitter.com/help,0
https://google.com/news,0
https://www.github.com/settings,0
https://paypal.com/,0
http://172.202.62.64/download/install/setup.exe,1
http://10.88.181.180/account/suspended?redirect=http://evil.com,1
https://www.adobe.com/contact,0
https://www.ebay.com/terms,0
https://www.wordpress.com/news,0
http://goo.gl/clgrr4c,1
https://cnn.com/search?q=python,0
http://secure.netflix-secure.click/login/verify?cmd=account&update=1,1
http://ow.ly/kfdtbjo,1
http://facebook.com@evil-phish.top/secure/billing/confirm,1
http://www.ebay.com/news,0
http://tinyurl.com/j1fi4x6,1
http://bank-login-secure-4207.gq/update/account/billing,1
https://dropbox.com/terms,0
https://paypal.com/help,0
http://www.medium.com/services,0
https://netflix.com/services,0
http://netflix-update-billing-1709.click/update/account/billing,1
http://amazon-account-verify.click/download/install/setup.exe,1
https://www.reuters.com/privacy,0
http://paypal-secure-login.tk/webscr?cmd=_login-submit,1
http://ow.ly/j16cuas,1
https://stackoverflow.com/privacy,0
https://wikipedia.org/blog,0
http://secure-paypal-login.gq/webscr?cmd=_login-submit,1
http://192.168.65.59/confirm/identity/verify,1
http://185.117.246.165/signin/password/reset,1
https://m.github.com/terms,0
http://secure-amazon-login.ga/download/install/setup.exe,1
https://github.com/help,0
https://m.medium.com/privacy,0
http://apple-account-billing-billing-billing-5594.cf/account/suspended?redirect=http://evil.com,1
https://wikipedia.org/help,0
http://192.168.108.223/webscr?cmd=_login-submit,1
http://194.18.252.15/update/account/billing,1
https://microsoft.com/user/profile,0
http://10.88.182.143/signin/password/reset,1
http://ow.ly/6ta0l4a,1
https://www.linkedin.com/support,0
http://www.paypal.com/user/profile,0
http://192.168.218.150/confirm/identity/verify,1
https://www.youtube.com/privacy,0
http://185.9.14.48/signin/password/reset,1
http://185.216.76.183/secure/billing/confirm,1
http://verify.microsoft-secure.tk/update/account/billing,1
https://www.dropbox.com/blog,0
http://goo.gl/1761j03,1
https://netflix.com/pricing,0
http://adobe.com@evil-phish.gq/download/install/setup.exe,1
http://paypal-secure-login.info/update/account/billing,1
http://goo.gl/oc8v04b,1
http://netflix-billing-verify-3260.xyz/login/verify?cmd=account&update=1,1
https://facebook.com/news,0
https://medium.com/contact,0
http://account-ebay-verify.info/update/account/billing,1
https://netflix.com/settings,0
http://medium.com@evil-phish.link/signin/password/reset,1
https://facebook.com/services,0
https://spotify.com/blog,0
http://bank.com.click/signin/password/reset,1
https://facebook.com/news,0
http://wikipedia.org@evil-phish.link/update/account/billing,1
https://youtube.com/news,0
http://stackoverflow.com@evil-phish.gq/download/install/setup.exe,1
http://microsoft-secure-verify-verify-8005.ga/download/install/setup.exe,1
http://ow.ly/mssewkn,1
http://is.gd/xj5yhy8,1
http://185.112.171.253/update/account/billing,1
http://172.157.246.213/signin/password/reset,1
https://m.youtube.com/settings,0
http://service.chase-secure.gq/account/suspended?redirect=http://evil.com,1
https://medium.com/dashboard,0
http://ow.ly/jyyiir4,1
http://bit.ly/qv9w2zz,1
http://m.adobe.com/search?q=python,0
http://login.microsoft-secure.ml/update/account/billing,1
https://netflix.com/pricing,0
http://192.168.153.193/account/suspended?redirect=http://evil.com,1
http://192.168.156.57/signin/password/reset,1
https://google.com/,0
https://spotify.com/dashboard,0
https://shopify.com/dashboard,0
https://ebay.com/products,0
http://shopify.com@evil-phish.info/signin/password/reset,1
http://ebay.com.tk/account/suspended?redirect=http://evil.com,1
http://validation.microsoft-secure.ml/update/account/billing,1
http://apple.com@evil-phish.top/signin/password/reset,1
https://nytimes.com/settings,0
http://bing.com@evil-phish.gq/account/suspended?redirect=http://evil.com,1
https://paypal.com/contact,0
https://adobe.com/pricing,0
http://goo.gl/kht1tgl,1
http://www.twitter.com/about,0
http://ow.ly/58ov5e1,1
https://reuters.com/services,0
https://github.com/dashboard,0
http://185.164.26.149/login/verify?cmd=account&update=1,1
http://www.etsy.com/contact,0
http://yahoo.com@evil-phish.cf/secure/billing/confirm,1
http://login-paypal-secure.top/confirm/identity/verify,1
http://is.gd/gjx19em,1
http://185.237.139.35/webscr?cmd=_login-submit,1
http://wordpress.com@evil-phish.link/account/suspended?redirect=http://evil.com,1
http://is.gd/vz5ux0l,1
http://is.gd/una9wk4,1
https://www.google.com/privacy,0
https://www.ebay.com/settings,0
http://m.paypal.com/settings,0
http://paypal-secure-login.cf/webscr?cmd=_login-submit,1
http://chase-login-account-billing-4716.tk/webscr?cmd=_login-submit,1
http://bit.ly/x53lrzm,1
http://172.30.117.32/download/install/setup.exe,1
https://ebay.com/blog,0
https://m.medium.com/support,0
http://amazon-billing-account-verify-8008.cf/confirm/identity/verify,1
https://reuters.com/dashboard,0
http://45.183.113.17/update/account/billing,1
https://wordpress.com/,0
http://ebay-update-confirm-confirm-6964.ga/update/account/billing,1
http://185.189.170.155/login/verify?cmd=account&update=1,1
https://twitter.com/pricing,0
http://10.7.201.148/account/suspended?redirect=http://evil.com,1
https://dropbox.com/terms,0
https://m.shopify.com/user/profile,0
http://github.com/products,0
https://m.microsoft.com/contact,0
http://login-ebay-secure.gq/signin/password/reset,1
http://bit.ly/en8adnk,1
https://m.instagram.com/search?q=python,0
https://dropbox.com/settings,0
http://is.gd/njek91k,1
https://www.twitter.com/help,0
https://m.nytimes.com/news,0
https://reuters.com/help,0
https://m.wordpress.com/support,0
http://ebay.com@evil-phish.info/download/install/setup.exe,1
http://shopify.com@evil-phish.cf/confirm/identity/verify,1
https://www.medium.com/blog,0
http://10.142.153.108/account/suspended?redirect=http://evil.com,1
http://medium.com@evil-phish.tk/secure/billing/confirm,1
http://is.gd/v66n0tg,1
http://microsoft.com@evil-phish.info/account/suspended?redirect=http://evil.com,1
http://apple-update-update-4123.tk/confirm/identity/verify,1
https://youtube.com/help,0
http://shopify.com@evil-phish.ga/signin/password/reset,1
http://172.2.193.22/signin/password/reset,1
http://is.gd/r90909j,1
http://netflix-verify-verify-billing-secure-5323.top/update/account/billing,1
https://bbc.com/support,0
https://wordpress.com/user/profile,0
http://tinyurl.com/ip5obk7,1
https://amazon.com/user/profile,0
https://twitter.com/user/profile,0
https://www.linkedin.com/privacy,0
https://google.com/user/profile,0
http://mail.amazon-secure.click/account/suspended?redirect=http://evil.com,1
http://goo.gl/kxsolvq,1
https://etsy.com/services,0
http://apple-billing-login-update-9451.top/webscr?cmd=_login-submit,1
https://www.apple.com/search?q=python,0
http://account.ebay-secure.link/download/install/setup.exe,1
http://ebay-secure-account-account-8584.tk/signin/password/reset,1
http://192.168.8.241/signin/password/reset,1
https://www.bbc.com/search?q=python,0
http://twitter.com/terms,0
http://shopify.com@evil-phish.click/download/install/setup.exe,1
http://chase-verify-confirm-confirm-4708.ml/confirm/identity/verify,1
http://194.145.53.95/signin/password/reset,1
http://ow.ly/rwm4f7a,1
http://medium.com@evil-phish.ml/login/verify?cmd=account&update=1,1
http://chase-verify-confirm-7298.info/login/verify?cmd=account&update=1,1
https://ebay.com/products,0
http://account-bank-verify.ga/signin/password/reset,1
https://instagram.com/support,0
http://login-ebay-secure.top/secure/billing/confirm,1
http://ebay-billing-login-2274.xyz/signin/password/reset,1
http://github.com@evil-phish.tk/download/install/setup.exe,1
http://ebay-billing-confirm-1453.click/login/verify?cmd=account&update=1,1
https://apple.com/dashboard,0
http://192.168.240.199/download/install/setup.exe,1
https://bbc.com/help,0
https://google.com/services,0
https://www.spotify.com/contact,0
http://paypal-secure-login.top/login/verify?cmd=account&update=1,1
http://verify.apple-secure.gq/confirm/identity/verify,1
http://chase-billing-secure-verify-confirm-2088.info/login/verify?cmd=account&update=1,1
https://bbc.com/news,0
http://172.85.88.162/login/verify?cmd=account&update=1,1
https://adobe.com/support,0
https://wordpress.com/services,0
https://m.facebook.com/news,0
https://www.shopify.com/services,0
https://m.reddit.com/blog,0
https://www.stackoverflow.com/settings,0
https://apple.com/privacy,0
http://account-microsoft-verify.top/login/verify?cmd=account&update=1,1
http://ow.ly/659haoj,1
http://stackoverflow.com/pricing,0
http://tinyurl.com/mcw00ag,1
https://www.shopify.com/services,0
https://m.etsy.com/terms,0
http://185.81.12.224/download/install/setup.exe,1
https://www.dropbox.com/support,0
http://netflix-billing-confirm-account-9332.info/login/verify?cmd=account&update=1,1
http://chase.com.click/account/suspended?redirect=http://evil.com,1
https://www.salesforce.com/search?q=python,0
https://nytimes.com/about,0
https://www.reddit.com/blog,0
http://is.gd/puxjcn0,1
http://secure.ebay-secure.tk/webscr?cmd=_login-submit,1
https://bbc.com/support,0
http://is.gd/cnz0ivs,1
http://bank-verify-account-update-7401.tk/confirm/identity/verify,1
https://www.apple.com/contact,0
https://www.linkedin.com/blog,0
http://www.reuters.com/terms,0
http://account.microsoft-secure.link/confirm/identity/verify,1
http://bit.ly/5xu8c7q,1
http://m.microsoft.com/privacy,0
http://bank-confirm-login-8588.top/update/account/billing,1
http://192.168.128.70/confirm/identity/verify,1
https://reuters.com/privacy,0
https://instagram.com/search?q=python,0
https://bing.com/blog,0
http://10.106.201.154/signin/password/reset,1
http://apple-billing-verify-verify-1255.info/download/install/setup.exe,1
https://www.paypal.com/pricing,0
http://ow.ly/w4s6fuy,1
http://mail.paypal-secure.click/download/install/setup.exe,1
http://ow.ly/ilvb8dm,1
http://paypal-secure-login.tk/signin/password/reset,1
http://medium.com@evil-phish.xyz/update/account/billing,1
https://www.shopify.com/,0
http://adobe.com/search?q=python,0
https://www.facebook.com/support,0
https://reuters.com/blog,0
https://www.yahoo.com/privacy,0
http://secure-apple-login.xyz/download/install/setup.exe,1
https://m.medium.com/privacy,0
http://ebay-account-billing-confirm-secure-2976.xyz/update/account/billing,1
http://validation.paypal-secure.xyz/download/install/setup.exe,1
http://microsoft-billing-verify-confirm-3413.xyz/download/install/setup.exe,1
http://is.gd/t5fjtbq,1
http://secure.apple-secure.info/download/install/setup.exe,1
http://amazon.com.click/download/install/setup.exe,1
http://support.microsoft-secure.info/confirm/identity/verify,1
http://chase-billing-update.cf/account/suspended?redirect=http://evil.com,1
https://www.shopify.com/terms,0
http://twitter.com@evil-phish.click/webscr?cmd=_login-submit,1
https://amazon.com/support,0
https://medium.com/,0
https://salesforce.com/,0
http://chase-account-verify-login-8276.ga/login/verify?cmd=account&update=1,1
http://172.66.227.67/download/install/setup.exe,1
https://www.salesforce.com/search?q=python,0
https://ebay.com/pricing,0
http://is.gd/2dyqzs5,1
http://reddit.com@evil-phish.xyz/confirm/identity/verify,1
http://login.netflix-secure.cf/signin/password/reset,1
http://wikipedia.org@evil-phish.xyz/confirm/identity/verify,1
https://stackoverflow.com/blog,0
https://wordpress.com/settings,0
https://salesforce.com/products,0
http://is.gd/rk6ujvb,1
http://login-chase-secure.info/secure/billing/confirm,1
http://apple-verify-login-3618.gq/update/account/billing,1
http://paypal-secure-login.top/webscr?cmd=_login-submit,1
http://172.110.198.76/secure/billing/confirm,1
http://ow.ly/zabdjqv,1
http://172.10.191.180/secure/billing/confirm,1
http://secure-apple-login.info/account/suspended?redirect=http://evil.com,1
http://amazon-account-verify.xyz/download/install/setup.exe,1
http://172.249.251.138/signin/password/reset,1
http://confirm.amazon-secure.ml/account/suspended?redirect=http://evil.com,1
https://m.salesforce.com/support,0
https://www.facebook.com/user/profile,0
https://google.com/terms,0
https://paypal.com/terms,0
https://m.netflix.com/support,0
http://validation.paypal-secure.info/account/suspended?redirect=http://evil.com,1
http://192.168.122.209/account/suspended?redirect=http://evil.com,1
https://m.twitter.com/products,0
http://45.204.2.45/update/account/billing,1
http://10.200.243.213/webscr?cmd=_login-submit,1
https://m.adobe.com/pricing,0
https://m.cnn.com/terms,0
https://m.reuters.com/search?q=python,0
https://yahoo.com/user/profile,0
http://194.225.86.220/account/suspended?redirect=http://evil.com,1
https://wordpress.com/dashboard,0
http://secure.microsoft-secure.ml/update/account/billing,1
http://login.apple-secure.top/download/install/setup.exe,1
https://etsy.com/contact,0
http://dropbox.com@evil-phish.top/update/account/billing,1
http://secure-chase-login.ga/update/account/billing,1
https://m.linkedin.com/services,0
http://confirm.chase-secure.info/secure/billing/confirm,1
https://m.facebook.com/dashboard,0
https://wikipedia.org/pricing,0
http://medium.com@evil-phish.ml/signin/password/reset,1
https://m.facebook.com/user/profile,0
http://account-chase-verify.ga/confirm/identity/verify,1
http://validation.netflix-secure.ga/confirm/identity/verify,1
http://shopify.com@evil-phish.ml/download/install/setup.exe,1
https://etsy.com/user/profile,0
https://bing.com/privacy,0
https://amazon.com/about,0
http://paypal-secure-confirm-verify-5808.xyz/login/verify?cmd=account&update=1,1
http://stackoverflow.com@evil-phish.top/download/install/setup.exe,1
http://yahoo.com@evil-phish.top/secure/billing/confirm,1
https://m.netflix.com/settings,0
http://facebook.com/privacy,0
http://adobe.com/search?q=python,0
http://helpdesk.amazon-secure.link/account/suspended?redirect=http://evil.com,1
https://m.amazon.com/help,0
http://goo.gl/a2xawgg,1
http://ebay-billing-confirm-2425.gq/update/account/billing,1
http://paypal.com@evil-phish.tk/confirm/identity/verify,1
http://amazon-account-verify.cf/secure/billing/confirm,1
https://m.reddit.com/blog,0
https://google.com/,0
https://www.instagram.com/services,0
https://m.yahoo.com/about,0
https://www.instagram.com/services,0
https://microsoft.com/user/profile,0
http://netflix-helpdesk-support.tk/confirm/identity/verify,1
https://m.salesforce.com/terms,0
http://is.gd/0t57goc,1
http://192.168.96.51/update/account/billing,1
http://bank-account-confirm-7687.ml/confirm/identity/verify,1
http://helpdesk.bank-secure.xyz/login/verify?cmd=account&update=1,1
https://m.ebay.com/settings,0
http://is.gd/xxaoz5e,1
http://ow.ly/lft25h8,1
https://m.microsoft.com/contact,0
https://m.microsoft.com/contact,0
http://validation.netflix-secure.top/signin/password/reset,1
http://linkedin.com@evil-phish.xyz/login/verify?cmd=account&update=1,1
https://wordpress.com/help,0
https://m.apple.com/support,0
http://chase-billing-update.ml/update/account/billing,1
http://microsoft.com@evil-phish.gq/webscr?cmd=_login-submit,1
http://goo.gl/f9cfwaw,1
http://ow.ly/6x4svxh,1
http://chase-billing-billing-5757.link/secure/billing/confirm,1
http://paypal-secure-login.top/download/install/setup.exe,1
http://cnn.com/help,0
https://www.bbc.com/services,0
http://spotify.com@evil-phish.xyz/update/account/billing,1
https://m.paypal.com/terms,0
http://verify.bank-secure.gq/confirm/identity/verify,1
https://nytimes.com/search?q=python,0
http://support.amazon-secure.xyz/secure/billing/confirm,1
http://paypal-secure-verify-confirm-6893.link/secure/billing/confirm,1
https://www.salesforce.com/search?q=python,0
https://amazon.com/terms,0
http://ebay.com@evil-phish.top/update/account/billing,1
https://www.twitter.com/about,0
http://cnn.com/products,0
https://youtube.com/blog,0
http://medium.com/,0
http://service.bank-secure.info/webscr?cmd=_login-submit,1
http://netflix.com/about,0
http://account.chase-secure.ga/confirm/identity/verify,1
http://chase-login-update-4931.info/confirm/identity/verify,1
https://reuters.com/blog,0
https://www.salesforce.com/pricing,0
https://www.twitter.com/search?q=python,0
https://www.netflix.com/blog,0
https://www.amazon.com/dashboard,0
http://ow.ly/l816lbu,1
http://account-chase-verify.gq/update/account/billing,1
https://bbc.com/dashboard,0
http://service.netflix-secure.tk/webscr?cmd=_login-submit,1
http://goo.gl/9ssxl9r,1
http://github.com@evil-phish.xyz/secure/billing/confirm,1
http://secure-netflix-login.cf/secure/billing/confirm,1
https://shopify.com/products,0
http://youtube.com@evil-phish.gq/webscr?cmd=_login-submit,1
https://linkedin.com/privacy,0
https://ebay.com/blog,0
https://spotify.com/about,0
https://m.medium.com/privacy,0
http://is.gd/72i82xp,1
https://cnn.com/contact,0
https://m.salesforce.com/about,0
https://bing.com/settings,0
http://login-apple-secure.ga/update/account/billing,1
http://support.chase-secure.link/account/suspended?redirect=http://evil.com,1
https://www.github.com/blog,0
http://wikipedia.org@evil-phish.ml/account/suspended?redirect=http://evil.com,1
https://instagram.com/services,0
http://amazon-secure-login-login-6205.xyz/account/suspended?redirect=http://evil.com,1
https://m.facebook.com/terms,0
https://spotify.com/about,0
http://ebay.com/about,0
https://twitter.com/services,0
https://facebook.com/dashboard,0
http://goo.gl/wyx74ze,1
http://dropbox.com@evil-phish.cf/update/account/billing,1
https://google.com/products,0
https://spotify.com/contact,0
http://goo.gl/fpy63my,1
https://dropbox.com/search?q=python,0
https://etsy.com/news,0
http://10.174.221.163/secure/billing/confirm,1
http://account-paypal-verify.xyz/confirm/identity/verify,1
https://facebook.com/dashboard,0
https://reuters.com/settings,0
https://www.youtube.com/help,0
https://youtube.com/about,0
https://m.ebay.com/services,0
https://apple.com/blog,0
http://amazon-account-verify.xyz/signin/password/reset,1
https://m.facebook.com/blog,0
http://netflix-verify-update-login-8662.xyz/signin/password/reset,1
http://service.bank-secure.gq/account/suspended?redirect=http://evil.com,1
https://dropbox.com/terms,0
https://microsoft.com/pricing,0
http://support.ebay-secure.top/confirm/identity/verify,1
https://m.ebay.com/news,0
http://microsoft-login-update-verify-4296.ga/webscr?cmd=_login-submit,1
https://m.bbc.com/blog,0
http://192.168.68.177/account/suspended?redirect=http://evil.com,1
https://salesforce.com/user/profile,0
https://spotify.com/support,0
http://stackoverflow.com@evil-phish.click/login/verify?cmd=account&update=1,1
http://bit.ly/71m8eck,1
http://github.com@evil-phish.xyz/secure/billing/confirm,1
http://172.101.123.213/update/account/billing,1
https://medium.com/news,0
https://www.google.com/news,0
http://10.170.77.4/download/install/setup.exe,1
https://shopify.com/news,0
http://wordpress.com@evil-phish.cf/secure/billing/confirm,1
http://etsy.com@evil-phish.tk/secure/billing/confirm,1
https://www.facebook.com/about,0
https://m.twitter.com/search?q=python,0
https://m.salesforce.com/news,0
https://adobe.com/,0
http://chase-helpdesk-support.xyz/download/install/setup.exe,1
http://185.101.180.104/download/install/setup.exe,1
https://google.com/news,0
http://service.paypal-secure.cf/download/install/setup.exe,1
https://bing.com/services,0
http://update.chase-secure.click/download/install/setup.exe,1
http://wordpress.com@evil-phish.link/webscr?cmd=_login-submit,1
http://secure-apple-login.cf/download/install/setup.exe,1
http://185.128.125.197/webscr?cmd=_login-submit,1
http://reddit.com@evil-phish.click/download/install/setup.exe,1
https://linkedin.com/support,0
http://amazon-account-verify.ml/update/account/billing,1
https://www.cnn.com/support,0
https://m.facebook.com/about,0
http://cnn.com@evil-phish.gq/account/suspended?redirect=http://evil.com,1
http://login.ebay-secure.gq/account/suspended?redirect=http://evil.com,1
http://netflix.com/pricing,0
https://m.salesforce.com/support,0
http://185.91.58.123/download/install/setup.exe,1
https://medium.com/blog,0
https://m.instagram.com/terms,0
https://m.microsoft.com/products,0
https://m.dropbox.com/privacy,0
http://update.netflix-secure.ga/download/install/setup.exe,1
http://helpdesk.ebay-secure.click/signin/password/reset,1
http://amazon.com@evil-phish.link/download/install/setup.exe,1
http://bbc.com@evil-phish.ml/signin/password/reset,1
http://validation.microsoft-secure.tk/webscr?cmd=_login-submit,1
https://m.instagram.com/services,0
https://reddit.com/products,0
http://m.reuters.com/terms,0
https://www.reuters.com/products,0
https://amazon.com/privacy,0
http://tinyurl.com/qkb7456,1
http://is.gd/8jhe5s5,1
http://mail.chase-secure.cf/webscr?cmd=_login-submit,1
http://185.153.200.218/update/account/billing,1
https://www.yahoo.com/contact,0
https://www.linkedin.com/products,0
http://amazon-account-verify.link/confirm/identity/verify,1
http://194.84.132.110/download/install/setup.exe,1
https://www.cnn.com/search?q=python,0
http://chase-login-confirm-update-4844.gq/signin/password/reset,1
https://m.wikipedia.org/products,0
http://45.206.205.158/account/suspended?redirect=http://evil.com,1
https://medium.com/blog,0
http://secure-microsoft-login.click/confirm/identity/verify,1
https://cnn.com/services,0
https://shopify.com/pricing,0
https://m.shopify.com/help,0
https://spotify.com/support,0
http://mail.ebay-secure.link/update/account/billing,1
http://192.168.156.205/account/suspended?redirect=http://evil.com,1
https://m.microsoft.com/contact,0
https://facebook.com/pricing,0
http://shopify.com@evil-phish.cf/secure/billing/confirm,1
https://cnn.com/products,0
http://support.chase-secure.top/login/verify?cmd=account&update=1,1
http://account-netflix-verify.tk/secure/billing/confirm,1
http://bit.ly/08po1va,1
https://amazon.com/services,0
https://netflix.com/news,0
https://google.com/pricing,0
http://bit.ly/fnumz98,1
https://www.netflix.com/search?q=python,0
https://reuters.com/search?q=python,0
http://helpdesk.ebay-secure.ml/update/account/billing,1
https://www.youtube.com/contact,0
http://172.13.39.90/webscr?cmd=_login-submit,1
https://youtube.com/,0
https://wikipedia.org/products,0
https://wikipedia.org/,0
https://m.nytimes.com/services,0
https://youtube.com/,0
https://www.bbc.com/dashboard,0
http://paypal-confirm-login-billing-account-7586.tk/download/install/setup.exe,1
https://ebay.com/help,0
https://m.google.com/news,0
https://apple.com/support,0
http://amazon.com@evil-phish.xyz/update/account/billing,1
http://microsoft-confirm-account-account-billing-2922.gq/confirm/identity/verify,1
http://paypal.com@evil-phish.click/webscr?cmd=_login-submit,1
http://bank-update-update-9850.gq/secure/billing/confirm,1
http://netflix.com@evil-phish.click/secure/billing/confirm,1
http://bit.ly/pryvf3t,1
http://apple-account-billing-update-update-1952.link/secure/billing/confirm,1
https://yahoo.com/help,0
https://spotify.com/about,0
http://192.168.189.111/download/install/setup.exe,1
http://ebay-helpdesk-support.ml/account/suspended?redirect=http://evil.com,1
https://spotify.com/search?q=python,0
https://netflix.com/about,0
http://192.168.231.115/download/install/setup.exe,1
https://m.cnn.com/user/profile,0
http://goo.gl/c05zj8t,1
https://ebay.com/settings,0
https://m.etsy.com/user/profile,0
http://amazon.com.xyz/update/account/billing,1
https://m.github.com/products,0
http://instagram.com@evil-phish.info/signin/password/reset,1
https://m.paypal.com/support,0
https://m.bbc.com/dashboard,0
http://amazon.com@evil-phish.top/confirm/identity/verify,1
http://172.197.1.14/signin/password/reset,1
https://m.paypal.com/services,0
http://www.reuters.com/,0
https://www.bbc.com/settings,0
http://194.28.122.75/signin/password/reset,1
http://login-ebay-secure.xyz/download/install/setup.exe,1
https://facebook.com/products,0
https://wikipedia.org/help,0
http://twitter.com/terms,0
https://www.wordpress.com/dashboard,0
https://reddit.com/pricing,0
http://medium.com@evil-phish.xyz/account/suspended?redirect=http://evil.com,1
http://support.apple-secure.ml/login/verify?cmd=account&update=1,1
https://google.com/,0
http://ow.ly/9ji7ome,1
http://wikipedia.org@evil-phish.ga/download/install/setup.exe,1
https://m.ebay.com/dashboard,0
http://paypal-helpdesk-support.tk/login/verify?cmd=account&update=1,1
http://youtube.com@evil-phish.info/account/suspended?redirect=http://evil.com,1
https://instagram.com/services,0
https://www.reddit.com/services,0
https://salesforce.com/contact,0
https://m.nytimes.com/search?q=python,0
https://spotify.com/about,0
http://goo.gl/o703b95,1
http://192.168.89.153/webscr?cmd=_login-submit,1
http://paypal.com@evil-phish.ml/login/verify?cmd=account&update=1,1
http://bit.ly/70s80rb,1
http://service.netflix-secure.click/account/suspended?redirect=http://evil.com,1
http://bit.ly/5y4lawr,1
https://paypal.com/about,0
https://m.adobe.com/user/profile,0
https://adobe.com/privacy,0
http://paypal.com/terms,0
http://paypal-confirm-verify-5172.tk/signin/password/reset,1
https://m.yahoo.com/about,0
http://194.228.126.93/webscr?cmd=_login-submit,1
https://m.reuters.com/terms,0
https://shopify.com/pricing,0
https://reuters.com/pricing,0
https://www.netflix.com/blog,0
https://amazon.com/about,0
https://twitter.com/services,0
http://github.com@evil-phish.ml/secure/billing/confirm,1
https://www.wikipedia.org/,0
http://172.91.145.195/confirm/identity/verify,1
https://salesforce.com/news,0
http://confirm.apple-secure.xyz/update/account/billing,1
https://m.salesforce.com/services,0
http://login-microsoft-secure.click/webscr?cmd=_login-submit,1
https://etsy.com/dashboard,0
https://bing.com/products,0
https://www.wikipedia.org/,0
http://paypal-helpdesk-support.cf/signin/password/reset,1
https://www.nytimes.com/contact,0
http://adobe.com/services,0
http://twitter.com/news,0
http://bit.ly/d5l8f1b,1
http://is.gd/tydb90m,1
http://ow.ly/33z0xq0,1
https://instagram.com/pricing,0
http://apple-billing-update.gq/login/verify?cmd=account&update=1,1
http://netflix-billing-update.gq/update/account/billing,1
https://google.com/contact,0
http://microsoft.com@evil-phish.cf/signin/password/reset,1
https://adobe.com/terms,0
http://stackoverflow.com/contact,0
http://login-ebay-secure.link/secure/billing/confirm,1
http://bank-billing-update.xyz/secure/billing/confirm,1
http://chase-billing-update.tk/webscr?cmd=_login-submit,1
https://paypal.com/products,0
https://microsoft.com/user/profile,0
http://ebay-update-secure-login-7308.gq/update/account/billing,1
https://www.linkedin.com/services,0
http://ow.ly/phv9ob7,1
https://www.apple.com/privacy,0
http://194.187.34.222/signin/password/reset,1
http://bank-update-secure-account-1612.top/download/install/setup.exe,1
https://www.stackoverflow.com/contact,0
http://microsoft-update-update-confirm-9627.ml/confirm/identity/verify,1
https://www.microsoft.com/search?q=python,0
https://etsy.com/search?q=python,0
http://reddit.com@evil-phish.xyz/update/account/billing,1
http://apple.com.gq/login/verify?cmd=account&update=1,1
http://account.chase-secure.link/secure/billing/confirm,1
http://goo.gl/jww8qvi,1
https://apple.com/news,0
http://172.37.209.232/signin/password/reset,1
http://service.netflix-secure.link/download/install/setup.exe,1
https://www.bbc.com/news,0
https://salesforce.com/about,0
http://confirm.bank-secure.ml/login/verify?cmd=account&update=1,1
http://bbc.com/news,0
http://185.149.34.249/confirm/identity/verify,1
https://www.nytimes.com/about,0
https://bing.com/dashboard,0
https://ebay.com/search?q=python,0
http://reddit.com@evil-phish.link/login/verify?cmd=account&update=1,1
https://shopify.com/services,0
https://www.wikipedia.org/services,0
http://amazon.com@evil-phish.xyz/secure/billing/confirm,1
https://bbc.com/about,0
http://amazon-helpdesk-support.cf/login/verify?cmd=account&update=1,1
http://amazon-confirm-update-login-login-9977.ga/confirm/identity/verify,1
https://m.microsoft.com/blog,0
http://chase-secure-confirm-confirm-billing-3649.click/signin/password/reset,1
http://salesforce.com@evil-phish.info/update/account/billing,1
http://www.amazon.com/,0
http://is.gd/uxvt3op,1
http://45.224.242.221/webscr?cmd=_login-submit,1
https://www.microsoft.com/terms,0
https://github.com/about,0
https://www.wikipedia.org/privacy,0
https://shopify.com/about,0
https://m.apple.com/help,0
http://adobe.com@evil-phish.cf/signin/password/reset,1
http://medium.com/,0
https://www.netflix.com/blog,0
https://shopify.com/about,0
http://account-paypal-verify.gq/signin/password/reset,1
https://yahoo.com/products,0
http://helpdesk.apple-secure.ml/confirm/identity/verify,1
http://10.253.113.253/download/install/setup.exe,1
http://login-chase-secure.gq/account/suspended?redirect=http://evil.com,1
https://bbc.com/about,0
http://www.facebook.com/help,0
https://nytimes.com/dashboard,0
http://spotify.com@evil-phish.cf/webscr?cmd=_login-submit,1
https://www.linkedin.com/support,0
https://www.wordpress.com/support,0
https://ebay.com/dashboard,0
http://netflix-update-confirm-account-9371.click/signin/password/reset,1
http://google.com/search?q=python,0
http://apple-secure-billing-confirm-1008.cf/secure/billing/confirm,1
http://netflix-helpdesk-support.ml/login/verify?cmd=account&update=1,1
http://facebook.com@evil-phish.info/update/account/billing,1
https://www.yahoo.com/services,0
http://account-bank-verify.cf/secure/billing/confirm,1
http://secure-paypal-login.xyz/signin/password/reset,1
http://45.171.54.14/download/install/setup.exe,1
http://is.gd/gvdlv0w,1
http://www.reuters.com/services,0
https://wikipedia.org/contact,0
https://reddit.com/search?q=python,0
https://m.cnn.com/blog,0
http://goo.gl/hzmzh75,1
https://m.stackoverflow.com/contact,0
http://confirm.netflix-secure.ga/webscr?cmd=_login-submit,1
https://linkedin.com/products,0
http://netflix.com@evil-phish.top/webscr?cmd=_login-submit,1
http://ebay-confirm-verify-9653.top/account/suspended?redirect=http://evil.com,1
https://www.cnn.com/contact,0
http://194.8.185.13/webscr?cmd=_login-submit,1
https://m.paypal.com/search?q=python,0
https://linkedin.com/terms,0
https://bbc.com/pricing,0
http://chase-account-confirm-account-3984.top/webscr?cmd=_login-submit,1
http://secure-amazon-login.cf/account/suspended?redirect=http://evil.com,1
http://172.187.134.132/download/install/setup.exe,1
http://185.136.30.115/login/verify?cmd=account&update=1,1
https://etsy.com/terms,0
https://shopify.com/help,0
http://login-ebay-secure.ga/webscr?cmd=_login-submit,1
http://instagram.com@evil-phish.link/update/account/billing,1
https://cnn.com/services,0
https://m.salesforce.com/settings,0
http://yahoo.com@evil-phish.xyz/confirm/identity/verify,1
http://reuters.com@evil-phish.top/download/install/setup.exe,1
http://bing.com@evil-phish.xyz/update/account/billing,1
https://bbc.com/about,0
http://185.70.193.126/account/suspended?redirect=http://evil.com,1
http://10.22.234.232/account/suspended?redirect=http://evil.com,1
https://cnn.com/user/profile,0
http://ow.ly/vefhx0z,1
http://bank.com.xyz/confirm/identity/verify,1
https://instagram.com/terms,0
https://www.wordpress.com/settings,0
http://secure-chase-login.click/secure/billing/confirm,1
https://m.reddit.com/privacy,0
http://bbc.com@evil-phish.ga/confirm/identity/verify,1
http://45.181.145.97/webscr?cmd=_login-submit,1
http://amazon-account-secure-5695.info/webscr?cmd=_login-submit,1
https://ebay.com/dashboard,0
http://amazon-account-verify.link/update/account/billing,1
http://192.168.93.224/account/suspended?redirect=http://evil.com,1
https://facebook.com/news,0
http://tinyurl.com/38k2d0j,1
https://m.youtube.com/about,0
https://netflix.com/contact,0
http://chase-billing-update.cf/account/suspended?redirect=http://evil.com,1
http://netflix-secure-confirm-billing-account-8617.link/download/install/setup.exe,1
http://login-paypal-secure.ml/download/install/setup.exe,1
http://account-paypal-verify.link/secure/billing/confirm,1
https://github.com/settings,0
https://adobe.com/user/profile,0
http://m.twitter.com/blog,0
http://goo.gl/zd2lguq,1
https://instagram.com/settings,0
https://m.reddit.com/,0
http://update.amazon-secure.info/signin/password/reset,1
https://ebay.com/settings,0
https://m.paypal.com/pricing,0
http://185.218.9.1/login/verify?cmd=account&update=1,1
http://twitter.com@evil-phish.ml/confirm/identity/verify,1
http://account-netflix-verify.info/login/verify?cmd=account&update=1,1
https://google.com/products,0
https://www.twitter.com/,0
http://apple-secure-update-7555.link/webscr?cmd=_login-submit,1
http://paypal-secure-login.link/signin/password/reset,1
http://service.paypal-secure.ml/webscr?cmd=_login-submit,1
https://youtube.com/search?q=python,0
https://m.facebook.com/about,0
https://m.linkedin.com/search?q=python,0
https://yahoo.com/about,0
https://www.facebook.com/privacy,0
http://youtube.com/search?q=python,0
https://adobe.com/user/profile,0
https://www.google.com/pricing,0
http://verify.bank-secure.tk/update/account/billing,1
https://m.google.com/contact,0
https://ebay.com/pricing,0
https://m.reddit.com/search?q=python,0
http://apple-secure-verify-verify-9490.gq/login/verify?cmd=account&update=1,1
http://amazon-account-verify.info/account/suspended?redirect=http://evil.com,1
http://netflix.com.link/signin/password/reset,1
http://helpdesk.bank-secure.top/confirm/identity/verify,1
http://amazon-account-verify.click/confirm/identity/verify,1
http://is.gd/7lkbvxs,1
http://stackoverflow.com@evil-phish.ga/login/verify?cmd=account&update=1,1
https://github.com/news,0
https://m.wordpress.com/search?q=python,0
http://amazon-account-verify.link/confirm/identity/verify,1
https://ebay.com/settings,0
https://paypal.com/contact,0
https://paypal.com/settings,0
http://192.168.218.87/signin/password/reset,1
http://microsoft-billing-verify-confirm-billing-1121.info/account/suspended?redirect=http://evil.com,1
http://update.apple-secure.info/account/suspended?redirect=http://evil.com,1
https://m.bing.com/blog,0
https://youtube.com/user/profile,0
http://is.gd/txjc7iu,1
https://www.facebook.com/dashboard,0
https://www.linkedin.com/dashboard,0
http://194.146.99.2/account/suspended?redirect=http://evil.com,1
http://185.191.208.171/signin/password/reset,1
https://wordpress.com/blog,0
https://bing.com/settings,0
https://etsy.com/dashboard,0
http://tinyurl.com/h3i6wtl,1
https://spotify.com/support,0
http://amazon-billing-update.link/webscr?cmd=_login-submit,1
https://nytimes.com/user/profile,0
https://adobe.com/contact,0
https://wikipedia.org/dashboard,0
http://10.150.39.22/signin/password/reset,1
http://www.stackoverflow.com/products,0
https://linkedin.com/news,0
http://172.16.70.62/secure/billing/confirm,1
http://tinyurl.com/05zhi64,1
http://secure-amazon-login.xyz/confirm/identity/verify,1
http://verify.ebay-secure.tk/account/suspended?redirect=http://evil.com,1
http://192.168.37.134/update/account/billing,1
http://194.218.93.59/signin/password/reset,1
http://mail.paypal-secure.ga/download/install/setup.exe,1
http://194.201.222.162/account/suspended?redirect=http://evil.com,1
http://ebay.com@evil-phish.info/secure/billing/confirm,1
https://www.netflix.com/services,0
https://nytimes.com/settings,0
http://account.microsoft-secure.ga/update/account/billing,1
http://verify.apple-secure.link/confirm/identity/verify,1
http://ow.ly/mq9p7eq,1
http://support.paypal-secure.link/account/suspended?redirect=http://evil.com,1
https://www.microsoft.com/,0
https://etsy.com/blog,0
https://spotify.com/,0
https://m.twitter.com/blog,0
http://is.gd/1k1qrrn,1
http://secure-netflix-login.top/login/verify?cmd=account&update=1,1
http://goo.gl/ltrjklu,1
http://wikipedia.org@evil-phish.info/download/install/setup.exe,1
http://update.paypal-secure.cf/login/verify?cmd=account&update=1,1
http://netflix.com@evil-phish.top/download/install/setup.exe,1
http://wikipedia.org@evil-phish.top/account/suspended?redirect=http://evil.com,1
http://10.234.140.63/signin/password/reset,1
http://login.paypal-secure.gq/download/install/setup.exe,1
https://m.reddit.com/news,0
https://spotify.com/user/profile,0
http://is.gd/w334kka,1
http://192.168.123.171/webscr?cmd=_login-submit,1
http://45.245.106.165/account/suspended?redirect=http://evil.com,1
http://dropbox.com@evil-phish.cf/secure/billing/confirm,1
https://reuters.com/search?q=python,0
http://mail.microsoft-secure.info/webscr?cmd=_login-submit,1
https://nytimes.com/search?q=python,0
https://m.facebook.com/,0
https://www.adobe.com/terms,0
http://mail.chase-secure.cf/login/verify?cmd=account&update=1,1
http://paypal-helpdesk-support.top/update/account/billing,1
https://m.youtube.com/dashboard,0
https://m.paypal.com/search?q=python,0
http://ow.ly/969up0n,1
https://www.shopify.com/about,0
https://m.apple.com/products,0
http://secure.microsoft-secure.top/update/account/billing,1
http://facebook.com@evil-phish.gq/confirm/identity/verify,1
http://amazon.com@evil-phish.ga/update/account/billing,1
http://amazon-account-verify.top/confirm/identity/verify,1
http://www.wordpress.com/services,0
http://is.gd/c8tzv0d,1
https://m.amazon.com/contact,0
http://microsoft-billing-update.tk/login/verify?cmd=account&update=1,1
https://cnn.com/blog,0
https://m.ebay.com/news,0
http://amazon-login-account-billing-secure-7792.click/update/account/billing,1
https://www.paypal.com/,0
https://m.youtube.com/user/profile,0
http://paypal-billing-confirm-9700.cf/webscr?cmd=_login-submit,1
http://cnn.com/services,0
http://tinyurl.com/awy0peq,1
http://www.cnn.com/,0
https://m.amazon.com/services,0
http://goo.gl/1vl6c3v,1
http://goo.gl/r4nn9ns,1
http://bank-billing-billing-verify-account-3438.tk/login/verify?cmd=account&update=1,1
https://microsoft.com/help,0
http://netflix-secure-billing-2088.cf/secure/billing/confirm,1
https://dropbox.com/support,0
https://cnn.com/dashboard,0
http://10.78.218.29/account/suspended?redirect=http://evil.com,1
https://adobe.com/contact,0
http://tinyurl.com/t090fs6,1
https://m.salesforce.com/search?q=python,0
https://m.shopify.com/products,0
https://m.nytimes.com/blog,0
http://update.apple-secure.cf/download/install/setup.exe,1
https://www.dropbox.com/,0
https://etsy.com/contact,0
http://stackoverflow.com@evil-phish.xyz/login/verify?cmd=account&update=1,1
http://login.apple-secure.gq/download/install/setup.exe,1
https://www.reuters.com/contact,0
https://www.stackoverflow.com/services,0
http://chase-helpdesk-support.top/update/account/billing,1
https://m.netflix.com/terms,0
http://m.nytimes.com/news,0
https://www.spotify.com/support,0
http://apple.com@evil-phish.info/secure/billing/confirm,1
https://medium.com/products,0
http://dropbox.com@evil-phish.info/download/install/setup.exe,1
http://bit.ly/dv9ujap,1
https://m.nytimes.com/support,0
https://m.linkedin.com/settings,0
https://www.bbc.com/,0
https://youtube.com/services,0
http://bit.ly/ontqx45,1
http://mail.chase-secure.info/webscr?cmd=_login-submit,1
http://chase-billing-update.ga/update/account/billing,1
https://youtube.com/privacy,0
https://stackoverflow.com/settings,0
http://account-ebay-verify.xyz/download/install/setup.exe,1
https://paypal.com/,0
http://m.spotify.com/products,0
https://twitter.com/user/profile,0
http://secure.ebay-secure.ga/update/account/billing,1
http://ow.ly/0fvlc25,1
http://netflix-billing-confirm-update-confirm-8681.ga/login/verify?cmd=account&update=1,1
http://login.apple-secure.link/confirm/identity/verify,1
https://apple.com/dashboard,0
https://github.com/privacy,0
http://192.168.60.208/signin/password/reset,1
http://account-netflix-verify.ml/download/install/setup.exe,1
https://youtube.com/search?q=python,0
https://m.twitter.com/support,0
http://account-paypal-verify.ml/update/account/billing,1
http://confirm.chase-secure.ga/update/account/billing,1
https://wordpress.com/blog,0
http://secure-chase-login.xyz/download/install/setup.exe,1
http://192.168.143.16/signin/password/reset,1
http://microsoft-billing-update.cf/download/install/setup.exe,1
http://tinyurl.com/u2pqjn7,1
https://facebook.com/contact,0
https://www.spotify.com/,0
https://cnn.com/services,0
http://wordpress.com@evil-phish.top/login/verify?cmd=account&update=1,1
http://is.gd/6i5gse1,1
http://account-bank-verify.click/webscr?cmd=_login-submit,1
http://m.paypal.com/contact,0
http://microsoft-login-verify-account-6638.ml/confirm/identity/verify,1
http://ebay-helpdesk-support.top/confirm/identity/verify,1
http://goo.gl/s8cg90m,1
https://facebook.com/support,0
https://www.etsy.com/support,0
http://bit.ly/wv7ar0s,1
http://microsoft-verify-confirm-update-2335.ga/confirm/identity/verify,1
https://wikipedia.org/help,0
http://linkedin.com@evil-phish.ml/login/verify?cmd=account&update=1,1
https://m.medium.com/privacy,0
http://185.1.87.4/account/suspended?redirect=http://evil.com,1
https://stackoverflow.com/dashboard,0
http://ow.ly/qbrz56v,1
http://ow.ly/erpckwt,1
https://instagram.com/news,0
http://validation.paypal-secure.ga/secure/billing/confirm,1
http://helpdesk.chase-secure.link/download/install/setup.exe,1
https://m.adobe.com/user/profile,0
https://google.com/blog,0
http://secure.netflix-secure.info/webscr?cmd=_login-submit,1
http://194.142.151.36/account/suspended?redirect=http://evil.com,1
http://confirm.netflix-secure.cf/login/verify?cmd=account&update=1,1
http://ebay-confirm-confirm-6880.xyz/update/account/billing,1
http://10.72.218.17/signin/password/reset,1
http://ebay-secure-update-billing-login-2195.cf/account/suspended?redirect=http://evil.com,1
https://etsy.com/services,0
http://paypal-secure-login.click/secure/billing/confirm,1
https://medium.com/pricing,0
https://m.ebay.com/settings,0
http://wikipedia.org@evil-phish.top/account/suspended?redirect=http://evil.com,1
https://reddit.com/privacy,0
https://google.com/contact,0
http://nytimes.com@evil-phish.xyz/update/account/billing,1
http://amazon.com.info/update/account/billing,1
https://www.wikipedia.org/privacy,0
http://tinyurl.com/pzhh46z,1
https://adobe.com/support,0
http://chase-billing-secure-secure-verify-6980.ga/account/suspended?redirect=http://evil.com,1
https://nytimes.com/blog,0
https://github.com/help,0
https://m.reddit.com/privacy,0
http://apple-billing-secure-update-4978.ml/login/verify?cmd=account&update=1,1
http://banking.netflix-secure.gq/confirm/identity/verify,1
http://10.125.147.162/signin/password/reset,1
http://verify.bank-secure.link/login/verify?cmd=account&update=1,1
https://www.ebay.com/products,0
http://paypal-account-verify-update-3526.top/webscr?cmd=_login-submit,1
https://m.facebook.com/dashboard,0
http://salesforce.com@evil-phish.ga/secure/billing/confirm,1
http://mail.bank-secure.top/account/suspended?redirect=http://evil.com,1
https://adobe.com/dashboard,0
http://login.amazon-secure.ml/secure/billing/confirm,1
http://apple-account-verify-verify-9129.xyz/login/verify?cmd=account&update=1,1
https://reddit.com/about,0
https://m.youtube.com/terms,0
https://m.spotify.com/support,0
https://cnn.com/products,0
https://facebook.com/terms,0
http://banking.chase-secure.gq/signin/password/reset,1
https://twitter.com/pricing,0
https://etsy.com/,0
https://bbc.com/pricing,0
http://microsoft-billing-update.cf/webscr?cmd=_login-submit,1
https://www.github.com/terms,0
https://www.yahoo.com/,0
https://www.bing.com/news,0
https://linkedin.com/news,0
http://secure-paypal-login.gq/account/suspended?redirect=http://evil.com,1
https://m.apple.com/dashboard,0
http://paypal-billing-update.link/webscr?cmd=_login-submit,1
https://m.github.com/help,0
https://m.netflix.com/support,0
http://confirm.amazon-secure.info/update/account/billing,1
http://tinyurl.com/phvoxj0,1
http://is.gd/8pj1ydo,1
http://validation.paypal-secure.gq/confirm/identity/verify,1
https://netflix.com/privacy,0
https://m.apple.com/dashboard,0
https://www.linkedin.com/about,0
https://www.bbc.com/about,0
https://www.instagram.com/about,0
https://github.com/about,0
https://www.nytimes.com/services,0
https://www.github.com/dashboard,0
http://goo.gl/yl1w9jp,1
http://helpdesk.amazon-secure.xyz/account/suspended?redirect=http://evil.com,1
http://account.paypal-secure.click/signin/password/reset,1
https://m.github.com/privacy,0
http://45.105.116.254/login/verify?cmd=account&update=1,1
https://m.wordpress.com/search?q=python,0
http://microsoft-account-secure-confirm-update-8081.ga/account/suspended?redirect=http://evil.com,1
https://m.microsoft.com/dashboard,0
http://salesforce.com/support,0
http://is.gd/fg2newb,1
https://m.microsoft.com/about,0
https://www.stackoverflow.com/contact,0
https://shopify.com/terms,0
https://m.github.com/,0
https://www.bing.com/news,0
http://is.gd/zh4yybk,1
http://microsoft-verify-account-update-6399.cf/confirm/identity/verify,1
https://linkedin.com/support,0
http://helpdesk.ebay-secure.ga/signin/password/reset,1
http://login.netflix-secure.click/secure/billing/confirm,1
http://twitter.com@evil-phish.click/download/install/setup.exe,1
http://secure.amazon-secure.ga/account/suspended?redirect=http://evil.com,1
http://service.microsoft-secure.gq/webscr?cmd=_login-submit,1
http://youtube.com@evil-phish.ga/signin/password/reset,1
https://yahoo.com/pricing,0
http://spotify.com@evil-phish.cf/signin/password/reset,1
http://netflix-secure-confirm-secure-7190.info/webscr?cmd=_login-submit,1
https://apple.com/user/profile,0
http://ebay-login-confirm-billing-login-6111.top/secure/billing/confirm,1
https://m.salesforce.com/about,0
http://ebay-secure-billing-account-account-4090.ml/secure/billing/confirm,1
https://bing.com/services,0
http://bank-account-billing-secure-2793.xyz/confirm/identity/verify,1
https://facebook.com/,0
http://update.paypal-secure.cf/secure/billing/confirm,1
https://nytimes.com/blog,0
https://facebook.com/products,0
http://goo.gl/sbdxg97,1
http://nytimes.com@evil-phish.link/signin/password/reset,1
http://netflix.com@evil-phish.xyz/signin/password/reset,1
http://tinyurl.com/ue6ulea,1
https://m.reddit.com/settings,0
http://194.64.161.248/account/suspended?redirect=http://evil.com,1
http://reddit.com@evil-phish.gq/confirm/identity/verify,1
https://yahoo.com/dashboard,0
https://www.yahoo.com/terms,0
http://goo.gl/ts98iz3,1
http://ow.ly/cb2oxeb,1
https://m.dropbox.com/user/profile,0
http://wikipedia.org@evil-phish.link/confirm/identity/verify,1
http://192.168.176.168/account/suspended?redirect=http://evil.com,1
https://www.reuters.com/contact,0
https://www.bing.com/,0
http://instagram.com/search?q=python,0
http://ow.ly/7rxf8gv,1
https://m.microsoft.com/,0
https://m.dropbox.com/,0
http://m.paypal.com/contact,0
http://account.bank-secure.cf/login/verify?cmd=account&update=1,1
http://is.gd/riqye1s,1
https://yahoo.com/about,0
https://amazon.com/news,0
http://192.168.160.184/confirm/identity/verify,1
http://172.166.220.87/download/install/setup.exe,1
http://goo.gl/eog4msz,1
http://microsoft-billing-update-4242.ga/update/account/billing,1
https://m.bing.com/products,0
https://spotify.com/privacy,0
http://185.132.88.38/account/suspended?redirect=http://evil.com,1
http://bit.ly/nzp1oqk,1
http://secure-chase-login.click/webscr?cmd=_login-submit,1
http://194.165.93.185/confirm/identity/verify,1
http://amazon-update-secure-verify-2013.gq/download/install/setup.exe,1
https://salesforce.com/settings,0
https://amazon.com/settings,0
http://amazon-helpdesk-support.gq/download/install/setup.exe,1
https://google.com/support,0
https://etsy.com/settings,0
https://shopify.com/dashboard,0
https://etsy.com/dashboard,0
https://reddit.com/about,0
http://medium.com/user/profile,0
http://m.wikipedia.org/news,0
http://instagram.com@evil-phish.info/login/verify?cmd=account&update=1,1
http://ow.ly/w5259gm,1
http://account.ebay-secure.ml/signin/password/reset,1
https://stackoverflow.com/services,0
https://m.wikipedia.org/support,0
https://wordpress.com/services,0
http://192.168.98.13/confirm/identity/verify,1
http://instagram.com@evil-phish.top/account/suspended?redirect=http://evil.com,1
http://45.24.254.89/confirm/identity/verify,1
http://salesforce.com@evil-phish.click/update/account/billing,1
https://ebay.com/settings,0
http://bank-secure-login-account-6203.click/account/suspended?redirect=http://evil.com,1
http://microsoft-billing-account-9813.gq/confirm/identity/verify,1
http://ow.ly/vazm4h0,1
http://login-microsoft-secure.info/webscr?cmd=_login-submit,1
http://apple-billing-update.cf/secure/billing/confirm,1
https://facebook.com/about,0
https://www.etsy.com/help,0
http://chase.com.cf/signin/password/reset,1
https://www.google.com/dashboard,0
https://reddit.com/services,0
http://m.cnn.com/terms,0
https://m.reddit.com/dashboard,0
https://nytimes.com/user/profile,0
http://facebook.com@evil-phish.ga/update/account/billing,1
http://google.com@evil-phish.gq/secure/billing/confirm,1
http://ow.ly/fcj0oso,1
https://facebook.com/search?q=python,0
http://172.238.98.94/confirm/identity/verify,1
https://m.google.com/pricing,0
https://www.stackoverflow.com/terms,0
https://nytimes.com/search?q=python,0
https://reuters.com/contact,0
http://192.168.19.235/login/verify?cmd=account&update=1,1
http://is.gd/c9pun6e,1
https://m.linkedin.com/help,0
http://ow.ly/2a6vk0k,1
https://salesforce.com/help,0
http://185.41.17.190/download/install/setup.exe,1
https://m.facebook.com/user/profile,0
https://www.netflix.com/search?q=python,0
http://10.153.170.134/login/verify?cmd=account&update=1,1
http://192.168.244.99/signin/password/reset,1
https://youtube.com/search?q=python,0
https://m.yahoo.com/blog,0
http://45.209.96.75/webscr?cmd=_login-submit,1
https://m.spotify.com/support,0
https://m.google.com/help,0
https://m.wordpress.com/,0
http://netflix-billing-confirm-account-3132.ml/update/account/billing,1
https://adobe.com/services,0
http://bit.ly/6wklx2w,1
https://www.instagram.com/services,0
http://amazon-account-verify.ga/secure/billing/confirm,1
http://netflix.com.tk/confirm/identity/verify,1
http://bit.ly/0ewlc4h,1
https://www.dropbox.com/contact,0
https://yahoo.com/dashboard,0
http://172.158.74.144/update/account/billing,1
http://paypal-login-billing-login-4650.ml/account/suspended?redirect=http://evil.com,1
https://ebay.com/products,0
http://google.com/news,0
http://shopify.com@evil-phish.ga/webscr?cmd=_login-submit,1
http://linkedin.com@evil-phish.xyz/download/install/setup.exe,1
http://banking.ebay-secure.click/download/install/setup.exe,1
http://goo.gl/9q7s44z,1
https://netflix.com/support,0
http://service.apple-secure.xyz/confirm/identity/verify,1
http://mail.ebay-secure.link/download/install/setup.exe,1
https://m.nytimes.com/pricing,0
http://172.75.202.37/download/install/setup.exe,1
https://salesforce.com/news,0
http://microsoft-login-verify-secure-account-2408.top/secure/billing/confirm,1
https://facebook.com/products,0
http://paypal-billing-confirm-account-4948.gq/signin/password/reset,1
https://netflix.com/search?q=python,0
https://www.stackoverflow.com/,0
http://goo.gl/absm2ot,1
http://bank-account-account-4935.gq/secure/billing/confirm,1
http://netflix-login-account-verify-7918.link/login/verify?cmd=account&update=1,1
https://www.cnn.com/privacy,0
http://is.gd/bu1iady,1
http://185.64.251.251/download/install/setup.exe,1
https://paypal.com/contact,0
http://goo.gl/u4egjn5,1
http://www.netflix.com/news,0
http://amazon-verify-confirm-account-5946.top/account/suspended?redirect=http://evil.com,1
https://reuters.com/services,0
http://bank-helpdesk-support.click/update/account/billing,1
http://adobe.com@evil-phish.tk/login/verify?cmd=account&update=1,1
http://chase-confirm-login-verify-4744.link/confirm/identity/verify,1
https://stackoverflow.com/search?q=python,0
http://chase-secure-account-verify-2879.top/account/suspended?redirect=http://evil.com,1
http://45.126.191.75/signin/password/reset,1
https://reuters.com/search?q=python,0
http://ebay.com@evil-phish.top/download/install/setup.exe,1
http://google.com@evil-phish.ga/account/suspended?redirect=http://evil.com,1
http://185.152.46.18/download/install/setup.exe,1
https://bing.com/services,0
https://www.bing.com/contact,0
https://reddit.com/user/profile,0
http://netflix-login-update-5800.top/confirm/identity/verify,1
https://www.cnn.com/pricing,0
https://amazon.com/search?q=python,0
http://update.chase-secure.ga/confirm/identity/verify,1
http://tinyurl.com/9cooze9,1
http://microsoft.com.link/webscr?cmd=_login-submit,1
http://bing.com/news,0
http://cnn.com@evil-phish.gq/account/suspended?redirect=http://evil.com,1
http://stackoverflow.com@evil-phish.top/login/verify?cmd=account&update=1,1
https://apple.com/,0
https://www.microsoft.com/about,0
http://wikipedia.org@evil-phish.tk/signin/password/reset,1
http://194.232.49.172/webscr?cmd=_login-submit,1
http://bit.ly/7ukfqod,1
http://ebay-confirm-account-7809.click/signin/password/reset,1
http://paypal.com/search?q=python,0
http://github.com@evil-phish.click/confirm/identity/verify,1
http://banking.netflix-secure.gq/update/account/billing,1
http://bit.ly/pyz8jg2,1
http://ow.ly/rm4t2ko,1
https://linkedin.com/support,0
https://netflix.com/services,0
https://bbc.com/about,0
https://m.microsoft.com/support,0
http://192.168.86.18/account/suspended?redirect=http://evil.com,1
http://goo.gl/tpwy0tu,1
http://185.7.214.51/download/install/setup.exe,1
http://apple.com@evil-phish.click/login/verify?cmd=account&update=1,1
http://goo.gl/ijb3sws,1
https://m.instagram.com/about,0
http://service.bank-secure.cf/account/suspended?redirect=http://evil.com,1
http://194.97.199.110/login/verify?cmd=account&update=1,1
https://paypal.com/blog,0
http://google.com@evil-phish.cf/update/account/billing,1
https://instagram.com/,0
https://youtube.com/pricing,0
http://amazon-login-confirm-confirm-6859.click/confirm/identity/verify,1
http://medium.com@evil-phish.link/download/install/setup.exe,1
http://amazon.com@evil-phish.xyz/confirm/identity/verify,1
http://netflix-billing-update.ga/login/verify?cmd=account&update=1,1
http://yahoo.com@evil-phish.link/secure/billing/confirm,1
http://172.178.168.144/secure/billing/confirm,1
https://www.netflix.com/help,0
http://bit.ly/ojmgl1r,1
https://etsy.com/search?q=python,0
http://10.211.150.159/download/install/setup.exe,1
https://amazon.com/settings,0
http://netflix.com@evil-phish.ml/webscr?cmd=_login-submit,1
http://youtube.com@evil-phish.cf/download/install/setup.exe,1
https://www.ebay.com/support,0
http://reuters.com/products,0
http://helpdesk.chase-secure.xyz/download/install/setup.exe,1
https://reuters.com/blog,0
https://www.etsy.com/blog,0
https://spotify.com/,0
http://support.paypal-secure.ml/signin/password/reset,1
http://10.178.145.63/download/install/setup.exe,1
http://amazon-login-secure-verify-4113.info/update/account/billing,1
https://www.apple.com/privacy,0
http://192.168.170.52/webscr?cmd=_login-submit,1
http://bank-update-verify-verify-4838.xyz/update/account/billing,1
https://m.dropbox.com/pricing,0
https://instagram.com/user/profile,0
https://www.instagram.com/products,0
http://support.bank-secure.tk/signin/password/reset,1
http://reuters.com@evil-phish.info/login/verify?cmd=account&update=1,1
https://nytimes.com/about,0
http://validation.bank-secure.top/account/suspended?redirect=http://evil.com,1
http://support.amazon-secure.gq/secure/billing/confirm,1
http://bit.ly/w9f9l78,1
https://www.etsy.com/settings,0
http://amazon-account-verify.tk/download/install/setup.exe,1
https://m.stackoverflow.com/products,0
https://yahoo.com/privacy,0
https://spotify.com/contact,0
https://salesforce.com/news,0
https://bing.com/terms,0
http://ow.ly/7v1gsfy,1
https://www.reuters.com/settings,0
https://github.com/settings,0
http://goo.gl/8mmesu7,1
https://yahoo.com/news,0
https://amazon.com/user/profile,0
http://google.com@evil-phish.info/secure/billing/confirm,1
http://is.gd/xeb7c5k,1
https://www.linkedin.com/,0
http://youtube.com@evil-phish.ml/download/install/setup.exe,1
https://wordpress.com/products,0
http://stackoverflow.com@evil-phish.link/login/verify?cmd=account&update=1,1
http://paypal-confirm-account-confirm-account-4083.click/download/install/setup.exe,1
https://m.wordpress.com/pricing,0
http://paypal-secure-login.tk/account/suspended?redirect=http://evil.com,1
https://m.salesforce.com/settings,0
https://netflix.com/support,0
http://wikipedia.org@evil-phish.cf/login/verify?cmd=account&update=1,1
https://m.nytimes.com/privacy,0
http://bank-billing-update.top/webscr?cmd=_login-submit,1
https://bing.com/news,0
http://secure.chase-secure.xyz/secure/billing/confirm,1
http://shopify.com@evil-phish.click/account/suspended?redirect=http://evil.com,1
https://stackoverflow.com/help,0
https://www.github.com/products,0
https://amazon.com/search?q=python,0
http://bit.ly/w7z764h,1
https://m.apple.com/pricing,0
http://bank-update-confirm-4713.tk/login/verify?cmd=account&update=1,1
https://www.wordpress.com/privacy,0
https://m.paypal.com/news,0
http://172.98.172.35/account/suspended?redirect=http://evil.com,1
https://m.microsoft.com/privacy,0
http://goo.gl/b2yn69i,1
https://www.amazon.com/dashboard,0
https://stackoverflow.com/blog,0
https://www.wordpress.com/search?q=python,0
https://bbc.com/about,0
http://45.39.217.62/webscr?cmd=_login-submit,1
http://facebook.com@evil-phish.top/confirm/identity/verify,1
http://netflix-billing-update.cf/account/suspended?redirect=http://evil.com,1
http://login.microsoft-secure.tk/webscr?cmd=_login-submit,1
http://account-bank-verify.xyz/webscr?cmd=_login-submit,1
https://www.reuters.com/pricing,0
http://194.14.107.43/login/verify?cmd=account&update=1,1
https://ebay.com/services,0
https://www.shopify.com/blog,0
http://ebay-login-update-secure-4154.ml/webscr?cmd=_login-submit,1
https://etsy.com/terms,0
https://adobe.com/settings,0
http://chase-login-confirm-account-9291.info/update/account/billing,1
https://m.reddit.com/products,0
http://tinyurl.com/k3zy5sr,1
http://172.109.78.214/webscr?cmd=_login-submit,1
https://nytimes.com/settings,0
http://wikipedia.org@evil-phish.xyz/confirm/identity/verify,1
http://10.140.171.64/secure/billing/confirm,1
https://www.shopify.com/privacy,0
http://is.gd/igdxbz3,1
http://is.gd/zxs12fz,1
https://m.cnn.com/privacy,0
http://etsy.com@evil-phish.xyz/update/account/billing,1
http://validation.microsoft-secure.gq/login/verify?cmd=account&update=1,1
https://youtube.com/search?q=python,0
http://m.bbc.com/search?q=python,0
https://m.spotify.com/search?q=python,0
http://192.168.118.90/login/verify?cmd=account&update=1,1
https://youtube.com/support,0
https://www.adobe.com/news,0
http://confirm.chase-secure.ga/update/account/billing,1
https://etsy.com/user/profile,0
https://bing.com/pricing,0
http://amazon-billing-login-verify-billing-7035.tk/signin/password/reset,1
https://twitter.com/settings,0
http://185.114.72.145/secure/billing/confirm,1
https://www.bbc.com/privacy,0
http://amazon-account-verify.info/download/install/setup.exe,1
https://yahoo.com/services,0
http://amazon-account-verify.link/confirm/identity/verify,1
https://www.instagram.com/privacy,0
http://wordpress.com/contact,0
https://medium.com/services,0
https://m.ebay.com/products,0
http://instagram.com@evil-phish.click/account/suspended?redirect=http://evil.com,1
http://185.159.222.149/signin/password/reset,1
https://instagram.com/privacy,0
https://cnn.com/settings,0
http://is.gd/1y97jyl,1
http://secure.netflix-secure.link/download/install/setup.exe,1
http://secure.paypal-secure.ml/webscr?cmd=_login-submit,1
https://www.reuters.com/help,0
http://google.com@evil-phish.info/secure/billing/confirm,1
http://chase-login-verify-login-1033.cf/confirm/identity/verify,1
http://secure-microsoft-login.click/account/suspended?redirect=http://evil.com,1
http://reuters.com/blog,0
https://www.facebook.com/dashboard,0
https://youtube.com/about,0
https://m.facebook.com/about,0
https://apple.com/contact,0
http://login-paypal-secure.ga/update/account/billing,1
http://login.ebay-secure.click/webscr?cmd=_login-submit,1
https://m.adobe.com/blog,0
http://paypal.com@evil-phish.ml/signin/password/reset,1
https://m.github.com/services,0
https://www.dropbox.com/dashboard,0
http://amazon-helpdesk-support.click/signin/password/reset,1
http://bing.com/terms,0
https://www.yahoo.com/news,0
https://reddit.com/,0
https://spotify.com/services,0
https://www.facebook.com/pricing,0
http://login-bank-secure.link/signin/password/reset,1
http://m.medium.com/help,0
https://salesforce.com/user/profile,0
http://bank-helpdesk-support.xyz/webscr?cmd=_login-submit,1
http://172.137.70.97/webscr?cmd=_login-submit,1
http://ebay-login-update-4086.cf/login/verify?cmd=account&update=1,1
http://update.amazon-secure.top/update/account/billing,1
https://m.wikipedia.org/user/profile,0
http://verify.apple-secure.link/account/suspended?redirect=http://evil.com,1
http://ow.ly/a21e5j7,1
http://185.186.1.130/confirm/identity/verify,1
http://linkedin.com@evil-phish.gq/secure/billing/confirm,1
http://cnn.com@evil-phish.gq/signin/password/reset,1
http://amazon-login-account-account-secure-7777.info/update/account/billing,1
http://apple-verify-verify-account-update-7772.link/update/account/billing,1
https://www.youtube.com/news,0
http://chase-account-billing-6807.xyz/login/verify?cmd=account&update=1,1
http://paypal-secure-login.link/webscr?cmd=_login-submit,1
https://m.bbc.com/products,0
https://m.linkedin.com/user/profile,0
http://bit.ly/r1cgwj9,1
https://reddit.com/,0
https://m.youtube.com/about,0
http://bit.ly/dxnada1,1
http://185.30.53.225/account/suspended?redirect=http://evil.com,1
http://194.55.145.157/download/install/setup.exe,1
https://stackoverflow.com/search?q=python,0
https://reuters.com/terms,0
https://yahoo.com/dashboard,0
http://service.netflix-secure.link/account/suspended?redirect=http://evil.com,1
https://bbc.com/settings,0
https://m.medium.com/help,0
https://github.com/pricing,0
https://shopify.com/services,0
http://is.gd/p8iqfva,1
http://194.14.242.254/signin/password/reset,1
http://yahoo.com/search?q=python,0
http://medium.com@evil-phish.gq/update/account/billing,1
https://m.shopify.com/blog,0
http://bit.ly/c0kn6ah,1
http://ebay-helpdesk-support.cf/webscr?cmd=_login-submit,1
http://10.49.157.60/signin/password/reset,1
https://wordpress.com/dashboard,0
https://github.com/contact,0
http://bing.com@evil-phish.link/webscr?cmd=_login-submit,1
http://paypal-secure-login.ga/download/install/setup.exe,1
https://www.bing.com/user/profile,0
http://www.google.com/news,0
http://secure-amazon-login.info/secure/billing/confirm,1
http://reuters.com@evil-phish.ml/secure/billing/confirm,1
https://etsy.com/products,0
https://reuters.com/services,0
https://etsy.com/,0
https://m.reddit.com/terms,0
https://google.com/,0
http://amazon-secure-billing-secure-billing-4859.xyz/account/suspended?redirect=http://evil.com,1
https://twitter.com/user/profile,0
https://paypal.com/terms,0
https://microsoft.com/blog,0
https://netflix.com/settings,0
https://m.spotify.com/about,0
https://m.facebook.com/privacy,0
http://ebay-account-login-account-billing-6817.xyz/update/account/billing,1
https://m.apple.com/about,0
http://goo.gl/2ajltor,1
http://194.217.193.166/update/account/billing,1
https://www.ebay.com/support,0
http://ow.ly/shrbsh1,1
http://bit.ly/snt3efh,1
http://dropbox.com@evil-phish.ml/update/account/billing,1
http://m.salesforce.com/search?q=python,0
http://is.gd/io1qlml,1
http://bit.ly/943un69,1
http://account.apple-secure.click/confirm/identity/verify,1
https://spotify.com/about,0
http://login-microsoft-secure.click/account/suspended?redirect=http://evil.com,1
http://185.8.100.27/signin/password/reset,1
http://bit.ly/0f8nuix,1
https://www.stackoverflow.com/settings,0
http://paypal-verify-confirm-verify-4443.gq/download/install/setup.exe,1
https://m.youtube.com/pricing,0
http://instagram.com@evil-phish.info/confirm/identity/verify,1
https://adobe.com/products,0
https://linkedin.com/contact,0
http://adobe.com@evil-phish.info/login/verify?cmd=account&update=1,1
https://m.cnn.com/pricing,0
http://validation.bank-secure.link/webscr?cmd=_login-submit,1
http://goo.gl/beg2241,1
http://apple-confirm-update-account-4854.tk/update/account/billing,1
https://bbc.com/help,0
https://m.bing.com/user/profile,0
http://185.14.240.154/account/suspended?redirect=http://evil.com,1
https://spotify.com/services,0
http://amazon.com@evil-phish.click/confirm/identity/verify,1
http://is.gd/7cm4iwt,1
https://m.google.com/pricing,0
https://m.bbc.com/terms,0
http://chase-secure-secure-3143.ga/download/install/setup.exe,1
http://185.66.19.162/confirm/identity/verify,1
https://www.adobe.com/news,0
https://m.wikipedia.org/contact,0
https://m.paypal.com/products,0
http://ebay.com/services,0
http://mail.netflix-secure.tk/login/verify?cmd=account&update=1,1
https://m.reddit.com/settings,0
https://m.linkedin.com/user/profile,0
https://spotify.com/search?q=python,0
http://www.amazon.com/about,0
http://192.168.251.90/signin/password/reset,1
http://wikipedia.org/contact,0
http://bing.com@evil-phish.tk/secure/billing/confirm,1
https://m.netflix.com/search?q=python,0
http://youtube.com@evil-phish.top/signin/password/reset,1
https://bing.com/pricing,0
http://194.24.132.22/signin/password/reset,1
https://m.apple.com/settings,0
http://microsoft.com/about,0
http://194.175.135.211/account/suspended?redirect=http://evil.com,1
https://www.apple.com/support,0
http://banking.chase-secure.link/secure/billing/confirm,1
http://45.195.22.184/webscr?cmd=_login-submit,1
http://185.237.50.115/login/verify?cmd=account&update=1,1
http://goo.gl/goklva2,1
https://m.bbc.com/help,0
http://netflix.com/search?q=python,0
https://yahoo.com/dashboard,0
http://ow.ly/oq0wtgx,1
http://mail.netflix-secure.tk/webscr?cmd=_login-submit,1
https://amazon.com/pricing,0
http://paypal.com/user/profile,0
http://45.75.3.82/login/verify?cmd=account&update=1,1
http://bank-helpdesk-support.link/account/suspended?redirect=http://evil.com,1
https://stackoverflow.com/services,0
https://youtube.com/about,0
http://www.bing.com/,0
http://185.54.133.130/update/account/billing,1
https://m.reuters.com/blog,0
http://banking.paypal-secure.ga/secure/billing/confirm,1
http://github.com@evil-phish.click/account/suspended?redirect=http://evil.com,1
https://m.yahoo.com/,0
http://youtube.com/products,0
http://is.gd/0zi2l5e,1
http://172.22.34.19/login/verify?cmd=account&update=1,1
http://tinyurl.com/d1gafun,1
https://www.reuters.com/help,0
http://amazon-account-verify.click/confirm/identity/verify,1
https://m.reuters.com/blog,0
https://reuters.com/pricing,0
http://dropbox.com/contact,0
http://tinyurl.com/yynq66q,1
https://spotify.com/contact,0
http://account-microsoft-verify.tk/webscr?cmd=_login-submit,1
http://192.168.186.110/account/suspended?redirect=http://evil.com,1
http://wordpress.com@evil-phish.click/webscr?cmd=_login-submit,1
https://linkedin.com/contact,0
https://www.wikipedia.org/,0
https://yahoo.com/settings,0
https://www.facebook.com/products,0
https://twitter.com/dashboard,0
http://tinyurl.com/fuj7vls,1
http://amazon-account-login-4578.top/secure/billing/confirm,1
http://reuters.com/about,0
https://etsy.com/terms,0
https://facebook.com/news,0
http://service.bank-secure.gq/signin/password/reset,1
https://medium.com/about,0
http://apple-billing-account-update-9518.top/login/verify?cmd=account&update=1,1
http://shopify.com@evil-phish.ml/login/verify?cmd=account&update=1,1
http://www.bbc.com/,0
http://194.80.133.88/login/verify?cmd=account&update=1,1
http://account.microsoft-secure.gq/download/install/setup.exe,1
http://login.paypal-secure.top/update/account/billing,1
http://spotify.com@evil-phish.ga/signin/password/reset,1
http://172.204.200.89/signin/password/reset,1
http://netflix-billing-update.click/signin/password/reset,1
https://www.salesforce.com/support,0
http://45.47.172.64/confirm/identity/verify,1
http://wordpress.com@evil-phish.top/account/suspended?redirect=http://evil.com,1
http://ow.ly/7hcjtaq,1
https://www.yahoo.com/search?q=python,0
http://45.243.201.185/update/account/billing,1
https://dropbox.com/services,0
http://bit.ly/zn4xj76,1
http://amazon.com@evil-phish.top/account/suspended?redirect=http://evil.com,1
http://helpdesk.netflix-secure.xyz/download/install/setup.exe,1
http://microsoft-secure-login-update-update-8866.ml/download/install/setup.exe,1
https://cnn.com/blog,0
https://m.etsy.com/search?q=python,0
https://bing.com/help,0
http://194.71.28.186/login/verify?cmd=account&update=1,1
https://wikipedia.org/pricing,0
https://www.facebook.com/user/profile,0
https://www.cnn.com/contact,0
http://google.com/products,0
http://google.com@evil-phish.cf/update/account/billing,1
http://chase-confirm-account-confirm-9681.cf/account/suspended?redirect=http://evil.com,1
http://172.163.91.103/confirm/identity/verify,1
http://is.gd/bxdq30p,1
http://update.paypal-secure.tk/confirm/identity/verify,1
https://dropbox.com/contact,0
http://goo.gl/7dgt60p,1
http://bank-confirm-billing-update-8841.ml/confirm/identity/verify,1
https://m.medium.com/user/profile,0
http://secure-paypal-login.gq/signin/password/reset,1
https://www.reuters.com/help,0
https://google.com/services,0
https://m.youtube.com/user/profile,0
http://bbc.com@evil-phish.tk/account/suspended?redirect=http://evil.com,1
http://dropbox.com@evil-phish.tk/account/suspended?redirect=http://evil.com,1
http://secure.amazon-secure.top/webscr?cmd=_login-submit,1
https://www.youtube.com/settings,0
https://etsy.com/settings,0
http://goo.gl/csw2msg,1
http://bit.ly/ml5mqt8,1
http://apple-account-confirm-2144.ga/update/account/billing,1
https://www.github.com/privacy,0
https://m.linkedin.com/user/profile,0
http://192.168.112.120/update/account/billing,1
http://tinyurl.com/2xm43o8,1
http://is.gd/04ooiiu,1
http://microsoft.com/help,0
http://194.36.8.232/signin/password/reset,1
https://reuters.com/terms,0
https://bbc.com/blog,0
https://wordpress.com/settings,0
http://10.2.143.28/login/verify?cmd=account&update=1,1
https://www.stackoverflow.com/pricing,0
http://update.chase-secure.info/login/verify?cmd=account&update=1,1
http://netflix-billing-account-billing-8655.cf/confirm/identity/verify,1
http://banking.bank-secure.info/secure/billing/confirm,1
http://tinyurl.com/nj0rocm,1
http://github.com/user/profile,0
http://185.41.103.39/account/suspended?redirect=http://evil.com,1
https://amazon.com/privacy,0
http://194.193.179.122/update/account/billing,1
https://twitter.com/contact,0
http://login.bank-secure.gq/secure/billing/confirm,1
http://spotify.com@evil-phish.tk/secure/billing/confirm,1
http://45.23.115.12/account/suspended?redirect=http://evil.com,1
http://194.141.233.61/account/suspended?redirect=http://evil.com,1
http://medium.com/support,0
https://github.com/contact,0
https://www.wordpress.com/support,0
http://secure-chase-login.tk/download/install/setup.exe,1
https://apple.com/user/profile,0
https://wordpress.com/about,0
http://bing.com/about,0
https://m.shopify.com/support,0
https://www.youtube.com/pricing,0
http://185.82.70.218/signin/password/reset,1
http://amazon-account-billing-8200.xyz/update/account/billing,1
http://amazon-account-verify.click/secure/billing/confirm,1
http://verify.bank-secure.cf/account/suspended?redirect=http://evil.com,1
https://wikipedia.org/dashboard,0
http://172.110.137.169/account/suspended?redirect=http://evil.com,1
http://nytimes.com/privacy,0
https://adobe.com/contact,0
https://instagram.com/news,0
https://paypal.com/about,0
http://185.230.20.247/secure/billing/confirm,1
http://netflix-billing-update.ml/webscr?cmd=_login-submit,1
https://linkedin.com/services,0
https://bing.com/privacy,0
https://www.apple.com/settings,0
https://github.com/user/profile,0
http://apple-login-login-login-billing-2492.info/download/install/setup.exe,1
https://m.paypal.com/help,0
http://bit.ly/qrt3mf3,1
https://www.netflix.com/terms,0
https://yahoo.com/privacy,0
http://tinyurl.com/h0feeb9,1
http://microsoft-confirm-billing-account-account-2295.link/confirm/identity/verify,1
https://m.microsoft.com/pricing,0
https://reddit.com/settings,0
https://m.twitter.com/search?q=python,0
https://shopify.com/search?q=python,0
http://goo.gl/szhx14a,1
http://confirm.bank-secure.link/confirm/identity/verify,1
http://ebay.com/news,0
https://www.medium.com/products,0
https://nytimes.com/blog,0
https://adobe.com/settings,0
https://amazon.com/pricing,0
http://amazon-account-verify.click/download/install/setup.exe,1
https://youtube.com/blog,0
http://chase.com.tk/secure/billing/confirm,1
http://etsy.com@evil-phish.info/login/verify?cmd=account&update=1,1
http://yahoo.com@evil-phish.ml/secure/billing/confirm,1
https://stackoverflow.com/dashboard,0
http://stackoverflow.com@evil-phish.info/update/account/billing,1
https://google.com/help,0
http://185.109.50.63/webscr?cmd=_login-submit,1
https://amazon.com/help,0
http://m.apple.com/search?q=python,0
http://tinyurl.com/wf3v47x,1
http://10.108.189.225/download/install/setup.exe,1
http://apple.com.gq/login/verify?cmd=account&update=1,1
http://secure-amazon-login.cf/signin/password/reset,1
http://apple-login-confirm-7646.tk/signin/password/reset,1
http://verify.apple-secure.link/update/account/billing,1
https://www.apple.com/contact,0
http://ow.ly/qq2g1kv,1
https://www.bing.com/support,0
http://194.247.213.120/update/account/billing,1
http://m.stackoverflow.com/settings,0
https://apple.com/terms,0
http://45.105.207.104/download/install/setup.exe,1
https://www.twitter.com/settings,0
https://microsoft.com/services,0
http://medium.com@evil-phish.info/account/suspended?redirect=http://evil.com,1
https://paypal.com/services,0
http://ebay-confirm-secure-7536.tk/signin/password/reset,1
https://apple.com/services,0
https://www.cnn.com/help,0
http://helpdesk.microsoft-secure.cf/signin/password/reset,1
http://bank-helpdesk-support.ml/confirm/identity/verify,1
https://www.microsoft.com/settings,0
https://m.google.com/services,0
https://spotify.com/support,0
http://login-netflix-secure.click/account/suspended?redirect=http://evil.com,1
https://facebook.com/blog,0
https://www.github.com/products,0
http://185.20.205.18/login/verify?cmd=account&update=1,1
http://dropbox.com@evil-phish.info/account/suspended?redirect=http://evil.com,1
http://twitter.com@evil-phish.tk/webscr?cmd=_login-submit,1
https://www.stackoverflow.com/user/profile,0
http://medium.com@evil-phish.ga/account/suspended?redirect=http://evil.com,1
https://www.cnn.com/about,0
https://facebook.com/,0
http://bank-billing-confirm-7736.click/account/suspended?redirect=http://evil.com,1
https://reuters.com/support,0
http://helpdesk.paypal-secure.xyz/account/suspended?redirect=http://evil.com,1
http://chase-helpdesk-support.ga/download/install/setup.exe,1
https://yahoo.com/about,0
http://paypal-secure-login.tk/confirm/identity/verify,1
https://www.stackoverflow.com/blog,0
http://account.amazon-secure.link/secure/billing/confirm,1
http://support.netflix-secure.tk/update/account/billing,1
http://185.26.112.101/webscr?cmd=_login-submit,1
http://medium.com@evil-phish.ga/secure/billing/confirm,1
https://facebook.com/dashboard,0
http://paypal-secure-login.click/update/account/billing,1
http://is.gd/9hne0r3,1
http://validation.amazon-secure.cf/webscr?cmd=_login-submit,1
http://netflix.com@evil-phish.info/confirm/identity/verify,1
https://m.twitter.com/settings,0
http://chase-update-confirm-update-account-5832.cf/login/verify?cmd=account&update=1,1
http://secure-paypal-login.click/login/verify?cmd=account&update=1,1
http://apple-account-secure-9599.top/secure/billing/confirm,1
http://ebay-secure-secure-account-5299.link/webscr?cmd=_login-submit,1
http://10.25.180.207/download/install/setup.exe,1
http://microsoft-login-account-6968.link/webscr?cmd=_login-submit,1
http://secure-bank-login.top/login/verify?cmd=account&update=1,1
https://m.netflix.com/services,0
https://medium.com/dashboard,0
http://netflix-secure-login-update-4850.cf/login/verify?cmd=account&update=1,1
http://confirm.ebay-secure.ga/update/account/billing,1
http://goo.gl/zc0mvaq,1
http://secure.bank-secure.xyz/login/verify?cmd=account&update=1,1
http://amazon-account-verify.tk/login/verify?cmd=account&update=1,1
https://m.twitter.com/dashboard,0
http://shopify.com@evil-phish.ga/update/account/billing,1
https://www.etsy.com/news,0
http://bit.ly/yd9mizn,1
https://shopify.com/privacy,0
http://ow.ly/no1rbn6,1
http://194.222.33.57/secure/billing/confirm,1
http://amazon.com@evil-phish.cf/login/verify?cmd=account&update=1,1
https://netflix.com/user/profile,0
http://ebay.com.ml/webscr?cmd=_login-submit,1
https://www.stackoverflow.com/services,0
http://wordpress.com@evil-phish.ml/secure/billing/confirm,1
https://instagram.com/privacy,0
http://amazon-account-verify.gq/secure/billing/confirm,1
http://m.google.com/terms,0
http://verify.paypal-secure.link/webscr?cmd=_login-submit,1
http://reuters.com@evil-phish.click/confirm/identity/verify,1
https://www.spotify.com/blog,0
https://m.nytimes.com/products,0
https://twitter.com/dashboard,0
http://login.microsoft-secure.tk/login/verify?cmd=account&update=1,1
http://update.amazon-secure.gq/confirm/identity/verify,1
http://amazon-secure-secure-secure-7328.tk/signin/password/reset,1
https://m.linkedin.com/user/profile,0
https://facebook.com/privacy,0
http://wikipedia.org/dashboard,0
http://172.139.87.60/signin/password/reset,1
https://www.netflix.com/products,0
http://wordpress.com/products,0
https://etsy.com/services,0
https://amazon.com/,0
http://netflix.com@evil-phish.click/login/verify?cmd=account&update=1,1
http://amazon-account-confirm-billing-confirm-1070.cf/download/install/setup.exe,1
http://netflix-account-account-update-1294.top/account/suspended?redirect=http://evil.com,1
http://reddit.com@evil-phish.top/secure/billing/confirm,1
http://paypal-secure-login.xyz/download/install/setup.exe,1
https://reuters.com/support,0
http://shopify.com@evil-phish.xyz/update/account/billing,1
http://ow.ly/8ne4xlw,1
http://helpdesk.paypal-secure.link/webscr?cmd=_login-submit,1
http://verify.paypal-secure.click/secure/billing/confirm,1
http://194.78.78.66/signin/password/reset,1
http://youtube.com@evil-phish.tk/secure/billing/confirm,1
https://www.bbc.com/settings,0
https://amazon.com/support,0
http://192.168.4.116/login/verify?cmd=account&update=1,1
http://m.adobe.com/user/profile,0
http://goo.gl/csqou96,1
http://wordpress.com/contact,0
http://chase-account-billing-billing-9447.ml/confirm/identity/verify,1
https://www.dropbox.com/help,0
https://netflix.com/,0
http://nytimes.com/user/profile,0
http://45.88.235.136/signin/password/reset,1
https://m.stackoverflow.com/contact,0
http://amazon-account-verify.info/account/suspended?redirect=http://evil.com,1
https://shopify.com/about,0
http://ow.ly/c2e4of4,1
http://185.160.54.216/signin/password/reset,1
http://bank-account-secure-2825.info/confirm/identity/verify,1
https://www.apple.com/support,0
https://instagram.com/settings,0
https://www.facebook.com/news,0
https://m.microsoft.com/products,0
https://www.reuters.com/help,0
http://ebay-verify-billing-secure-1821.click/account/suspended?redirect=http://evil.com,1
http://salesforce.com/dashboard,0
https://m.netflix.com/products,0
https://m.medium.com/support,0
https://instagram.com/contact,0
https://medium.com/support,0
http://ebay-helpdesk-support.info/signin/password/reset,1
http://shopify.com@evil-phish.click/signin/password/reset,1
http://youtube.com@evil-phish.click/account/suspended?redirect=http://evil.com,1
http://is.gd/cirio74,1
http://172.181.252.20/account/suspended?redirect=http://evil.com,1
https://google.com/support,0
http://update.apple-secure.top/download/install/setup.exe,1
http://192.168.83.151/login/verify?cmd=account&update=1,1
https://m.etsy.com/search?q=python,0
https://m.ebay.com/services,0
http://m.youtube.com/search?q=python,0
http://update.paypal-secure.xyz/update/account/billing,1
http://update.amazon-secure.top/secure/billing/confirm,1
https://cnn.com/user/profile,0
http://tinyurl.com/k24zn0m,1
https://m.bing.com/contact,0
http://tinyurl.com/n74pf4i,1
http://account-netflix-verify.top/download/install/setup.exe,1
https://etsy.com/pricing,0
https://netflix.com/terms,0
https://netflix.com/search?q=python,0
https://www.youtube.com/settings,0
http://netflix.com@evil-phish.link/download/install/setup.exe,1
http://bank-helpdesk-support.top/webscr?cmd=_login-submit,1
https://amazon.com/products,0
http://bank-account-secure-account-login-7841.cf/download/install/setup.exe,1
http://mail.bank-secure.info/login/verify?cmd=account&update=1,1
https://m.facebook.com/user/profile,0
http://linkedin.com@evil-phish.link/download/install/setup.exe,1
http://45.213.45.69/download/install/setup.exe,1
http://10.175.69.48/signin/password/reset,1
http://ebay-secure-confirm-5929.cf/update/account/billing,1
http://10.206.191.100/secure/billing/confirm,1
http://ebay.com@evil-phish.tk/account/suspended?redirect=http://evil.com,1
http://login.bank-secure.tk/login/verify?cmd=account&update=1,1
https://m.cnn.com/support,0
http://microsoft-helpdesk-support.xyz/secure/billing/confirm,1
http://update.microsoft-secure.click/signin/password/reset,1
https://m.microsoft.com/contact,0
https://microsoft.com/settings,0
http://account-paypal-verify.xyz/account/suspended?redirect=http://evil.com,1
https://youtube.com/help,0
http://tinyurl.com/h83fi4o,1
http://45.65.48.9/download/install/setup.exe,1
https://adobe.com/help,0
https://www.reddit.com/settings,0
http://bit.ly/1du7v8f,1
https://m.twitter.com/settings,0
http://netflix-secure-account-billing-update-6522.ga/update/account/billing,1
http://bing.com@evil-phish.link/secure/billing/confirm,1
http://tinyurl.com/1fnttuy,1
http://10.245.160.196/update/account/billing,1
https://www.yahoo.com/contact,0
http://instagram.com@evil-phish.tk/login/verify?cmd=account&update=1,1
http://reuters.com@evil-phish.top/account/suspended?redirect=http://evil.com,1
https://medium.com/news,0
https://www.netflix.com/terms,0
https://microsoft.com/contact,0
http://validation.paypal-secure.click/download/install/setup.exe,1
https://instagram.com/user/profile,0
http://194.173.209.206/download/install/setup.exe,1
https://wordpress.com/support,0
https://reuters.com/help,0
https://www.adobe.com/news,0
http://apple-update-confirm-verify-login-2383.tk/update/account/billing,1
http://netflix-helpdesk-support.click/login/verify?cmd=account&update=1,1
http://chase-billing-update.ga/confirm/identity/verify,1
https://medium.com/contact,0
http://paypal-billing-verify-8922.tk/download/install/setup.exe,1
https://wikipedia.org/services,0
http://ebay-helpdesk-support.ml/webscr?cmd=_login-submit,1
https://bbc.com/search?q=python,0
http://ow.ly/7gri9et,1
https://stackoverflow.com/about,0
http://verify.ebay-secure.xyz/download/install/setup.exe,1
http://194.127.81.81/webscr?cmd=_login-submit,1
http://login-bank-secure.xyz/account/suspended?redirect=http://evil.com,1
https://github.com/search?q=python,0
http://192.168.210.150/signin/password/reset,1
http://172.9.91.207/download/install/setup.exe,1
http://bank-billing-update.ga/login/verify?cmd=account&update=1,1
http://paypal-secure-login.ml/update/account/billing,1
http://paypal-secure-login.ga/login/verify?cmd=account&update=1,1
https://wikipedia.org/,0
http://apple.com@evil-phish.cf/signin/password/reset,1
http://194.13.100.85/confirm/identity/verify,1
https://bing.com/search?q=python,0
https://www.etsy.com/about,0
https://yahoo.com/blog,0
http://is.gd/g0sgq9w,1
https://wordpress.com/help,0
http://wordpress.com@evil-phish.ga/login/verify?cmd=account&update=1,1
http://185.95.69.174/login/verify?cmd=account&update=1,1
http://tinyurl.com/dwrkqyu,1
http://bank.com.cf/account/suspended?redirect=http://evil.com,1
https://m.spotify.com/help,0
http://m.bbc.com/,0
http://192.168.157.182/signin/password/reset,1
https://reuters.com/contact,0
http://goo.gl/3juwliu,1
http://chase-billing-update.link/secure/billing/confirm,1
http://microsoft-update-secure-9044.cf/update/account/billing,1
https://m.spotify.com/,0
https://www.instagram.com/support,0
http://github.com/search?q=python,0
https://reddit.com/settings,0
http://tinyurl.com/0bxwoet,1
http://bit.ly/xz17924,1
http://chase-account-confirm-secure-account-4401.cf/account/suspended?redirect=http://evil.com,1
http://tinyurl.com/peq1zjg,1
http://www.ebay.com/about,0
https://m.wordpress.com/settings,0
http://microsoft.com/support,0
http://amazon-confirm-verify-8716.info/signin/password/reset,1
https://reddit.com/services,0
https://apple.com/user/profile,0
https://m.adobe.com/privacy,0
https://wikipedia.org/pricing,0
https://www.salesforce.com/blog,0
https://dropbox.com/search?q=python,0
https://www.ebay.com/blog,0
https://bbc.com/blog,0
https://instagram.com/dashboard,0
https://wordpress.com/support,0
http://bit.ly/pxegq4p,1
https://m.cnn.com/terms,0
http://bit.ly/nedl60y,1
https://salesforce.com/help,0
https://m.google.com/user/profile,0
http://amazon-billing-secure-secure-login-4895.gq/login/verify?cmd=account&update=1,1
http://spotify.com/news,0
http://tinyurl.com/7hmqdmj,1
http://microsoft.com.info/download/install/setup.exe,1
http://paypal-secure-login.tk/download/install/setup.exe,1
http://account.amazon-secure.info/secure/billing/confirm,1
https://www.github.com/search?q=python,0
http://etsy.com@evil-phish.ga/account/suspended?redirect=http://evil.com,1
https://bing.com/blog,0
http://login.apple-secure.click/signin/password/reset,1
http://account-microsoft-verify.ml/account/suspended?redirect=http://evil.com,1
https://www.google.com/news,0
https://amazon.com/products,0
https://bing.com/products,0
http://bank-confirm-billing-8713.tk/secure/billing/confirm,1
http://ow.ly/vk4wyzi,1
http://bit.ly/8seootu,1
http://amazon-account-verify.ga/webscr?cmd=_login-submit,1
https://stackoverflow.com/help,0
http://chase-login-confirm-update-3798.link/secure/billing/confirm,1
http://confirm.microsoft-secure.ga/login/verify?cmd=account&update=1,1
http://is.gd/dmjmbfo,1
http://192.168.64.163/account/suspended?redirect=http://evil.com,1
https://m.bing.com/pricing,0
https://m.bbc.com/privacy,0
http://bit.ly/yj8c2na,1
http://chase-login-billing-login-9232.cf/signin/password/reset,1
http://bit.ly/y1mtjye,1
https://google.com/products,0
https://facebook.com/blog,0
http://wordpress.com@evil-phish.click/signin/password/reset,1
http://verify.microsoft-secure.tk/download/install/setup.exe,1
http://wordpress.com@evil-phish.click/confirm/identity/verify,1
https://wikipedia.org/contact,0
http://ebay-billing-secure-account-5647.ga/update/account/billing,1
http://goo.gl/ukahyvz,1
http://chase-confirm-billing-9569.tk/account/suspended?redirect=http://evil.com,1
http://45.167.78.64/confirm/identity/verify,1
http://medium.com@evil-phish.cf/login/verify?cmd=account&update=1,1
http://10.20.121.158/update/account/billing,1
https://www.salesforce.com/blog,0
https://www.wikipedia.org/support,0
https://www.wikipedia.org/contact,0
http://validation.chase-secure.cf/update/account/billing,1
https://m.shopify.com/terms,0
http://nytimes.com/blog,0
http://172.53.150.22/update/account/billing,1
https://bing.com/,0
https://bing.com/dashboard,0
http://mail.microsoft-secure.xyz/confirm/identity/verify,1
https://m.etsy.com/about,0
https://dropbox.com/services,0
https://dropbox.com/search?q=python,0
https://www.medium.com/support,0
http://apple-helpdesk-support.click/webscr?cmd=_login-submit,1
https://reuters.com/products,0
http://bing.com@evil-phish.click/update/account/billing,1
https://reuters.com/terms,0
http://goo.gl/trbxazv,1
http://ebay-verify-update-verify-confirm-1591.info/update/account/billing,1
https://m.netflix.com/search?q=python,0
https://m.spotify.com/help,0
http://service.paypal-secure.xyz/download/install/setup.exe,1
https://shopify.com/products,0
http://goo.gl/6oqnfc3,1
http://account-netflix-verify.link/webscr?cmd=_login-submit,1
https://m.wikipedia.org/news,0
https://medium.com/about,0
http://microsoft-update-verify-login-9981.top/signin/password/reset,1
https://www.wordpress.com/settings,0
http://194.26.200.102/update/account/billing,1
https://reuters.com/privacy,0
http://account-ebay-verify.gq/download/install/setup.exe,1
https://twitter.com/support,0
http://bing.com/contact,0
http://secure.amazon-secure.ml/download/install/setup.exe,1
https://m.shopify.com/dashboard,0
https://bing.com/services,0
http://support.amazon-secure.link/account/suspended?redirect=http://evil.com,1
https://m.amazon.com/blog,0
http://youtube.com/settings,0
http://ebay-confirm-login-5534.gq/login/verify?cmd=account&update=1,1
https://www.paypal.com/privacy,0
https://paypal.com/user/profile,0
http://validation.bank-secure.ga/account/suspended?redirect=http://evil.com,1
http://banking.ebay-secure.link/secure/billing/confirm,1
https://m.facebook.com/dashboard,0
http://google.com@evil-phish.ml/login/verify?cmd=account&update=1,1
http://45.75.34.100/account/suspended?redirect=http://evil.com,1
http://172.165.85.189/signin/password/reset,1
http://verify.paypal-secure.gq/webscr?cmd=_login-submit,1
https://www.adobe.com/products,0
http://m.yahoo.com/privacy,0
https://m.amazon.com/services,0
https://m.youtube.com/about,0
https://www.twitter.com/about,0
http://45.167.18.151/webscr?cmd=_login-submit,1
http://spotify.com/contact,0
https://reddit.com/products,0
https://spotify.com/dashboard,0
http://tinyurl.com/hr6f27p,1
http://login.apple-secure.tk/secure/billing/confirm,1
https://bing.com/products,0
https://apple.com/news,0
https://reuters.com/contact,0
http://bank-helpdesk-support.cf/signin/password/reset,1
https://www.wordpress.com/contact,0
https://m.wordpress.com/pricing,0
https://www.nytimes.com/blog,0
http://goo.gl/ltg6fla,1
http://185.199.101.253/download/install/setup.exe,1
http://is.gd/0yleqdb,1
https://salesforce.com/search?q=python,0
http://paypal.com.ml/account/suspended?redirect=http://evil.com,1
https://ebay.com/pricing,0
https://www.yahoo.com/search?q=python,0
https://www.apple.com/user/profile,0
http://www.reddit.com/privacy,0
https://shopify.com/news,0
https://www.linkedin.com/dashboard,0
http://goo.gl/w8do3px,1
https://wikipedia.org/settings,0
http://helpdesk.bank-secure.click/secure/billing/confirm,1
https://youtube.com/pricing,0
http://ow.ly/jz80nd3,1
http://mail.apple-secure.ml/secure/billing/confirm,1
http://172.185.34.239/download/install/setup.exe,1
http://youtube.com@evil-phish.ga/confirm/identity/verify,1
https://www.netflix.com/pricing,0
https://www.apple.com/support,0
https://stackoverflow.com/contact,0
http://account.microsoft-secure.xyz/secure/billing/confirm,1
http://bbc.com/privacy,0
https://m.reddit.com/settings,0
http://ow.ly/hlh3t0e,1
http://172.224.43.109/webscr?cmd=_login-submit,1
http://194.192.76.208/account/suspended?redirect=http://evil.com,1
https://www.stackoverflow.com/settings,0
http://secure-apple-login.top/login/verify?cmd=account&update=1,1
https://m.reddit.com/dashboard,0
https://m.apple.com/,0
http://medium.com@evil-phish.gq/secure/billing/confirm,1
http://paypal-secure-login.click/confirm/identity/verify,1
https://www.bing.com/terms,0
https://cnn.com/support,0
https://www.paypal.com/dashboard,0
http://amazon-account-confirm-billing-billing-5828.gq/webscr?cmd=_login-submit,1
https://www.bing.com/privacy,0
https://m.wordpress.com/dashboard,0
https://m.facebook.com/settings,0
http://is.gd/uztw32a,1
http://www.microsoft.com/,0
http://amazon.com@evil-phish.top/webscr?cmd=_login-submit,1
https://adobe.com/settings,0
https://m.reddit.com/privacy,0
https://www.youtube.com/products,0
http://validation.apple-secure.info/account/suspended?redirect=http://evil.com,1
http://172.41.116.244/account/suspended?redirect=http://evil.com,1
https://www.wordpress.com/blog,0
http://10.198.95.129/login/verify?cmd=account&update=1,1
http://172.109.147.90/signin/password/reset,1
https://reddit.com/privacy,0
https://shopify.com/help,0
http://confirm.chase-secure.ml/download/install/setup.exe,1
http://paypal-billing-update.click/update/account/billing,1
https://www.netflix.com/support,0
http://amazon-confirm-login-verify-account-4016.cf/update/account/billing,1
https://instagram.com/user/profile,0
https://m.linkedin.com/search?q=python,0
http://m.amazon.com/terms,0
http://bit.ly/xil6rso,1
https://instagram.com/dashboard,0
http://login.paypal-secure.top/download/install/setup.exe,1
http://netflix-update-confirm-verify-secure-3457.info/webscr?cmd=_login-submit,1
https://amazon.com/,0
https://netflix.com/pricing,0
https://twitter.com/settings,0
http://m.youtube.com/news,0
http://linkedin.com/terms,0
http://paypal-secure-login.cf/confirm/identity/verify,1
http://login-apple-secure.info/download/install/setup.exe,1
https://microsoft.com/services,0
https://www.netflix.com/dashboard,0
http://m.stackoverflow.com/help,0
http://microsoft.com@evil-phish.info/secure/billing/confirm,1
http://spotify.com@evil-phish.xyz/signin/password/reset,1
http://mail.microsoft-secure.click/secure/billing/confirm,1
http://ow.ly/zyqzss8,1
https://facebook.com/privacy,0
https://www.nytimes.com/terms,0
http://verify.ebay-secure.tk/confirm/identity/verify,1
https://m.shopify.com/help,0
http://bit.ly/ip3m7zu,1
http://ow.ly/yrzlz72,1
http://ebay-account-secure-5199.ga/webscr?cmd=_login-submit,1
https://microsoft.com/services,0
http://192.168.164.2/confirm/identity/verify,1
http://netflix-confirm-account-7290.click/account/suspended?redirect=http://evil.com,1
http://update.apple-secure.gq/update/account/billing,1
https://reuters.com/help,0
http://chase-helpdesk-support.xyz/confirm/identity/verify,1
http://chase-confirm-verify-update-update-4648.click/signin/password/reset,1
https://m.cnn.com/,0
https://spotify.com/news,0
http://apple-secure-billing-account-login-1745.ml/download/install/setup.exe,1
https://google.com/pricing,0
http://confirm.bank-secure.ml/secure/billing/confirm,1
https://google.com/about,0
http://is.gd/in7zxfm,1
http://goo.gl/uhmezvs,1
http://account.ebay-secure.link/confirm/identity/verify,1
https://netflix.com/settings,0
http://www.twitter.com/pricing,0
https://etsy.com/about,0
https://www.microsoft.com/privacy,0
http://nytimes.com/help,0
http://confirm.amazon-secure.gq/confirm/identity/verify,1
https://m.netflix.com/,0
https://facebook.com/settings,0
https://wikipedia.org/products,0
https://www.wordpress.com/,0
https://reuters.com/about,0
https://m.dropbox.com/products,0
https://dropbox.com/services,0
https://youtube.com/terms,0
https://amazon.com/user/profile,0
http://bit.ly/hllssg7,1
https://salesforce.com/settings,0
http://ow.ly/v87zmyp,1
http://is.gd/9p7hpkj,1
http://paypal-billing-confirm-verify-5472.top/download/install/setup.exe,1
https://www.twitter.com/products,0
https://ebay.com/settings,0
http://bbc.com@evil-phish.link/confirm/identity/verify,1
http://secure-netflix-login.top/download/install/setup.exe,1
https://github.com/news,0
http://spotify.com@evil-phish.xyz/secure/billing/confirm,1
https://dropbox.com/about,0
https://www.reddit.com/help,0
https://m.bbc.com/,0
http://ow.ly/b7wpooz,1
https://www.github.com/support,0
https://www.paypal.com/products,0
http://chase-helpdesk-support.xyz/login/verify?cmd=account&update=1,1
http://bing.com/products,0
https://spotify.com/services,0
http://192.168.108.139/login/verify?cmd=account&update=1,1
http://paypal-secure-login.link/update/account/billing,1
http://wikipedia.org/privacy,0
https://m.salesforce.com/support,0
http://reddit.com/,0
https://www.salesforce.com/help,0
https://www.netflix.com/services,0
http://etsy.com@evil-phish.ga/confirm/identity/verify,1
https://cnn.com/about,0
https://instagram.com/about,0
http://microsoft-update-billing-login-secure-8297.ga/signin/password/reset,1
http://is.gd/8lh1tbg,1
http://google.com/about,0
https://etsy.com/blog,0
http://google.com/user/profile,0
http://ebay-update-login-verify-billing-9583.cf/login/verify?cmd=account&update=1,1
https://m.twitter.com/about,0
http://ebay.com.xyz/signin/password/reset,1
http://paypal-secure-secure-8839.tk/confirm/identity/verify,1
http://amazon-account-confirm-3908.xyz/confirm/identity/verify,1
http://amazon-account-verify.info/login/verify?cmd=account&update=1,1
http://ow.ly/hsj9aha,1
http://netflix-login-account-5878.ga/confirm/identity/verify,1
http://bit.ly/evzrpe7,1
https://bbc.com/about,0
https://m.stackoverflow.com/contact,0
http://bbc.com@evil-phish.ga/update/account/billing,1
http://support.netflix-secure.xyz/account/suspended?redirect=http://evil.com,1
https://youtube.com/user/profile,0
http://194.175.82.134/login/verify?cmd=account&update=1,1
http://secure.ebay-secure.ml/signin/password/reset,1
https://www.netflix.com/services,0
http://is.gd/8nixc6o,1
http://microsoft-verify-verify-1766.ga/account/suspended?redirect=http://evil.com,1
https://youtube.com/user/profile,0
http://apple.com.ga/signin/password/reset,1
http://stackoverflow.com@evil-phish.cf/update/account/billing,1
https://ebay.com/dashboard,0
http://twitter.com@evil-phish.info/confirm/identity/verify,1
https://youtube.com/about,0
https://reuters.com/terms,0
https://stackoverflow.com/products,0
http://45.252.26.242/webscr?cmd=_login-submit,1
http://paypal-update-billing-verify-8336.ml/secure/billing/confirm,1
https://adobe.com/news,0
https://wikipedia.org/services,0
http://yahoo.com/search?q=python,0
http://apple-login-billing-2470.link/account/suspended?redirect=http://evil.com,1
https://paypal.com/products,0
https://yahoo.com/products,0
http://account.ebay-secure.xyz/confirm/identity/verify,1
http://reuters.com@evil-phish.gq/update/account/billing,1
http://stackoverflow.com@evil-phish.ml/login/verify?cmd=account&update=1,1
http://banking.amazon-secure.gq/webscr?cmd=_login-submit,1
http://netflix-confirm-secure-secure-verify-3944.xyz/secure/billing/confirm,1
https://medium.com/,0
https://www.etsy.com/dashboard,0
http://secure.amazon-secure.top/update/account/billing,1
http://192.168.227.159/signin/password/reset,1
https://medium.com/news,0
https://cnn.com/user/profile,0
http://bank-confirm-billing-9444.ga/update/account/billing,1
https://ebay.com/products,0
http://microsoft.com@evil-phish.ml/secure/billing/confirm,1
https://adobe.com/pricing,0
http://cnn.com/user/profile,0
https://www.paypal.com/search?q=python,0
https://spotify.com/user/profile,0
https://bing.com/pricing,0
http://www.paypal.com/about,0
https://www.bing.com/,0
http://m.amazon.com/privacy,0
https://m.amazon.com/services,0
http://chase-confirm-verify-billing-update-2484.link/login/verify?cmd=account&update=1,1
http://172.61.252.22/download/install/setup.exe,1
http://login-bank-secure.link/account/suspended?redirect=http://evil.com,1
http://paypal-billing-login-4571.ga/login/verify?cmd=account&update=1,1
http://confirm.bank-secure.xyz/download/install/setup.exe,1
http://bbc.com@evil-phish.ga/download/install/setup.exe,1
https://salesforce.com/privacy,0
http://medium.com/services,0
https://amazon.com/,0
https://www.medium.com/terms,0
http://paypal-login-update-verify-account-5845.info/confirm/identity/verify,1
https://wikipedia.org/settings,0
https://cnn.com/dashboard,0
http://bit.ly/in1a7kn,1
http://paypal-secure-account-update-6796.xyz/download/install/setup.exe,1
http://bit.ly/7r6fwkb,1
http://helpdesk.amazon-secure.top/signin/password/reset,1
http://m.stackoverflow.com/user/profile,0
https://facebook.com/user/profile,0
https://wikipedia.org/news,0
http://is.gd/pnbxu6o,1
https://www.paypal.com/privacy,0
http://chase-billing-update-8505.click/webscr?cmd=_login-submit,1
https://m.linkedin.com/,0
http://10.97.65.5/confirm/identity/verify,1
https://www.reuters.com/products,0
http://paypal-helpdesk-support.top/confirm/identity/verify,1
http://185.55.162.206/update/account/billing,1
https://m.amazon.com/user/profile,0
https://apple.com/products,0
https://www.spotify.com/contact,0
http://amazon-billing-account-billing-7267.top/confirm/identity/verify,1
https://instagram.com/blog,0
https://dropbox.com/privacy,0
http://nytimes.com@evil-phish.top/account/suspended?redirect=http://evil.com,1
https://shopify.com/blog,0
https://spotify.com/services,0
https://etsy.com/,0
https://www.medium.com/about,0
http://185.134.13.99/secure/billing/confirm,1
https://www.dropbox.com/help,0
http://secure.apple-secure.tk/webscr?cmd=_login-submit,1
http://amazon-account-verify.cf/download/install/setup.exe,1
http://10.48.198.20/update/account/billing,1
https://stackoverflow.com/support,0
http://validation.paypal-secure.click/confirm/identity/verify,1
https://www.paypal.com/blog,0
https://wikipedia.org/terms,0
http://amazon-secure-login-billing-confirm-6376.top/download/install/setup.exe,1
https://shopify.com/help,0
https://www.adobe.com/terms,0
https://nytimes.com/settings,0
https://m.medium.com/search?q=python,0
http://185.177.112.202/webscr?cmd=_login-submit,1
http://verify.microsoft-secure.xyz/confirm/identity/verify,1
https://twitter.com/about,0
http://bit.ly/7cmtozz,1
http://support.bank-secure.ga/update/account/billing,1
https://facebook.com/blog,0
http://192.168.118.169/download/install/setup.exe,1
http://paypal.com@evil-phish.info/download/install/setup.exe,1
http://netflix.com@evil-phish.info/webscr?cmd=_login-submit,1
http://microsoft-helpdesk-support.cf/confirm/identity/verify,1
https://www.cnn.com/pricing,0
https://m.reuters.com/services,0
https://m.instagram.com/pricing,0
http://192.168.207.53/login/verify?cmd=account&update=1,1
http://goo.gl/ba2fyry,1
https://www.yahoo.com/blog,0
https://m.etsy.com/help,0
http://bit.ly/ye2kq0b,1
https://google.com/search?q=python,0
http://bing.com@evil-phish.top/webscr?cmd=_login-submit,1
http://paypal-secure-login.link/login/verify?cmd=account&update=1,1
https://bing.com/search?q=python,0
https://apple.com/products,0
https://m.wikipedia.org/products,0
https://www.youtube.com/pricing,0
https://m.netflix.com/settings,0
http://bit.ly/twfk5mg,1
http://netflix.com.tk/download/install/setup.exe,1
http://confirm.netflix-secure.info/signin/password/reset,1
http://194.171.102.87/secure/billing/confirm,1
https://yahoo.com/support,0
http://172.116.143.175/account/suspended?redirect=http://evil.com,1
http://ebay-update-confirm-secure-1045.gq/signin/password/reset,1
http://paypal-secure-login.tk/signin/password/reset,1
http://185.19.217.150/download/install/setup.exe,1
https://linkedin.com/blog,0
https://instagram.com/pricing,0
http://service.chase-secure.xyz/secure/billing/confirm,1
https://m.salesforce.com/user/profile,0
http://is.gd/hp6pnu0,1
http://paypal-secure-login.ga/login/verify?cmd=account&update=1,1
https://etsy.com/contact,0
https://stackoverflow.com/dashboard,0
http://login-amazon-secure.ml/signin/password/reset,1
https://www.twitter.com/,0
http://chase-billing-update.top/login/verify?cmd=account&update=1,1
http://yahoo.com@evil-phish.info/login/verify?cmd=account&update=1,1
https://m.google.com/terms,0
http://ow.ly/7ly6yv0,1
https://m.medium.com/products,0
http://is.gd/jqhn49m,1
https://etsy.com/news,0
https://nytimes.com/blog,0
http://192.168.159.200/signin/password/reset,1
http://twitter.com/terms,0
http://shopify.com@evil-phish.gq/login/verify?cmd=account&update=1,1
http://194.62.104.162/download/install/setup.exe,1
https://m.google.com/privacy,0
https://m.bing.com/settings,0
https://m.shopify.com/blog,0
http://wikipedia.org/dashboard,0
https://github.com/user/profile,0
https://facebook.com/blog,0
http://microsoft.com/help,0
https://wordpress.com/help,0
http://support.ebay-secure.ga/download/install/setup.exe,1
https://facebook.com/,0
http://ow.ly/jkd9uce,1
https://ebay.com/settings,0
https://twitter.com/search?q=python,0
https://instagram.com/about,0
https://m.wikipedia.org/about,0
https://www.spotify.com/services,0
http://bit.ly/mlcli3d,1
http://login.paypal-secure.top/login/verify?cmd=account&update=1,1
http://helpdesk.bank-secure.ga/update/account/billing,1
http://amazon-verify-account-secure-1710.xyz/login/verify?cmd=account&update=1,1
http://netflix-login-verify-4248.info/secure/billing/confirm,1
http://verify.netflix-secure.info/update/account/billing,1
http://194.230.80.185/account/suspended?redirect=http://evil.com,1
http://194.16.245.19/confirm/identity/verify,1
https://m.apple.com/terms,0
https://m.salesforce.com/,0
http://bit.ly/wvhd7b4,1
http://194.128.219.241/confirm/identity/verify,1
https://google.com/products,0
https://github.com/blog,0
http://microsoft-update-confirm-5754.cf/secure/billing/confirm,1
https://apple.com/pricing,0
http://mail.microsoft-secure.ga/update/account/billing,1
https://linkedin.com/search?q=python,0
http://github.com@evil-phish.link/signin/password/reset,1
http://goo.gl/cvmkc11,1
http://amazon-account-update-confirm-verify-7730.gq/login/verify?cmd=account&update=1,1
http://185.215.73.166/login/verify?cmd=account&update=1,1
https://instagram.com/pricing,0
http://validation.ebay-secure.cf/confirm/identity/verify,1
http://tinyurl.com/do3gq83,1
http://194.111.34.68/confirm/identity/verify,1
http://yahoo.com@evil-phish.ml/update/account/billing,1
http://goo.gl/4dtad4w,1
http://microsoft-update-verify-7036.tk/update/account/billing,1
http://tinyurl.com/ux5w3sx,1
http://is.gd/ing1fj4,1
https://bbc.com/pricing,0
http://45.209.19.143/update/account/billing,1
http://salesforce.com@evil-phish.xyz/download/install/setup.exe,1
https://etsy.com/products,0
https://m.ebay.com/privacy,0
https://ebay.com/news,0
https://cnn.com/user/profile,0
http://ow.ly/ij88agt,1
http://secure-chase-login.cf/webscr?cmd=_login-submit,1
http://paypal-secure-login.info/webscr?cmd=_login-submit,1
http://172.178.48.125/update/account/billing,1
http://is.gd/t47z0a6,1
https://ebay.com/search?q=python,0
https://apple.com/support,0
http://verify.paypal-secure.ml/confirm/identity/verify,1
http://172.235.178.130/login/verify?cmd=account&update=1,1
http://m.wikipedia.org/,0
http://194.154.55.189/signin/password/reset,1
http://salesforce.com/services,0
http://cnn.com@evil-phish.ml/webscr?cmd=_login-submit,1
http://paypal-verify-account-login-1813.gq/update/account/billing,1
https://spotify.com/terms,0
http://bit.ly/vv1e6w0,1
http://paypal-verify-verify-verify-update-4059.link/signin/password/reset,1
https://reuters.com/settings,0
https://www.github.com/privacy,0
https://www.spotify.com/dashboard,0
https://www.youtube.com/pricing,0
http://account-netflix-verify.gq/webscr?cmd=_login-submit,1
http://paypal-update-confirm-update-verify-1418.cf/update/account/billing,1
http://service.paypal-secure.link/webscr?cmd=_login-submit,1
http://ebay.com@evil-phish.link/confirm/identity/verify,1
http://m.instagram.com/news,0
http://amazon-account-verify.top/signin/password/reset,1
http://ow.ly/hufn4vn,1
https://www.twitter.com/settings,0
http://172.145.202.7/login/verify?cmd=account&update=1,1
https://m.reuters.com/,0
http://support.bank-secure.xyz/download/install/setup.exe,1
https://stackoverflow.com/dashboard,0
https://www.wikipedia.org/support,0
https://github.com/dashboard,0
https://linkedin.com/user/profile,0
http://is.gd/u4h6fq3,1
http://45.130.170.161/confirm/identity/verify,1
http://45.254.223.49/secure/billing/confirm,1
http://paypal-update-secure-5985.link/update/account/billing,1
http://185.220.174.139/account/suspended?redirect=http://evil.com,1
https://m.apple.com/support,0
https://m.microsoft.com/privacy,0
http://goo.gl/fuw48xl,1
https://microsoft.com/support,0
https://wikipedia.org/terms,0
https://www.bing.com/dashboard,0
http://etsy.com@evil-phish.info/account/suspended?redirect=http://evil.com,1
http://185.199.167.75/update/account/billing,1
http://paypal-billing-update.click/webscr?cmd=_login-submit,1
http://update.microsoft-secure.gq/login/verify?cmd=account&update=1,1
https://netflix.com/settings,0
http://apple.com/help,0
https://www.spotify.com/settings,0
http://is.gd/czkwssn,1
https://apple.com/news,0
http://reuters.com@evil-phish.link/confirm/identity/verify,1
http://www.paypal.com/support,0
https://google.com/news,0
https://cnn.com/user/profile,0
https://paypal.com/support,0
http://bit.ly/3rb1w0x,1
http://194.128.117.88/update/account/billing,1
http://secure.netflix-secure.info/account/suspended?redirect=http://evil.com,1
http://etsy.com@evil-phish.tk/account/suspended?redirect=http://evil.com,1
https://wordpress.com/,0
https://www.facebook.com/pricing,0
http://mail.bank-secure.cf/login/verify?cmd=account&update=1,1
https://google.com/help,0
https://stackoverflow.com/dashboard,0
http://amazon-account-verify-secure-secure-9072.gq/signin/password/reset,1
http://paypal-secure-login.link/login/verify?cmd=account&update=1,1
http://login-chase-secure.info/secure/billing/confirm,1
https://wordpress.com/terms,0
https://google.com/support,0
http://account.netflix-secure.xyz/account/suspended?redirect=http://evil.com,1
https://nytimes.com/contact,0
http://github.com@evil-phish.top/login/verify?cmd=account&update=1,1
https://bbc.com/support,0
https://reddit.com/search?q=python,0
https://etsy.com/news,0
http://adobe.com/search?q=python,0
https://www.apple.com/settings,0
http://support.chase-secure.cf/signin/password/reset,1
http://instagram.com@evil-phish.top/webscr?cmd=_login-submit,1
https://bing.com/help,0
http://ebay-helpdesk-support.top/update/account/billing,1
http://validation.ebay-secure.info/login/verify?cmd=account&update=1,1
http://account-netflix-verify.tk/update/account/billing,1
http://nytimes.com@evil-phish.ml/login/verify?cmd=account&update=1,1
http://stackoverflow.com/dashboard,0
http://amazon-account-verify.ga/update/account/billing,1
https://m.nytimes.com/user/profile,0
http://github.com/privacy,0
http://linkedin.com@evil-phish.cf/download/install/setup.exe,1
http://chase-confirm-verify-confirm-account-9516.link/secure/billing/confirm,1
https://instagram.com/about,0
http://etsy.com/search?q=python,0
https://etsy.com/,0
https://www.apple.com/pricing,0
http://reddit.com/help,0
http://amazon-account-verify.click/update/account/billing,1
http://secure-chase-login.ga/secure/billing/confirm,1
https://www.linkedin.com/support,0
http://172.169.140.249/webscr?cmd=_login-submit,1
https://spotify.com/pricing,0
https://netflix.com/contact,0
https://yahoo.com/support,0
https://www.adobe.com/terms,0
http://192.168.75.77/login/verify?cmd=account&update=1,1
http://banking.paypal-secure.top/download/install/setup.exe,1
http://account.bank-secure.cf/confirm/identity/verify,1
http://ebay-account-account-6965.ga/signin/password/reset,1
https://m.dropbox.com/user/profile,0
https://m.bbc.com/privacy,0
https://www.netflix.com/products,0
http://update.microsoft-secure.ga/account/suspended?redirect=http://evil.com,1
http://45.74.233.222/update/account/billing,1
https://bing.com/about,0
https://github.com/about,0
http://reuters.com@evil-phish.tk/secure/billing/confirm,1
http://reddit.com@evil-phish.top/login/verify?cmd=account&update=1,1
http://account.ebay-secure.click/update/account/billing,1
http://tinyurl.com/a2eo4cy,1
http://10.23.140.179/signin/password/reset,1
https://m.linkedin.com/help,0
https://bbc.com/help,0
https://cnn.com/user/profile,0
http://tinyurl.com/b8zufjw,1
http://ebay-confirm-billing-update-5759.tk/account/suspended?redirect=http://evil.com,1
https://m.google.com/blog,0
https://www.youtube.com/blog,0
http://bing.com/services,0
https://google.com/dashboard,0
http://10.107.120.178/webscr?cmd=_login-submit,1
https://www.spotify.com/products,0
https://m.facebook.com/search?q=python,0
http://twitter.com@evil-phish.tk/webscr?cmd=_login-submit,1
http://bank.com.info/secure/billing/confirm,1
https://www.paypal.com/terms,0
http://amazon.com.gq/secure/billing/confirm,1
http://tinyurl.com/lgfwmvy,1
http://paypal-login-confirm-7607.tk/download/install/setup.exe,1
http://netflix-verify-account-login-1585.xyz/download/install/setup.exe,1
http://185.235.156.100/download/install/setup.exe,1
http://185.78.91.111/login/verify?cmd=account&update=1,1
http://bit.ly/k2lbimn,1
http://netflix-secure-billing-account-9947.ml/login/verify?cmd=account&update=1,1
https://linkedin.com/terms,0
https://instagram.com/about,0
http://tinyurl.com/1ar1zgz,1
https://amazon.com/pricing,0
http://cnn.com/privacy,0
http://amazon-confirm-login-6055.ga/login/verify?cmd=account&update=1,1
https://www.wordpress.com/dashboard,0
http://m.dropbox.com/about,0
http://stackoverflow.com@evil-phish.cf/download/install/setup.exe,1
https://www.netflix.com/privacy,0
http://apple-account-billing-update-4054.gq/confirm/identity/verify,1
https://cnn.com/about,0
https://reddit.com/settings,0
https://github.com/,0
https://reddit.com/search?q=python,0
https://reddit.com/news,0
http://amazon-account-verify.ml/confirm/identity/verify,1
https://adobe.com/privacy,0
http://ow.ly/oxj93dr,1
https://reddit.com/contact,0
http://microsoft-confirm-login-update-login-3194.xyz/signin/password/reset,1
http://www.salesforce.com/about,0
http://verify.ebay-secure.click/confirm/identity/verify,1
http://account-chase-verify.ga/download/install/setup.exe,1
http://verify.ebay-secure.top/download/install/setup.exe,1
http://m.apple.com/blog,0
http://confirm.chase-secure.click/confirm/identity/verify,1
http://194.144.235.222/confirm/identity/verify,1
http://twitter.com/support,0
https://m.adobe.com/dashboard,0
http://bit.ly/92kdpyt,1
https://m.google.com/services,0
https://google.com/services,0
https://youtube.com/support,0
https://spotify.com/blog,0
http://microsoft-update-account-billing-6904.cf/signin/password/reset,1
http://microsoft-account-account-6832.click/confirm/identity/verify,1
https://www.youtube.com/privacy,0
http://validation.apple-secure.ml/login/verify?cmd=account&update=1,1
https://nytimes.com/services,0
http://bit.ly/04qpqrw,1
http://tinyurl.com/ouqzvis,1
http://goo.gl/l6biv0z,1
https://m.linkedin.com/pricing,0
http://account-amazon-verify.info/login/verify?cmd=account&update=1,1
https://m.dropbox.com/about,0
http://nytimes.com@evil-phish.top/signin/password/reset,1
http://netflix.com/products,0
https://m.facebook.com/settings,0
http://ebay-secure-update-3319.ml/webscr?cmd=_login-submit,1
http://verify.chase-secure.gq/login/verify?cmd=account&update=1,1
http://192.168.58.157/secure/billing/confirm,1
https://www.youtube.com/contact,0
http://bank-verify-confirm-secure-billing-8307.top/account/suspended?redirect=http://evil.com,1
https://instagram.com/settings,0
https://facebook.com/settings,0
http://ebay.com@evil-phish.info/update/account/billing,1
https://nytimes.com/products,0
http://twitter.com@evil-phish.click/webscr?cmd=_login-submit,1
http://twitter.com@evil-phish.ga/login/verify?cmd=account&update=1,1
https://nytimes.com/dashboard,0
https://medium.com/search?q=python,0
https://www.bing.com/about,0
http://bit.ly/ijphgkn,1
https://apple.com/dashboard,0
http://netflix-login-login-billing-account-7927.ml/download/install/setup.exe,1
http://bank-login-update-verify-account-7780.info/secure/billing/confirm,1
http://paypal-secure-login.ml/update/account/billing,1
http://tinyurl.com/2t7b7uy,1
http://bit.ly/kpviddy,1
http://paypal-account-billing-6226.gq/download/install/setup.exe,1
http://netflix-verify-billing-secure-6356.gq/signin/password/reset,1
http://nytimes.com@evil-phish.info/update/account/billing,1
https://m.twitter.com/settings,0
http://apple-secure-confirm-account-6553.xyz/login/verify?cmd=account&update=1,1
http://amazon-secure-verify-8391.cf/confirm/identity/verify,1
https://ebay.com/news,0
https://www.dropbox.com/products,0
http://tinyurl.com/xzqu3o1,1
https://www.paypal.com/services,0
http://amazon-account-verify.cf/update/account/billing,1
https://twitter.com/services,0
https://etsy.com/settings,0
http://ow.ly/7pftpyb,1
http://banking.apple-secure.tk/login/verify?cmd=account&update=1,1
https://www.twitter.com/settings,0
https://medium.com/blog,0
http://tinyurl.com/u3054ou,1
http://github.com@evil-phish.tk/account/suspended?redirect=http://evil.com,1
http://is.gd/47lz0o1,1
http://goo.gl/q5plwqn,1
https://amazon.com/settings,0
https://m.yahoo.com/privacy,0
http://amazon-helpdesk-support.click/secure/billing/confirm,1
http://login.apple-secure.top/download/install/setup.exe,1
http://adobe.com@evil-phish.ga/download/install/setup.exe,1
http://bing.com@evil-phish.top/account/suspended?redirect=http://evil.com,1
https://github.com/terms,0
http://bit.ly/m5lze6h,1
http://amazon-account-verify.gq/download/install/setup.exe,1
http://tinyurl.com/h5u3vvb,1
http://wordpress.com/news,0
http://192.168.48.114/account/suspended?redirect=http://evil.com,1
https://dropbox.com/about,0
http://wordpress.com@evil-phish.gq/confirm/identity/verify,1
https://facebook.com/search?q=python,0
https://www.wordpress.com/settings,0
http://apple-account-login-verify-2148.xyz/webscr?cmd=_login-submit,1
http://banking.chase-secure.ga/secure/billing/confirm,1
http://service.ebay-secure.cf/confirm/identity/verify,1
http://amazon-account-verify.ml/login/verify?cmd=account&update=1,1
https://www.reuters.com/settings,0
https://instagram.com/,0
https://dropbox.com/terms,0
http://netflix-secure-account-verify-confirm-5734.ml/update/account/billing,1
https://m.google.com/support,0
https://m.youtube.com/services,0
http://chase-confirm-secure-4810.info/login/verify?cmd=account&update=1,1
http://spotify.com@evil-phish.info/download/install/setup.exe,1
http://support.netflix-secure.ml/secure/billing/confirm,1
http://www.etsy.com/products,0
https://ebay.com/about,0
http://ow.ly/8n17789,1
https://dropbox.com/contact,0
https://m.microsoft.com/pricing,0
https://ebay.com/dashboard,0
https://www.ebay.com/contact,0
https://www.medium.com/contact,0
http://bbc.com@evil-phish.ga/confirm/identity/verify,1
http://secure.chase-secure.ga/download/install/setup.exe,1
http://10.95.65.236/download/install/setup.exe,1
http://194.135.98.112/webscr?cmd=_login-submit,1
http://172.222.123.217/download/install/setup.exe,1
http://stackoverflow.com/products,0
http://reddit.com@evil-phish.ml/webscr?cmd=_login-submit,1
http://chase-billing-billing-confirm-7738.cf/secure/billing/confirm,1
http://mail.microsoft-secure.ga/account/suspended?redirect=http://evil.com,1
https://www.shopify.com/,0
https://instagram.com/settings,0
https://www.paypal.com/blog,0
https://netflix.com/terms,0
https://www.stackoverflow.com/settings,0
http://service.apple-secure.tk/account/suspended?redirect=http://evil.com,1
http://paypal-secure-confirm-confirm-confirm-7439.top/account/suspended?redirect=http://evil.com,1
https://m.adobe.com/search?q=python,0
http://spotify.com@evil-phish.link/account/suspended?redirect=http://evil.com,1
http://secure.amazon-secure.top/download/install/setup.exe,1
https://reuters.com/support,0
http://m.medium.com/,0
http://shopify.com/dashboard,0
http://bank-billing-verify-7680.info/account/suspended?redirect=http://evil.com,1
https://m.reuters.com/terms,0
https://google.com/settings,0
http://172.44.126.130/update/account/billing,1
https://amazon.com/contact,0
http://github.com@evil-phish.link/webscr?cmd=_login-submit,1
http://192.168.148.171/update/account/billing,1
http://m.apple.com/blog,0
http://login.ebay-secure.info/login/verify?cmd=account&update=1,1
http://banking.amazon-secure.info/webscr?cmd=_login-submit,1
https://m.instagram.com/,0
https://www.reddit.com/news,0
http://bank.com.click/login/verify?cmd=account&update=1,1
http://amazon-billing-update.link/secure/billing/confirm,1
https://www.linkedin.com/blog,0
http://secure-bank-login.info/update/account/billing,1
https://facebook.com/products,0
https://yahoo.com/pricing,0
http://apple-secure-confirm-9948.click/account/suspended?redirect=http://evil.com,1
http://amazon-helpdesk-support.ga/signin/password/reset,1
http://ebay.com@evil-phish.click/update/account/billing,1
https://bing.com/blog,0
http://apple-update-secure-6846.click/update/account/billing,1
http://microsoft.com/dashboard,0
http://chase-account-update-6291.click/download/install/setup.exe,1
http://bank-update-secure-2629.xyz/download/install/setup.exe,1
http://is.gd/v2wj6o6,1
http://helpdesk.chase-secure.tk/login/verify?cmd=account&update=1,1
https://bbc.com/products,0
https://www.bing.com/services,0
http://is.gd/iwwl0a9,1
https://www.reuters.com/privacy,0
http://paypal-secure-login.ga/secure/billing/confirm,1
http://login-netflix-secure.tk/webscr?cmd=_login-submit,1
https://reddit.com/user/profile,0
http://cnn.com@evil-phish.tk/signin/password/reset,1
https://m.etsy.com/products,0
https://medium.com/,0
http://netflix-confirm-account-login-8496.click/account/suspended?redirect=http://evil.com,1
http://ebay-verify-billing-verify-update-6740.ml/account/suspended?redirect=http://evil.com,1
https://salesforce.com/services,0
https://dropbox.com/terms,0
https://m.salesforce.com/contact,0
https://twitter.com/news,0
https://m.facebook.com/about,0
https://amazon.com/dashboard,0
http://support.bank-secure.ml/login/verify?cmd=account&update=1,1
http://chase-secure-login-7655.ml/download/install/setup.exe,1
http://reuters.com@evil-phish.xyz/update/account/billing,1
http://45.44.11.251/secure/billing/confirm,1
https://www.bing.com/settings,0
https://m.ebay.com/support,0
https://stackoverflow.com/terms,0
https://m.linkedin.com/products,0
https://etsy.com/user/profile,0
http://update.chase-secure.tk/update/account/billing,1
http://chase.com.click/confirm/identity/verify,1
http://tinyurl.com/mqd9ano,1
http://chase-update-verify-1411.xyz/download/install/setup.exe,1
http://paypal-login-login-8697.link/update/account/billing,1
https://www.stackoverflow.com/pricing,0
https://salesforce.com/products,0
https://www.wikipedia.org/,0
http://account-bank-verify.tk/account/suspended?redirect=http://evil.com,1
http://185.87.61.52/update/account/billing,1
https://salesforce.com/help,0
https://netflix.com/help,0
https://google.com/help,0
http://192.168.148.210/webscr?cmd=_login-submit,1
https://dropbox.com/support,0
http://185.1.215.200/account/suspended?redirect=http://evil.com,1
http://netflix.com.info/update/account/billing,1
https://cnn.com/contact,0
http://amazon-verify-login-account-2688.info/webscr?cmd=_login-submit,1
https://reuters.com/help,0
https://www.github.com/products,0
http://172.117.205.176/account/suspended?redirect=http://evil.com,1
https://www.google.com/blog,0
https://google.com/products,0
http://194.98.229.66/confirm/identity/verify,1
http://account-amazon-verify.tk/webscr?cmd=_login-submit,1
http://microsoft-billing-secure-9698.tk/confirm/identity/verify,1
http://172.156.202.120/login/verify?cmd=account&update=1,1
https://m.apple.com/contact,0
http://paypal-secure-login.ml/signin/password/reset,1
http://is.gd/obd8v0d,1
https://www.spotify.com/products,0
https://m.cnn.com/settings,0
http://update.amazon-secure.gq/download/install/setup.exe,1
https://m.twitter.com/privacy,0
https://facebook.com/support,0
https://www.etsy.com/pricing,0
https://m.wordpress.com/contact,0
https://apple.com/services,0
http://support.microsoft-secure.cf/account/suspended?redirect=http://evil.com,1
https://www.youtube.com/help,0
http://twitter.com@evil-phish.top/account/suspended?redirect=http://evil.com,1
http://apple-login-billing-login-login-3674.ga/confirm/identity/verify,1
http://paypal-billing-update.click/confirm/identity/verify,1
https://www.spotify.com/search?q=python,0
http://www.bbc.com/,0
https://amazon.com/about,0
http://spotify.com@evil-phish.tk/secure/billing/confirm,1
http://tinyurl.com/mcy249f,1
http://bank-billing-secure-billing-update-2859.ga/webscr?cmd=_login-submit,1
http://secure-amazon-login.click/secure/billing/confirm,1
http://youtube.com@evil-phish.gq/download/install/setup.exe,1
https://shopify.com/support,0
https://www.twitter.com/terms,0
http://netflix-login-confirm-verify-login-3319.tk/confirm/identity/verify,1
https://www.microsoft.com/support,0
http://support.paypal-secure.link/secure/billing/confirm,1
https://instagram.com/pricing,0
http://is.gd/ig3yvr2,1
https://dropbox.com/products,0
https://wordpress.com/privacy,0
https://salesforce.com/news,0
http://paypal.com@evil-phish.ga/update/account/billing,1
http://bank-billing-update.gq/confirm/identity/verify,1
http://194.85.139.209/webscr?cmd=_login-submit,1
https://facebook.com/services,0
http://ebay-billing-update.link/update/account/billing,1
http://amazon-login-update-secure-verify-3789.ga/download/install/setup.exe,1
http://apple-account-login-confirm-2138.cf/confirm/identity/verify,1
https://www.wordpress.com/privacy,0
https://google.com/user/profile,0
http://spotify.com@evil-phish.top/login/verify?cmd=account&update=1,1
http://secure-bank-login.ml/account/suspended?redirect=http://evil.com,1
https://nytimes.com/user/profile,0
http://194.198.61.246/update/account/billing,1
https://www.wordpress.com/blog,0
https://m.google.com/products,0
http://microsoft-confirm-verify-6482.ga/confirm/identity/verify,1
http://ebay-account-login-confirm-8550.ga/login/verify?cmd=account&update=1,1
http://172.28.160.60/secure/billing/confirm,1
https://m.cnn.com/search?q=python,0
https://adobe.com/products,0
http://ow.ly/hanhdt4,1
http://goo.gl/l1i81j2,1
https://m.github.com/products,0
https://youtube.com/privacy,0
https://amazon.com/user/profile,0
http://support.ebay-secure.xyz/webscr?cmd=_login-submit,1
https://microsoft.com/settings,0
https://stackoverflow.com/pricing,0
http://194.122.203.182/webscr?cmd=_login-submit,1
http://192.168.230.144/account/suspended?redirect=http://evil.com,1
https://bing.com/,0
http://account-chase-verify.click/webscr?cmd=_login-submit,1
http://tinyurl.com/xt8oit6,1
http://194.76.27.107/account/suspended?redirect=http://evil.com,1
http://chase-update-billing-1166.gq/confirm/identity/verify,1
http://bit.ly/xiri47c,1
https://www.github.com/support,0
https://salesforce.com/services,0
http://secure-netflix-login.xyz/secure/billing/confirm,1
http://microsoft.com@evil-phish.ml/download/install/setup.exe,1
https://nytimes.com/dashboard,0
http://salesforce.com@evil-phish.link/webscr?cmd=_login-submit,1
https://m.yahoo.com/help,0
https://www.etsy.com/,0
http://verify.netflix-secure.click/download/install/setup.exe,1
https://m.bing.com/terms,0
http://apple.com/about,0
http://192.168.225.90/account/suspended?redirect=http://evil.com,1
http://confirm.apple-secure.info/download/install/setup.exe,1
https://wikipedia.org/services,0
http://cnn.com/,0
https://www.google.com/terms,0
http://account-apple-verify.link/confirm/identity/verify,1
http://reddit.com@evil-phish.info/update/account/billing,1
http://banking.ebay-secure.click/login/verify?cmd=account&update=1,1
http://bing.com@evil-phish.link/login/verify?cmd=account&update=1,1
http://10.165.182.110/download/install/setup.exe,1
https://wikipedia.org/blog,0
http://paypal-secure-login.top/webscr?cmd=_login-submit,1
https://m.ebay.com/news,0
https://www.nytimes.com/search?q=python,0
http://amazon.com/services,0
https://spotify.com/user/profile,0
http://account-bank-verify.ga/account/suspended?redirect=http://evil.com,1
https://m.dropbox.com/dashboard,0
https://dropbox.com/about,0
https://stackoverflow.com/user/profile,0
http://apple-login-confirm-secure-3463.top/signin/password/reset,1
https://netflix.com/pricing,0
http://tinyurl.com/dsym7d0,1
http://ebay-billing-login-confirm-billing-3444.cf/download/install/setup.exe,1
http://update.microsoft-secure.ml/login/verify?cmd=account&update=1,1
http://tinyurl.com/n7qlbw6,1
https://shopify.com/about,0
https://www.facebook.com/pricing,0
http://stackoverflow.com/news,0
http://support.ebay-secure.info/webscr?cmd=_login-submit,1
http://validation.amazon-secure.info/download/install/setup.exe,1
https://wikipedia.org/products,0
http://account.amazon-secure.cf/signin/password/reset,1
http://45.65.24.214/secure/billing/confirm,1
https://m.ebay.com/terms,0
https://linkedin.com/about,0
https://etsy.com/services,0
http://10.210.247.177/account/suspended?redirect=http://evil.com,1
https://twitter.com/products,0
http://verify.chase-secure.tk/secure/billing/confirm,1
http://paypal-secure-login.tk/account/suspended?redirect=http://evil.com,1
http://is.gd/rpncsqc,1
http://amazon.com.click/secure/billing/confirm,1
http://microsoft-account-update-confirm-6963.top/confirm/identity/verify,1
http://account-paypal-verify.gq/signin/password/reset,1
http://apple.com@evil-phish.ml/account/suspended?redirect=http://evil.com,1
https://microsoft.com/pricing,0
https://m.apple.com/products,0
https://linkedin.com/news,0
http://paypal-update-verify-6836.xyz/login/verify?cmd=account&update=1,1
http://bit.ly/2mzj86g,1
https://medium.com/support,0
http://amazon.com/user/profile,0
http://is.gd/oc4eu0d,1
http://apple.com.xyz/download/install/setup.exe,1
https://www.facebook.com/about,0
http://bank-confirm-verify-5811.gq/secure/billing/confirm,1
https://facebook.com/terms,0
https://www.yahoo.com/dashboard,0
https://www.wikipedia.org/support,0
https://www.dropbox.com/about,0
https://ebay.com/pricing,0
http://support.chase-secure.ml/download/install/setup.exe,1
https://m.github.com/services,0
http://chase-verify-login-7360.xyz/secure/billing/confirm,1
http://mail.paypal-secure.ga/download/install/setup.exe,1
https://linkedin.com/about,0
https://github.com/privacy,0
https://google.com/products,0
http://is.gd/vwjazq4,1
https://www.linkedin.com/services,0
http://confirm.microsoft-secure.info/account/suspended?redirect=http://evil.com,1
http://ebay.com@evil-phish.link/confirm/identity/verify,1
https://github.com/products,0
http://helpdesk.chase-secure.ml/confirm/identity/verify,1
https://www.spotify.com/dashboard,0
http://confirm.apple-secure.info/webscr?cmd=_login-submit,1
https://m.etsy.com/user/profile,0
http://bit.ly/jyhrqg3,1
https://reuters.com/help,0
http://mail.ebay-secure.info/download/install/setup.exe,1
http://yahoo.com@evil-phish.click/secure/billing/confirm,1
https://ebay.com/user/profile,0
http://goo.gl/idooobh,1
http://medium.com/settings,0
http://194.54.159.8/login/verify?cmd=account&update=1,1
https://m.adobe.com/settings,0
http://confirm.ebay-secure.gq/login/verify?cmd=account&update=1,1
http://secure.amazon-secure.ml/webscr?cmd=_login-submit,1
https://m.shopify.com/services,0
http://chase-billing-update-3893.gq/login/verify?cmd=account&update=1,1
https://linkedin.com/products,0
http://goo.gl/epjrf57,1
http://account-ebay-verify.link/signin/password/reset,1
http://bank-update-account-update-confirm-4502.info/login/verify?cmd=account&update=1,1
https://github.com/support,0
https://spotify.com/blog,0
http://cnn.com@evil-phish.xyz/signin/password/reset,1
https://shopify.com/services,0
http://adobe.com/dashboard,0
https://m.facebook.com/support,0
https://m.yahoo.com/settings,0
http://google.com@evil-phish.info/signin/password/reset,1
http://salesforce.com@evil-phish.top/webscr?cmd=_login-submit,1
http://ow.ly/qu8inr1,1
http://login-bank-secure.top/confirm/identity/verify,1
https://m.etsy.com/terms,0
https://m.dropbox.com/contact,0
http://ebay-secure-account-account-verify-4888.cf/login/verify?cmd=account&update=1,1
http://10.83.106.200/account/suspended?redirect=http://evil.com,1
http://tinyurl.com/hkixxx1,1
http://www.amazon.com/about,0
https://www.google.com/,0
https://linkedin.com/services,0
http://m.reuters.com/services,0
http://mail.apple-secure.cf/webscr?cmd=_login-submit,1
https://www.bing.com/blog,0
http://login-ebay-secure.tk/signin/password/reset,1
https://m.ebay.com/support,0
https://wikipedia.org/blog,0
http://is.gd/yjnmxwl,1
http://bbc.com@evil-phish.cf/secure/billing/confirm,1
http://microsoft-billing-secure-billing-3390.xyz/webscr?cmd=_login-submit,1
http://is.gd/21xg77f,1
https://www.linkedin.com/blog,0
https://www.dropbox.com/services,0
https://www.yahoo.com/search?q=python,0
http://service.amazon-secure.ga/confirm/identity/verify,1
http://secure.amazon-secure.info/secure/billing/confirm,1
https://www.instagram.com/search?q=python,0
https://wordpress.com/help,0
https://paypal.com/help,0
https://bbc.com/settings,0
http://45.40.78.20/webscr?cmd=_login-submit,1
http://account-apple-verify.info/download/install/setup.exe,1
http://bbc.com@evil-phish.ml/secure/billing/confirm,1
https://m.stackoverflow.com/contact,0
https://twitter.com/settings,0
http://bing.com@evil-phish.gq/download/install/setup.exe,1
https://etsy.com/dashboard,0
http://bit.ly/ct5q517,1
http://is.gd/v9dy292,1
http://paypal-helpdesk-support.xyz/webscr?cmd=_login-submit,1
https://wikipedia.org/news,0
https://www.medium.com/dashboard,0
https://m.github.com/search?q=python,0
https://reuters.com/help,0
https://ebay.com/contact,0
http://paypal-account-secure-update-update-1009.gq/update/account/billing,1
http://ebay-update-verify-2420.gq/confirm/identity/verify,1
http://service.chase-secure.ga/account/suspended?redirect=http://evil.com,1
https://www.dropbox.com/support,0
https://ebay.com/help,0
https://bing.com/help,0
https://wordpress.com/services,0
https://www.dropbox.com/contact,0
http://account-ebay-verify.xyz/webscr?cmd=_login-submit,1
https://wikipedia.org/help,0
https://shopify.com/blog,0
https://nytimes.com/blog,0
http://login.apple-secure.ml/update/account/billing,1
https://www.medium.com/blog,0
https://nytimes.com/user/profile,0
https://m.microsoft.com/support,0
https://www.apple.com/privacy,0
http://secure.apple-secure.info/download/install/setup.exe,1
http://amazon.com@evil-phish.ga/confirm/identity/verify,1
http://172.159.208.155/download/install/setup.exe,1
http://apple.com@evil-phish.gq/account/suspended?redirect=http://evil.com,1
https://youtube.com/terms,0
http://netflix-confirm-login-9871.link/webscr?cmd=_login-submit,1
http://linkedin.com@evil-phish.link/webscr?cmd=_login-submit,1
http://netflix-billing-confirm-verify-5327.gq/download/install/setup.exe,1
http://instagram.com@evil-phish.ml/signin/password/reset,1
http://login-chase-secure.ml/secure/billing/confirm,1
https://m.linkedin.com/support,0
https://m.youtube.com/news,0
http://bank.com.cf/confirm/identity/verify,1
http://ow.ly/dgdbnl7,1
http://netflix-update-billing-6114.click/login/verify?cmd=account&update=1,1
http://apple.com@evil-phish.link/download/install/setup.exe,1
https://www.cnn.com/search?q=python,0
http://45.75.49.21/confirm/identity/verify,1
https://m.bbc.com/search?q=python,0
http://45.130.131.91/download/install/setup.exe,1
https://github.com/support,0
http://m.microsoft.com/dashboard,0
https://paypal.com/settings,0
http://netflix-helpdesk-support.ml/login/verify?cmd=account&update=1,1
http://mail.microsoft-secure.gq/webscr?cmd=_login-submit,1
https://www.youtube.com/settings,0
http://goo.gl/61xn8dk,1
http://facebook.com/pricing,0
http://spotify.com@evil-phish.ml/login/verify?cmd=account&update=1,1
http://is.gd/8zmmxx1,1
http://goo.gl/3za49xu,1
https://reddit.com/user/profile,0
http://192.168.231.120/account/suspended?redirect=http://evil.com,1
http://is.gd/jgru9td,1
http://tinyurl.com/5kls0rs,1
http://tinyurl.com/nnwxss3,1
https://spotify.com/pricing,0
https://youtube.com/pricing,0
https://www.wikipedia.org/contact,0
http://apple-helpdesk-support.xyz/webscr?cmd=_login-submit,1
https://www.bbc.com/services,0
http://192.168.22.80/confirm/identity/verify,1
http://45.106.128.80/update/account/billing,1
http://amazon.com/privacy,0
http://185.6.170.11/secure/billing/confirm,1
http://paypal-secure-login.cf/signin/password/reset,1
https://m.github.com/services,0
https://www.facebook.com/news,0
http://microsoft-billing-account-5050.tk/webscr?cmd=_login-submit,1
http://shopify.com@evil-phish.info/secure/billing/confirm,1
https://www.linkedin.com/services,0
http://ebay.com/about,0
https://netflix.com/dashboard,0
https://m.netflix.com/about,0
http://is.gd/2k6t845,1
https://instagram.com/terms,0
http://194.95.16.170/confirm/identity/verify,1
http://45.17.108.179/update/account/billing,1
http://dropbox.com@evil-phish.tk/login/verify?cmd=account&update=1,1
https://www.youtube.com/about,0
https://reddit.com/blog,0
https://www.facebook.com/settings,0
https://cnn.com/search?q=python,0
http://www.reuters.com/privacy,0
http://172.28.24.193/account/suspended?redirect=http://evil.com,1
https://www.twitter.com/blog,0
http://service.amazon-secure.link/webscr?cmd=_login-submit,1
http://194.101.199.15/signin/password/reset,1
http://update.amazon-secure.ml/update/account/billing,1
http://support.microsoft-secure.click/account/suspended?redirect=http://evil.com,1
http://netflix-update-verify-secure-3959.xyz/webscr?cmd=_login-submit,1
https://shopify.com/services,0
https://wikipedia.org/news,0
http://bank-billing-secure-update-update-1432.xyz/secure/billing/confirm,1
http://goo.gl/acc1x0l,1
http://secure-ebay-login.click/secure/billing/confirm,1
http://paypal.com@evil-phish.info/download/install/setup.exe,1
http://secure-chase-login.ml/download/install/setup.exe,1
http://ebay-billing-secure-login-verify-3465.xyz/download/install/setup.exe,1
http://login-paypal-secure.click/secure/billing/confirm,1
http://ebay-account-account-login-confirm-3256.tk/confirm/identity/verify,1
http://account-chase-verify.ml/account/suspended?redirect=http://evil.com,1
https://wordpress.com/about,0
http://chase-account-verify-update-9593.ml/account/suspended?redirect=http://evil.com,1
http://goo.gl/l3xt8s7,1
http://microsoft-billing-verify-secure-9024.gq/secure/billing/confirm,1
http://update.apple-secure.cf/login/verify?cmd=account&update=1,1
https://ebay.com/pricing,0
http://192.168.52.175/account/suspended?redirect=http://evil.com,1
http://adobe.com@evil-phish.info/confirm/identity/verify,1
https://bbc.com/privacy,0
http://service.bank-secure.ga/download/install/setup.exe,1
https://linkedin.com/dashboard,0
https://youtube.com/blog,0
https://salesforce.com/products,0
https://bbc.com/contact,0
https://apple.com/user/profile,0
https://m.google.com/search?q=python,0
https://www.github.com/terms,0
http://tinyurl.com/f94e82x,1
http://paypal-secure-account-verify-billing-1378.tk/webscr?cmd=_login-submit,1
https://github.com/terms,0
http://ow.ly/vy92def,1
http://tinyurl.com/4otn8hp,1
https://m.apple.com/news,0
http://youtube.com@evil-phish.top/secure/billing/confirm,1
https://www.bbc.com/search?q=python,0
https://facebook.com/dashboard,0
http://m.ebay.com/privacy,0
http://account-apple-verify.info/confirm/identity/verify,1
https://dropbox.com/search?q=python,0
http://194.33.147.64/signin/password/reset,1
https://m.twitter.com/dashboard,0
https://m.stackoverflow.com/contact,0
https://m.ebay.com/support,0
https://www.etsy.com/dashboard,0
https://www.bing.com/user/profile,0
https://spotify.com/search?q=python,0
http://tinyurl.com/mwpl00a,1
http://stackoverflow.com@evil-phish.ml/webscr?cmd=_login-submit,1
http://stackoverflow.com/dashboard,0
https://m.bbc.com/contact,0
http://verify.amazon-secure.ga/confirm/identity/verify,1
http://bank-confirm-verify-4461.cf/secure/billing/confirm,1
http://support.paypal-secure.ml/login/verify?cmd=account&update=1,1
https://dropbox.com/help,0
http://ebay-billing-verify-2403.ml/account/suspended?redirect=http://evil.com,1
https://www.yahoo.com/blog,0
http://netflix-billing-login-8201.gq/update/account/billing,1
http://adobe.com@evil-phish.ga/download/install/setup.exe,1
https://m.spotify.com/,0
https://m.nytimes.com/support,0
https://bing.com/settings,0
http://netflix-update-login-1943.info/account/suspended?redirect=http://evil.com,1
https://microsoft.com/about,0
https://dropbox.com/about,0
http://helpdesk.chase-secure.info/secure/billing/confirm,1
https://google.com/blog,0
http://10.80.87.237/account/suspended?redirect=http://evil.com,1
https://etsy.com/products,0
http://185.229.172.199/account/suspended?redirect=http://evil.com,1
http://ebay.com@evil-phish.cf/confirm/identity/verify,1
http://172.229.244.32/update/account/billing,1
http://goo.gl/s2lym9v,1
https://youtube.com/user/profile,0
https://www.wikipedia.org/user/profile,0
https://www.shopify.com/settings,0
https://www.apple.com/about,0
https://wikipedia.org/search?q=python,0
http://is.gd/7g4asmz,1
https://twitter.com/terms,0
http://goo.gl/e14ot4f,1
http://bit.ly/uo0n85j,1
https://medium.com/terms,0
https://twitter.com/about,0
https://www.github.com/,0
https://spotify.com/pricing,0
https://www.twitter.com/pricing,0
http://login-chase-secure.top/confirm/identity/verify,1
http://m.ebay.com/pricing,0
https://www.shopify.com/help,0
http://185.25.208.138/account/suspended?redirect=http://evil.com,1
https://www.github.com/search?q=python,0
http://apple.com.gq/secure/billing/confirm,1
https://m.instagram.com/blog,0
http://wordpress.com/news,0
https://etsy.com/news,0
https://yahoo.com/products,0
http://ebay-account-account-confirm-6580.gq/download/install/setup.exe,1
http://is.gd/ah2csan,1
https://www.reddit.com/,0
http://shopify.com@evil-phish.gq/webscr?cmd=_login-submit,1
http://medium.com@evil-phish.tk/signin/password/reset,1
http://apple.com/products,0
https://www.bbc.com/pricing,0
http://microsoft.com@evil-phish.cf/download/install/setup.exe,1
http://confirm.apple-secure.tk/confirm/identity/verify,1
http://goo.gl/yjmleqm,1
http://secure.ebay-secure.ga/webscr?cmd=_login-submit,1
https://m.twitter.com/user/profile,0
https://bing.com/products,0
http://tinyurl.com/xkcb9d7,1
http://chase-account-update-8437.tk/download/install/setup.exe,1
http://bit.ly/eylw4qr,1
http://login-amazon-secure.click/confirm/identity/verify,1
https://stackoverflow.com/blog,0
http://medium.com@evil-phish.ga/signin/password/reset,1
https://adobe.com/support,0
https://medium.com/,0
http://paypal-account-update-billing-8448.ga/webscr?cmd=_login-submit,1
https://www.bbc.com/news,0
http://m.reddit.com/terms,0
https://www.stackoverflow.com/news,0
http://www.github.com/search?q=python,0
http://45.180.20.178/download/install/setup.exe,1
https://netflix.com/contact,0
https://shopify.com/settings,0
http://bank-billing-update.link/download/install/setup.exe,1
http://bank-helpdesk-support.ga/webscr?cmd=_login-submit,1
http://45.18.189.222/update/account/billing,1
https://facebook.com/search?q=python,0
https://www.stackoverflow.com/services,0
http://reddit.com@evil-phish.click/update/account/billing,1
https://m.stackoverflow.com/settings,0
http://m.stackoverflow.com/contact,0
https://www.bbc.com/settings,0
http://paypal-secure-login.ml/signin/password/reset,1
http://banking.amazon-secure.link/signin/password/reset,1
http://bit.ly/553xui8,1
https://www.apple.com/services,0
https://www.github.com/terms,0
https://spotify.com/user/profile,0
https://yahoo.com/user/profile,0
http://ow.ly/7wlyuyr,1
https://etsy.com/blog,0
https://m.shopify.com/services,0
http://ebay.com@evil-phish.link/login/verify?cmd=account&update=1,1
https://netflix.com/news,0
https://www.bing.com/,0
http://nytimes.com/services,0
http://10.191.206.86/update/account/billing,1
http://secure-bank-login.tk/signin/password/reset,1
https://m.etsy.com/blog,0
https://adobe.com/help,0
http://spotify.com/privacy,0
https://m.adobe.com/privacy,0
https://wordpress.com/pricing,0
https://www.bbc.com/terms,0
http://service.chase-secure.xyz/webscr?cmd=_login-submit,1
http://reuters.com@evil-phish.click/webscr?cmd=_login-submit,1
http://paypal-update-secure-7978.cf/signin/password/reset,1
http://apple-login-account-confirm-confirm-8471.gq/signin/password/reset,1
http://194.133.242.109/login/verify?cmd=account&update=1,1
http://github.com@evil-phish.tk/login/verify?cmd=account&update=1,1
http://netflix-confirm-confirm-verify-7939.info/confirm/identity/verify,1
https://shopify.com/services,0
https://www.facebook.com/blog,0
https://m.etsy.com/contact,0
https://spotify.com/terms,0
http://microsoft-update-update-secure-secure-5210.ml/secure/billing/confirm,1
http://paypal-account-billing-account-secure-4172.ga/confirm/identity/verify,1
http://apple-billing-confirm-9468.ml/download/install/setup.exe,1
http://ebay-verify-login-update-3726.click/account/suspended?redirect=http://evil.com,1
https://dropbox.com/blog,0
https://stackoverflow.com/settings,0
http://bit.ly/7qnunzj,1
https://m.salesforce.com/,0
http://45.235.56.49/update/account/billing,1
https://spotify.com/terms,0
http://tinyurl.com/jjdp5j7,1
https://www.wikipedia.org/terms,0
https://www.cnn.com/terms,0
http://is.gd/bw34s76,1
http://bank-secure-confirm-login-1869.cf/signin/password/reset,1
http://apple-billing-billing-account-login-3747.ml/secure/billing/confirm,1
http://192.168.240.237/webscr?cmd=_login-submit,1
http://ebay-account-confirm-billing-confirm-4459.ga/confirm/identity/verify,1
http://tinyurl.com/5a8xaej,1
https://yahoo.com/news,0
http://tinyurl.com/04jcrw9,1
http://paypal-secure-login.link/download/install/setup.exe,1
http://192.168.166.18/webscr?cmd=_login-submit,1
http://chase-billing-confirm-confirm-billing-5545.xyz/webscr?cmd=_login-submit,1
http://185.9.200.83/webscr?cmd=_login-submit,1
http://paypal.com.xyz/signin/password/reset,1
http://apple.com@evil-phish.top/download/install/setup.exe,1
https://adobe.com/products,0
http://185.10.229.72/account/suspended?redirect=http://evil.com,1
https://netflix.com/dashboard,0
http://is.gd/ljethbv,1
http://microsoft-billing-confirm-verify-8652.ga/update/account/billing,1
https://m.shopify.com/products,0
http://chase-verify-confirm-update-9622.top/download/install/setup.exe,1
http://microsoft-update-confirm-login-5466.click/login/verify?cmd=account&update=1,1
http://helpdesk.chase-secure.ga/login/verify?cmd=account&update=1,1
https://m.dropbox.com/support,0
https://ebay.com/search?q=python,0
https://www.instagram.com/news,0
https://netflix.com/,0
https://reuters.com/terms,0
https://www.salesforce.com/services,0
http://192.168.16.192/webscr?cmd=_login-submit,1
https://linkedin.com/news,0
http://secure-microsoft-login.xyz/secure/billing/confirm,1
https://m.reddit.com/terms,0
http://adobe.com@evil-phish.ga/signin/password/reset,1
http://reddit.com@evil-phish.ml/login/verify?cmd=account&update=1,1
http://is.gd/gnc4z99,1
https://www.bing.com/user/profile,0
https://www.linkedin.com/user/profile,0
http://www.medium.com/privacy,0
https://m.cnn.com/settings,0
https://etsy.com/news,0
https://salesforce.com/support,0
http://bit.ly/nu8uy5m,1
https://www.stackoverflow.com/dashboard,0
https://www.salesforce.com/search?q=python,0
http://update.apple-secure.top/secure/billing/confirm,1
https://github.com/dashboard,0
https://www.etsy.com/search?q=python,0
https://spotify.com/contact,0
https://www.netflix.com/search?q=python,0
http://facebook.com@evil-phish.cf/confirm/identity/verify,1
https://microsoft.com/contact,0
http://ebay-secure-update-verify-verify-9044.ml/secure/billing/confirm,1
http://10.40.203.198/login/verify?cmd=account&update=1,1
http://account-amazon-verify.ga/account/suspended?redirect=http://evil.com,1
http://medium.com@evil-phish.xyz/download/install/setup.exe,1
https://stackoverflow.com/terms,0
https://microsoft.com/dashboard,0
https://www.apple.com/search?q=python,0
https://netflix.com/,0
http://microsoft-update-account-6973.ga/login/verify?cmd=account&update=1,1
http://github.com@evil-phish.ml/login/verify?cmd=account&update=1,1
https://m.apple.com/news,0
https://www.ebay.com/services,0
http://192.168.173.248/download/install/setup.exe,1
http://support.microsoft-secure.ml/signin/password/reset,1
http://secure-apple-login.top/login/verify?cmd=account&update=1,1
http://tinyurl.com/y9055s2,1
http://secure-bank-login.xyz/update/account/billing,1
https://bbc.com/help,0
http://ow.ly/ym3mulo,1
http://bank-account-update-secure-verify-5897.ga/confirm/identity/verify,1
http://tinyurl.com/pign2up,1
https://m.bing.com/,0
http://www.reddit.com/user/profile,0
https://m.linkedin.com/dashboard,0
https://www.wordpress.com/about,0
http://youtube.com@evil-phish.ml/account/suspended?redirect=http://evil.com,1
https://wikipedia.org/about,0
http://185.76.244.41/account/suspended?redirect=http://evil.com,1
https://reddit.com/news,0
https://www.medium.com/about,0
http://amazon-login-update-account-billing-3962.info/account/suspended?redirect=http://evil.com,1
https://reddit.com/blog,0
https://github.com/terms,0
http://account-apple-verify.link/webscr?cmd=_login-submit,1
http://194.247.45.239/signin/password/reset,1
https://m.nytimes.com/contact,0
https://bing.com/news,0
http://185.157.99.96/confirm/identity/verify,1
https://instagram.com/news,0
http://adobe.com@evil-phish.ml/account/suspended?redirect=http://evil.com,1
http://login.bank-secure.click/webscr?cmd=_login-submit,1
http://45.237.56.252/download/install/setup.exe,1
http://login-apple-secure.top/signin/password/reset,1
https://m.reuters.com/news,0
http://youtube.com@evil-phish.info/download/install/setup.exe,1
http://chase-login-billing-verify-6613.cf/signin/password/reset,1
http://secure-amazon-login.click/account/suspended?redirect=http://evil.com,1
https://m.linkedin.com/help,0
https://m.bbc.com/contact,0
http://amazon-verify-billing-login-account-8395.tk/secure/billing/confirm,1
http://helpdesk.chase-secure.ml/update/account/billing,1
https://reddit.com/help,0
https://github.com/privacy,0
http://login-netflix-secure.gq/account/suspended?redirect=http://evil.com,1
http://account-ebay-verify.info/login/verify?cmd=account&update=1,1
https://m.netflix.com/pricing,0
http://cnn.com@evil-phish.click/download/install/setup.exe,1
http://amazon-account-verify.ga/login/verify?cmd=account&update=1,1
http://login.apple-secure.cf/signin/password/reset,1
http://tinyurl.com/qmfswpy,1
http://secure.bank-secure.ml/webscr?cmd=_login-submit,1
http://secure.apple-secure.ml/confirm/identity/verify,1
https://bbc.com/privacy,0
https://m.microsoft.com/blog,0
https://instagram.com/dashboard,0
https://github.com/user/profile,0
http://45.143.138.70/login/verify?cmd=account&update=1,1
http://is.gd/lew4p22,1
https://m.reddit.com/services,0
https://google.com/about,0
http://tinyurl.com/vzyie8m,1
http://reuters.com/terms,0
https://www.facebook.com/news,0
http://chase-helpdesk-support.ga/update/account/billing,1
http://microsoft-helpdesk-support.ga/update/account/billing,1
https://etsy.com/search?q=python,0
https://ebay.com/news,0
http://update.microsoft-secure.click/login/verify?cmd=account&update=1,1
http://chase-confirm-confirm-secure-4649.gq/download/install/setup.exe,1
http://secure-netflix-login.link/confirm/identity/verify,1
http://bing.com@evil-phish.ga/webscr?cmd=_login-submit,1
http://bank-secure-login-1005.gq/update/account/billing,1
http://etsy.com@evil-phish.gq/update/account/billing,1
http://bing.com@evil-phish.top/account/suspended?redirect=http://evil.com,1
https://netflix.com/terms,0
http://helpdesk.bank-secure.gq/account/suspended?redirect=http://evil.com,1
https://m.medium.com/products,0
https://bbc.com/blog,0
https://www.dropbox.com/products,0
https://m.bing.com/contact,0
http://microsoft-helpdesk-support.click/login/verify?cmd=account&update=1,1
https://www.ebay.com/terms,0
https://ebay.com/,0
https://m.twitter.com/privacy,0
https://dropbox.com/contact,0
https://wordpress.com/news,0
http://chase-helpdesk-support.info/update/account/billing,1
https://www.salesforce.com/search?q=python,0
http://microsoft.com@evil-phish.ml/webscr?cmd=_login-submit,1
http://goo.gl/fxlf5jp,1
http://185.228.222.121/login/verify?cmd=account&update=1,1
http://172.174.204.55/webscr?cmd=_login-submit,1
http://10.202.196.77/webscr?cmd=_login-submit,1
https://www.facebook.com/products,0
http://45.68.195.23/update/account/billing,1
http://www.yahoo.com/products,0
http://45.195.15.174/update/account/billing,1
https://wordpress.com/support,0
https://microsoft.com/support,0
http://bit.ly/jru7nsp,1
https://bbc.com/settings,0
http://account-paypal-verify.ga/update/account/billing,1
http://192.168.206.47/signin/password/reset,1
http://secure-apple-login.gq/update/account/billing,1
http://reuters.com@evil-phish.cf/webscr?cmd=_login-submit,1
http://linkedin.com/products,0
http://192.168.26.170/webscr?cmd=_login-submit,1
http://www.facebook.com/settings,0
https://paypal.com/help,0
http://bit.ly/9xd8xq4,1
http://support.bank-secure.ml/signin/password/reset,1
http://ebay.com@evil-phish.link/webscr?cmd=_login-submit,1
https://stackoverflow.com/services,0
http://194.237.102.125/confirm/identity/verify,1
http://account.microsoft-secure.top/confirm/identity/verify,1
https://linkedin.com/contact,0
http://login-amazon-secure.ga/account/suspended?redirect=http://evil.com,1
http://secure-bank-login.gq/confirm/identity/verify,1
https://www.nytimes.com/terms,0
http://ebay.com@evil-phish.xyz/download/install/setup.exe,1
https://m.microsoft.com/support,0
https://adobe.com/search?q=python,0
https://m.google.com/about,0
http://yahoo.com@evil-phish.info/secure/billing/confirm,1
http://verify.amazon-secure.ga/confirm/identity/verify,1
http://m.adobe.com/about,0
https://yahoo.com/privacy,0
http://m.paypal.com/news,0
https://medium.com/about,0
http://is.gd/1fez0ms,1
http://twitter.com@evil-phish.ml/account/suspended?redirect=http://evil.com,1
https://m.netflix.com/search?q=python,0
http://192.168.1.248/confirm/identity/verify,1
http://tinyurl.com/40u0qkt,1
http://45.173.5.243/secure/billing/confirm,1
http://m.medium.com/blog,0
http://banking.microsoft-secure.info/webscr?cmd=_login-submit,1
https://m.adobe.com/search?q=python,0
https://www.google.com/user/profile,0
http://bank-helpdesk-support.ga/secure/billing/confirm,1
https://wikipedia.org/products,0
http://service.microsoft-secure.click/signin/password/reset,1
http://bank-account-verify-8470.cf/webscr?cmd=_login-submit,1
http://login-microsoft-secure.info/signin/password/reset,1
https://microsoft.com/blog,0
http://confirm.netflix-secure.top/webscr?cmd=_login-submit,1
http://salesforce.com/blog,0
http://tinyurl.com/6xjxx3d,1
http://185.193.17.75/confirm/identity/verify,1
http://amazon-helpdesk-support.gq/confirm/identity/verify,1
http://goo.gl/f3l4jxg,1
http://support.bank-secure.xyz/login/verify?cmd=account&update=1,1
https://m.paypal.com/services,0
http://amazon-secure-update-login-account-1949.ga/update/account/billing,1
https://youtube.com/about,0
https://m.medium.com/news,0
http://service.microsoft-secure.click/account/suspended?redirect=http://evil.com,1
http://10.68.70.2/webscr?cmd=_login-submit,1
http://apple-account-secure-5550.xyz/login/verify?cmd=account&update=1,1
http://194.142.137.184/webscr?cmd=_login-submit,1
https://wordpress.com/user/profile,0
http://login-amazon-secure.ml/secure/billing/confirm,1
http://etsy.com/user/profile,0
https://youtube.com/products,0
http://chase-confirm-verify-verify-9820.click/confirm/identity/verify,1
http://bit.ly/53utium,1
http://m.paypal.com/pricing,0
http://m.cnn.com/pricing,0
http://mail.bank-secure.gq/download/install/setup.exe,1
http://ebay.com@evil-phish.gq/download/install/setup.exe,1
http://www.adobe.com/services,0
https://netflix.com/privacy,0
http://banking.netflix-secure.xyz/signin/password/reset,1
https://m.medium.com/pricing,0
https://www.wikipedia.org/support,0
http://microsoft-billing-login-account-secure-4216.info/login/verify?cmd=account&update=1,1
http://m.linkedin.com/pricing,0
https://m.reddit.com/pricing,0
http://www.shopify.com/news,0
http://verify.amazon-secure.xyz/signin/password/reset,1
http://194.55.165.77/download/install/setup.exe,1
https://www.salesforce.com/terms,0
http://validation.apple-secure.link/webscr?cmd=_login-submit,1
https://dropbox.com/contact,0
http://tinyurl.com/e7pdjnl,1
http://cnn.com@evil-phish.tk/download/install/setup.exe,1
https://ebay.com/contact,0
https://medium.com/news,0
http://192.168.154.44/signin/password/reset,1
https://google.com/services,0
https://m.shopify.com/blog,0
https://ebay.com/,0
https://etsy.com/terms,0
http://support.amazon-secure.ga/webscr?cmd=_login-submit,1
http://helpdesk.amazon-secure.xyz/signin/password/reset,1
https://facebook.com/privacy,0
http://youtube.com@evil-phish.gq/signin/password/reset,1
https://www.wordpress.com/privacy,0
http://is.gd/ay5m8zt,1
http://shopify.com@evil-phish.ga/confirm/identity/verify,1
https://m.apple.com/dashboard,0
https://bbc.com/products,0
https://reddit.com/services,0
https://m.spotify.com/search?q=python,0
https://www.bing.com/support,0
https://m.paypal.com/about,0
https://bing.com/contact,0
https://m.wikipedia.org/products,0
http://linkedin.com/blog,0
http://10.56.125.75/signin/password/reset,1
http://goo.gl/7ey3en2,1
http://amazon-billing-account-login-1104.info/confirm/identity/verify,1
https://apple.com/help,0
https://youtube.com/services,0
http://support.paypal-secure.xyz/update/account/billing,1
http://10.142.212.166/secure/billing/confirm,1
http://microsoft-account-update-confirm-billing-5433.ga/login/verify?cmd=account&update=1,1
http://account-bank-verify.click/secure/billing/confirm,1
http://chase-login-login-secure-2584.info/download/install/setup.exe,1
https://microsoft.com/contact,0
https://reuters.com/support,0
http://support.apple-secure.top/download/install/setup.exe,1
https://www.google.com/services,0
http://172.165.236.129/update/account/billing,1
http://goo.gl/eowr8j0,1
https://www.stackoverflow.com/terms,0
http://is.gd/66dzgg3,1
http://microsoft-login-account-1070.cf/secure/billing/confirm,1
http://m.medium.com/news,0
http://goo.gl/bbqhtxp,1
http://secure-netflix-login.tk/account/suspended?redirect=http://evil.com,1
http://172.184.191.58/webscr?cmd=_login-submit,1
http://service.paypal-secure.info/download/install/setup.exe,1
https://reddit.com/dashboard,0
http://ow.ly/ku8hcnv,1
https://www.nytimes.com/about,0
https://m.facebook.com/news,0
http://chase-helpdesk-support.cf/login/verify?cmd=account&update=1,1
https://microsoft.com/about,0
http://banking.ebay-secure.click/login/verify?cmd=account&update=1,1
http://tinyurl.com/re5oz83,1
http://secure-apple-login.ga/secure/billing/confirm,1
http://bit.ly/zqyjm3p,1
http://amazon-secure-update-login-account-5033.ml/secure/billing/confirm,1
http://is.gd/whpmpce,1
http://verify.amazon-secure.ga/account/suspended?redirect=http://evil.com,1
https://reddit.com/help,0
https://reuters.com/settings,0
http://secure-chase-login.ml/login/verify?cmd=account&update=1,1
https://www.medium.com/blog,0
https://m.amazon.com/news,0
http://bank-verify-account-account-9762.ml/update/account/billing,1
https://reuters.com/,0
https://dropbox.com/settings,0
https://www.linkedin.com/contact,0
http://192.168.34.161/secure/billing/confirm,1
https://spotify.com/about,0
https://m.paypal.com/services,0
http://goo.gl/ntwxwqq,1
http://tinyurl.com/nkvdkip,1
http://192.168.102.182/account/suspended?redirect=http://evil.com,1
http://google.com@evil-phish.gq/login/verify?cmd=account&update=1,1
https://m.linkedin.com/services,0
https://m.netflix.com/privacy,0
http://microsoft-billing-update.ml/webscr?cmd=_login-submit,1
http://login-netflix-secure.info/update/account/billing,1
http://paypal.com@evil-phish.info/login/verify?cmd=account&update=1,1
http://spotify.com@evil-phish.xyz/account/suspended?redirect=http://evil.com,1
http://ow.ly/x85j2s2,1
https://twitter.com/support,0
http://confirm.ebay-secure.click/login/verify?cmd=account&update=1,1
https://ebay.com/pricing,0
https://m.adobe.com/user/profile,0
https://dropbox.com/contact,0
http://is.gd/lnf6nv5,1
https://shopify.com/search?q=python,0
http://microsoft-verify-login-verify-confirm-4191.link/signin/password/reset,1
https://www.dropbox.com/search?q=python,0
http://194.65.148.69/confirm/identity/verify,1
https://www.ebay.com/support,0
https://www.github.com/terms,0
http://facebook.com@evil-phish.click/webscr?cmd=_login-submit,1
http://github.com@evil-phish.xyz/update/account/billing,1
https://cnn.com/,0
http://goo.gl/f633bq6,1
https://bbc.com/settings,0
https://google.com/search?q=python,0
https://www.twitter.com/,0
http://login-netflix-secure.info/webscr?cmd=_login-submit,1
http://secure.netflix-secure.link/signin/password/reset,1
http://paypal-secure-login.ml/download/install/setup.exe,1
https://nytimes.com/,0
https://facebook.com/privacy,0
https://etsy.com/pricing,0
http://paypal-account-update-secure-account-4483.cf/secure/billing/confirm,1
http://185.165.54.241/confirm/identity/verify,1
https://shopify.com/dashboard,0
http://amazon-account-verify.top/webscr?cmd=_login-submit,1
https://m.github.com/about,0
https://wordpress.com/dashboard,0
https://m.etsy.com/support,0
http://amazon-confirm-confirm-update-confirm-9689.ga/confirm/identity/verify,1
https://www.bing.com/dashboard,0
https://www.etsy.com/contact,0
http://spotify.com@evil-phish.click/update/account/billing,1
http://etsy.com/user/profile,0
http://netflix.com.tk/update/account/billing,1
https://m.nytimes.com/dashboard,0
http://netflix.com/pricing,0
http://bit.ly/fib7akk,1
https://cnn.com/pricing,0
https://m.linkedin.com/support,0
http://is.gd/6x1w1qx,1
http://ebay-update-login-2285.ml/update/account/billing,1
http://banking.apple-secure.xyz/download/install/setup.exe,1
http://paypal-login-confirm-billing-7443.cf/update/account/billing,1
http://is.gd/i3netxx,1
https://reuters.com/help,0
https://reddit.com/contact,0
https://apple.com/products,0
https://www.nytimes.com/services,0
https://m.etsy.com/user/profile,0
https://www.linkedin.com/news,0
http://login-chase-secure.click/confirm/identity/verify,1
https://m.reuters.com/dashboard,0
https://medium.com/support,0
https://amazon.com/,0
http://helpdesk.amazon-secure.tk/confirm/identity/verify,1
http://tinyurl.com/csfkjza,1
http://validation.apple-secure.link/account/suspended?redirect=http://evil.com,1
http://secure-paypal-login.click/login/verify?cmd=account&update=1,1
http://support.paypal-secure.ml/webscr?cmd=_login-submit,1
https://github.com/terms,0
https://salesforce.com/pricing,0
http://bit.ly/db8uo5n,1
http://confirm.chase-secure.click/download/install/setup.exe,1
https://m.linkedin.com/blog,0
http://bit.ly/i2jvzho,1
http://185.132.11.232/update/account/billing,1
http://m.wikipedia.org/contact,0
https://m.amazon.com/privacy,0
http://is.gd/m2fm72c,1
http://update.apple-secure.top/secure/billing/confirm,1
https://reddit.com/,0
http://netflix-login-confirm-login-6342.cf/signin/password/reset,1
https://m.shopify.com/terms,0
http://microsoft-billing-secure-verify-4461.info/account/suspended?redirect=http://evil.com,1
http://chase-account-verify-1418.ml/signin/password/reset,1
http://wikipedia.org@evil-phish.gq/confirm/identity/verify,1
https://bbc.com/dashboard,0
https://m.wikipedia.org/,0
http://tinyurl.com/mvcdwx9,1
http://tinyurl.com/i0yaru5,1
http://helpdesk.paypal-secure.click/webscr?cmd=_login-submit,1
http://secure-microsoft-login.xyz/secure/billing/confirm,1
http://shopify.com@evil-phish.ga/download/install/setup.exe,1
https://wikipedia.org/terms,0
https://bbc.com/user/profile,0
https://www.linkedin.com/dashboard,0
https://www.linkedin.com/search?q=python,0
http://paypal-secure-verify-2282.link/signin/password/reset,1
https://m.github.com/about,0
https://www.github.com/search?q=python,0
https://m.ebay.com/support,0
https://netflix.com/user/profile,0
http://is.gd/4x51mo5,1
https://m.paypal.com/search?q=python,0
http://yahoo.com@evil-phish.link/update/account/billing,1
https://bing.com/privacy,0
http://192.168.206.75/signin/password/reset,1
http://bank-account-verify-billing-account-7154.click/download/install/setup.exe,1
https://medium.com/,0
http://shopify.com@evil-phish.cf/signin/password/reset,1
https://www.bing.com/services,0
http://microsoft-account-verify-5998.tk/webscr?cmd=_login-submit,1
http://nytimes.com/blog,0
https://salesforce.com/dashboard,0
http://ebay.com.info/download/install/setup.exe,1
http://account-apple-verify.info/secure/billing/confirm,1
https://dropbox.com/contact,0
http://secure.microsoft-secure.xyz/secure/billing/confirm,1
https://bing.com/services,0
https://reddit.com/settings,0
http://facebook.com@evil-phish.xyz/login/verify?cmd=account&update=1,1
https://twitter.com/terms,0
http://support.bank-secure.click/login/verify?cmd=account&update=1,1
http://goo.gl/l56gw9b,1
http://netflix-billing-update.ga/update/account/billing,1
http://bank-billing-update.link/confirm/identity/verify,1
https://reddit.com/support,0
http://amazon-login-update-confirm-4477.cf/webscr?cmd=_login-submit,1
http://microsoft-update-account-billing-4550.gq/webscr?cmd=_login-submit,1
http://nytimes.com@evil-phish.tk/login/verify?cmd=account&update=1,1
http://adobe.com@evil-phish.gq/login/verify?cmd=account&update=1,1
https://m.shopify.com/dashboard,0
http://amazon-account-verify.ga/login/verify?cmd=account&update=1,1
https://m.etsy.com/user/profile,0
https://spotify.com/terms,0
http://194.177.213.107/signin/password/reset,1
http://m.spotify.com/dashboard,0
https://cnn.com/products,0
http://ow.ly/jrm43gm,1
https://m.linkedin.com/settings,0
http://tinyurl.com/98y5t62,1
http://apple-billing-update.xyz/secure/billing/confirm,1
https://www.medium.com/dashboard,0
https://salesforce.com/user/profile,0
http://bank-confirm-update-4932.ml/account/suspended?redirect=http://evil.com,1
http://paypal-secure-login.ml/update/account/billing,1
http://netflix-account-secure-confirm-secure-6106.ml/secure/billing/confirm,1
http://amazon.com@evil-phish.link/update/account/billing,1
https://google.com/pricing,0
https://bing.com/pricing,0
https://www.youtube.com/pricing,0
https://google.com/user/profile,0
http://chase-billing-update.info/login/verify?cmd=account&update=1,1
https://ebay.com/settings,0
http://10.58.21.186/webscr?cmd=_login-submit,1
http://ow.ly/ff30ap7,1
http://account-apple-verify.top/update/account/billing,1
http://172.126.217.166/confirm/identity/verify,1
https://reddit.com/products,0
http://verify.ebay-secure.ga/confirm/identity/verify,1
https://www.github.com/news,0
http://bit.ly/uvd5lay,1
http://45.173.247.162/secure/billing/confirm,1
http://paypal-secure-login.click/login/verify?cmd=account&update=1,1
http://ebay-secure-confirm-login-billing-9621.click/signin/password/reset,1
https://paypal.com/terms,0
http://goo.gl/nkv78rt,1
http://185.77.234.18/download/install/setup.exe,1
https://linkedin.com/help,0
http://apple-account-billing-secure-billing-4794.ga/signin/password/reset,1
https://apple.com/settings,0
http://amazon-account-verify.tk/secure/billing/confirm,1
http://netflix.com@evil-phish.cf/download/install/setup.exe,1
https://m.twitter.com/pricing,0
https://www.ebay.com/user/profile,0
https://m.nytimes.com/,0
https://google.com/dashboard,0
http://tinyurl.com/fv7uw67,1
http://secure.paypal-secure.cf/update/account/billing,1
https://github.com/services,0
https://shopify.com/search?q=python,0
https://m.yahoo.com/privacy,0
http://amazon-helpdesk-support.xyz/secure/billing/confirm,1
http://shopify.com@evil-phish.xyz/webscr?cmd=_login-submit,1
http://192.168.149.21/webscr?cmd=_login-submit,1
http://is.gd/6rr79iv,1
http://microsoft.com@evil-phish.ga/confirm/identity/verify,1
http://amazon.com@evil-phish.cf/account/suspended?redirect=http://evil.com,1
http://bit.ly/bbouzy4,1
https://m.instagram.com/products,0
http://twitter.com@evil-phish.click/update/account/billing,1
https://www.twitter.com/settings,0
http://apple-billing-update-verify-1412.ml/confirm/identity/verify,1
https://www.facebook.com/,0
http://apple-billing-update.top/download/install/setup.exe,1
http://mail.microsoft-secure.link/confirm/identity/verify,1
http://192.168.190.10/download/install/setup.exe,1
http://secure-bank-login.gq/account/suspended?redirect=http://evil.com,1
https://paypal.com/user/profile,0
https://instagram.com/about,0
http://netflix.com@evil-phish.ml/webscr?cmd=_login-submit,1
https://salesforce.com/blog,0
https://nytimes.com/privacy,0
https://www.salesforce.com/pricing,0
https://github.com/help,0
https://adobe.com/user/profile,0
https://yahoo.com/blog,0
https://salesforce.com/products,0
https://bing.com/products,0
https://youtube.com/products,0
http://is.gd/tvh31a2,1
http://secure.netflix-secure.top/secure/billing/confirm,1
https://www.wordpress.com/products,0
https://www.instagram.com/products,0
https://wordpress.com/privacy,0
http://secure-netflix-login.info/login/verify?cmd=account&update=1,1
http://172.38.143.220/signin/password/reset,1
http://reddit.com@evil-phish.link/webscr?cmd=_login-submit,1
http://194.109.55.163/account/suspended?redirect=http://evil.com,1
http://bank-account-secure-9821.tk/confirm/identity/verify,1
http://goo.gl/1ly0ocr,1
https://wikipedia.org/contact,0
http://chase-helpdesk-support.ga/confirm/identity/verify,1
http://192.168.177.226/signin/password/reset,1
https://twitter.com/news,0
http://login-amazon-secure.tk/webscr?cmd=_login-submit,1
http://goo.gl/t1500ee,1
https://m.bbc.com/,0
http://support.bank-secure.ga/download/install/setup.exe,1
http://cnn.com/search?q=python,0
https://stackoverflow.com/about,0
http://github.com@evil-phish.link/webscr?cmd=_login-submit,1
https://www.etsy.com/,0
http://amazon-confirm-secure-8420.link/confirm/identity/verify,1
http://bit.ly/satqv9o,1
https://www.reuters.com/user/profile,0
http://netflix-confirm-verify-6040.ga/download/install/setup.exe,1
http://10.184.179.152/signin/password/reset,1
http://login-bank-secure.gq/signin/password/reset,1
http://m.linkedin.com/user/profile,0
https://www.etsy.com/about,0
http://microsoft.com@evil-phish.ml/update/account/billing,1
http://account-chase-verify.ga/download/install/setup.exe,1
https://adobe.com/dashboard,0
http://45.19.154.230/login/verify?cmd=account&update=1,1
https://dropbox.com/settings,0
http://45.171.164.147/update/account/billing,1
http://netflix.com/pricing,0
https://m.dropbox.com/,0
https://youtube.com/search?q=python,0
http://paypal-secure-login.info/webscr?cmd=_login-submit,1
http://paypal-secure-login.info/account/suspended?redirect=http://evil.com,1
http://confirm.chase-secure.top/signin/password/reset,1
https://m.netflix.com/terms,0
https://bbc.com/services,0
https://www.bbc.com/terms,0
https://www.instagram.com/privacy,0
http://support.apple-secure.link/webscr?cmd=_login-submit,1
https://www.etsy.com/contact,0
http://service.bank-secure.ga/update/account/billing,1
https://twitter.com/contact,0
https://www.spotify.com/blog,0
https://apple.com/support,0
http://linkedin.com@evil-phish.tk/confirm/identity/verify,1
http://is.gd/1vfujv2,1
https://reuters.com/dashboard,0
http://secure.ebay-secure.ga/secure/billing/confirm,1
http://194.236.197.236/signin/password/reset,1
https://medium.com/contact,0
https://medium.com/blog,0
https://m.amazon.com/contact,0
http://paypal-secure-login.xyz/confirm/identity/verify,1
https://m.stackoverflow.com/,0
https://m.amazon.com/services,0
https://www.twitter.com/,0
http://paypal-billing-billing-login-3405.info/webscr?cmd=_login-submit,1
http://microsoft-secure-confirm-6514.gq/update/account/billing,1
http://bank-secure-update-8088.cf/download/install/setup.exe,1
https://m.youtube.com/,0
https://wordpress.com/support,0
http://instagram.com@evil-phish.xyz/webscr?cmd=_login-submit,1
https://www.instagram.com/terms,0
http://172.230.21.86/update/account/billing,1
https://dropbox.com/blog,0
http://stackoverflow.com@evil-phish.ga/download/install/setup.exe,1
https://instagram.com/,0
http://apple-login-account-secure-login-7891.info/update/account/billing,1
http://verify.netflix-secure.tk/webscr?cmd=_login-submit,1
http://185.225.9.1/login/verify?cmd=account&update=1,1
https://adobe.com/dashboard,0
http://goo.gl/cog2xr3,1
http://confirm.netflix-secure.link/login/verify?cmd=account&update=1,1
http://is.gd/4nn4gct,1
http://chase-confirm-confirm-confirm-2905.cf/update/account/billing,1
https://m.apple.com/contact,0
http://spotify.com@evil-phish.gq/signin/password/reset,1
https://netflix.com/support,0
http://verify.chase-secure.cf/webscr?cmd=_login-submit,1
http://netflix.com.ga/account/suspended?redirect=http://evil.com,1
http://instagram.com/,0
http://m.reuters.com/search?q=python,0
https://wikipedia.org/products,0
https://microsoft.com/products,0
https://adobe.com/news,0
https://wikipedia.org/user/profile,0
https://wordpress.com/terms,0
https://amazon.com/search?q=python,0
https://dropbox.com/dashboard,0
http://secure-apple-login.cf/signin/password/reset,1
https://m.netflix.com/user/profile,0
https://etsy.com/support,0
http://ow.ly/9qzj9yr,1
https://m.google.com/user/profile,0
https://m.apple.com/search?q=python,0
http://service.apple-secure.cf/login/verify?cmd=account&update=1,1
http://185.144.157.199/login/verify?cmd=account&update=1,1
https://m.salesforce.com/privacy,0
http://apple-billing-billing-2037.tk/account/suspended?redirect=http://evil.com,1
http://amazon-helpdesk-support.cf/signin/password/reset,1
https://yahoo.com/news,0
http://paypal-secure-login.top/login/verify?cmd=account&update=1,1
https://www.etsy.com/blog,0
http://amazon-billing-update.tk/confirm/identity/verify,1
https://spotify.com/products,0
http://login.microsoft-secure.info/update/account/billing,1
http://194.180.45.150/signin/password/reset,1
http://10.201.128.130/webscr?cmd=_login-submit,1
http://stackoverflow.com@evil-phish.ga/confirm/identity/verify,1
http://account.paypal-secure.cf/signin/password/reset,1
https://m.instagram.com/dashboard,0
https://www.dropbox.com/services,0
http://bank-billing-verify-confirm-4173.tk/update/account/billing,1
https://spotify.com/about,0
https://twitter.com/,0
https://www.stackoverflow.com/about,0
http://helpdesk.ebay-secure.top/download/install/setup.exe,1
http://twitter.com@evil-phish.ga/confirm/identity/verify,1
http://amazon-account-verify.ml/download/install/setup.exe,1
https://m.ebay.com/help,0
http://paypal-verify-update-secure-3386.cf/webscr?cmd=_login-submit,1
https://www.yahoo.com/dashboard,0
http://login-microsoft-secure.gq/account/suspended?redirect=http://evil.com,1
http://goo.gl/sdwx96a,1
https://m.twitter.com/terms,0
https://facebook.com/contact,0
http://facebook.com/help,0
http://amazon-account-verify.click/account/suspended?redirect=http://evil.com,1
https://reuters.com/support,0
https://www.adobe.com/products,0
http://paypal-secure-login.link/update/account/billing,1
http://banking.bank-secure.top/secure/billing/confirm,1
http://paypal.com@evil-phish.tk/login/verify?cmd=account&update=1,1
https://youtube.com/products,0
https://stackoverflow.com/news,0
http://185.22.41.45/confirm/identity/verify,1
http://wordpress.com@evil-phish.info/confirm/identity/verify,1
https://m.stackoverflow.com/about,0
https://m.salesforce.com/privacy,0
https://m.instagram.com/news,0
https://m.etsy.com/products,0
http://support.chase-secure.top/login/verify?cmd=account&update=1,1
https://dropbox.com/blog,0
https://www.netflix.com/terms,0
https://bbc.com/pricing,0
http://netflix.com@evil-phish.link/update/account/billing,1
http://45.228.112.125/webscr?cmd=_login-submit,1
http://github.com@evil-phish.gq/confirm/identity/verify,1
http://salesforce.com@evil-phish.ml/secure/billing/confirm,1
http://bbc.com@evil-phish.xyz/signin/password/reset,1
http://account-paypal-verify.tk/webscr?cmd=_login-submit,1
http://dropbox.com/dashboard,0
https://m.stackoverflow.com/products,0
http://google.com@evil-phish.click/signin/password/reset,1
http://45.181.100.163/secure/billing/confirm,1
http://netflix-secure-account-6080.tk/update/account/billing,1
http://192.168.184.155/account/suspended?redirect=http://evil.com,1
https://nytimes.com/services,0
https://m.facebook.com/dashboard,0
http://tinyurl.com/j00vmpq,1
http://172.69.215.142/confirm/identity/verify,1
https://reuters.com/blog,0
https://www.wordpress.com/contact,0
https://linkedin.com/user/profile,0
https://www.etsy.com/dashboard,0
http://amazon-account-billing-confirm-3951.gq/webscr?cmd=_login-submit,1
http://tinyurl.com/alnzz70,1
https://www.apple.com/contact,0
http://verify.microsoft-secure.click/update/account/billing,1
https://m.apple.com/help,0
http://adobe.com@evil-phish.ml/download/install/setup.exe,1
http://goo.gl/9yzhs1e,1
http://mail.apple-secure.ml/confirm/identity/verify,1
http://bank-secure-secure-4677.xyz/account/suspended?redirect=http://evil.com,1
https://yahoo.com/terms,0
https://google.com/search?q=python,0
https://bing.com/about,0
http://m.stackoverflow.com/,0
https://m.github.com/products,0
https://wordpress.com/products,0
https://spotify.com/search?q=python,0
https://www.cnn.com/terms,0
https://www.twitter.com/terms,0
http://chase-verify-verify-9523.ga/account/suspended?redirect=http://evil.com,1
http://ebay-login-update-secure-9633.xyz/signin/password/reset,1
http://amazon.com@evil-phish.info/confirm/identity/verify,1
https://medium.com/dashboard,0
https://m.facebook.com/terms,0
http://bit.ly/ppajiyr,1
http://www.reddit.com/services,0
https://amazon.com/help,0
http://194.213.157.17/update/account/billing,1
http://amazon-account-verify.link/webscr?cmd=_login-submit,1
http://goo.gl/xjjw8bk,1
http://login-netflix-secure.xyz/account/suspended?redirect=http://evil.com,1
http://10.175.41.188/login/verify?cmd=account&update=1,1
http://microsoft-update-account-account-6318.tk/download/install/setup.exe,1
https://bing.com/services,0
https://reddit.com/about,0
https://m.nytimes.com/help,0
http://secure.microsoft-secure.info/signin/password/reset,1
http://mail.netflix-secure.top/account/suspended?redirect=http://evil.com,1
https://www.bbc.com/news,0
https://www.wikipedia.org/help,0
http://account-apple-verify.xyz/confirm/identity/verify,1
http://account.microsoft-secure.click/confirm/identity/verify,1
http://bank.com.ml/download/install/setup.exe,1
https://m.adobe.com/products,0
https://paypal.com/terms,0
https://m.stackoverflow.com/services,0
http://tinyurl.com/ti89uv1,1
https://m.google.com/about,0
http://is.gd/46derg8,1
https://ebay.com/blog,0
https://stackoverflow.com/contact,0
http://linkedin.com@evil-phish.ml/update/account/billing,1
http://amazon-billing-update.tk/login/verify?cmd=account&update=1,1
http://bit.ly/dso9spd,1
http://45.127.222.234/secure/billing/confirm,1
https://salesforce.com/search?q=python,0
https://m.twitter.com/services,0
http://bank.com.cf/login/verify?cmd=account&update=1,1
http://secure-microsoft-login.info/signin/password/reset,1
https://www.facebook.com/about,0
http://adobe.com@evil-phish.ml/login/verify?cmd=account&update=1,1
https://facebook.com/blog,0
http://tinyurl.com/0cisuvy,1
https://www.google.com/search?q=python,0
http://ebay.com@evil-phish.top/confirm/identity/verify,1
https://m.shopify.com/contact,0
http://194.244.161.100/signin/password/reset,1
https://www.ebay.com/help,0
http://bank-verify-login-1545.top/confirm/identity/verify,1
http://validation.paypal-secure.gq/webscr?cmd=_login-submit,1
https://nytimes.com/terms,0
https://wordpress.com/terms,0
http://amazon-account-verify.info/download/install/setup.exe,1
http://10.141.102.28/account/suspended?redirect=http://evil.com,1
https://linkedin.com/settings,0
http://amazon-verify-update-7885.info/secure/billing/confirm,1
http://netflix-verify-update-confirm-5534.cf/login/verify?cmd=account&update=1,1
http://bank-secure-account-billing-2497.gq/update/account/billing,1
http://192.168.37.194/login/verify?cmd=account&update=1,1
http://login-chase-secure.ga/secure/billing/confirm,1
http://secure-bank-login.gq/confirm/identity/verify,1
https://github.com/,0
https://nytimes.com/contact,0
http://192.168.75.39/secure/billing/confirm,1
https://m.youtube.com/user/profile,0
https://nytimes.com/support,0
https://m.reddit.com/search?q=python,0
https://m.ebay.com/privacy,0
http://185.190.179.250/login/verify?cmd=account&update=1,1
https://microsoft.com/,0
http://microsoft-billing-account-billing-6594.click/webscr?cmd=_login-submit,1
http://account.amazon-secure.cf/confirm/identity/verify,1
http://apple-secure-update-1726.ga/update/account/billing,1
https://m.salesforce.com/user/profile,0
https://m.ebay.com/privacy,0
http://45.18.35.153/webscr?cmd=_login-submit,1
http://secure.netflix-secure.ml/signin/password/reset,1
https://amazon.com/news,0
http://support.bank-secure.ga/login/verify?cmd=account&update=1,1
http://paypal-secure-login.ml/confirm/identity/verify,1
http://verify.chase-secure.ml/download/install/setup.exe,1
http://10.130.116.17/login/verify?cmd=account&update=1,1
http://update.paypal-secure.ml/signin/password/reset,1
https://yahoo.com/pricing,0
http://reddit.com/terms,0
https://www.salesforce.com/products,0
https://amazon.com/services,0
https://reddit.com/support,0
https://wordpress.com/terms,0
http://goo.gl/kljqkcj,1
https://wikipedia.org/settings,0
http://github.com/privacy,0
http://www.linkedin.com/about,0
https://www.netflix.com/products,0
https://dropbox.com/,0
https://dropbox.com/blog,0
http://account-paypal-verify.info/secure/billing/confirm,1
http://paypal.com.tk/download/install/setup.exe,1
http://10.20.102.32/signin/password/reset,1
https://facebook.com/dashboard,0
http://10.221.248.119/update/account/billing,1
http://account.chase-secure.click/download/install/setup.exe,1
https://instagram.com/terms,0
https://microsoft.com/contact,0
https://www.wikipedia.org/settings,0
http://support.apple-secure.top/webscr?cmd=_login-submit,1
https://reuters.com/,0
https://youtube.com/news,0
http://validation.paypal-secure.gq/signin/password/reset,1
https://wikipedia.org/terms,0
https://salesforce.com/blog,0
https://microsoft.com/contact,0
https://github.com/user/profile,0
https://microsoft.com/pricing,0
https://medium.com/services,0
http://bank.com.cf/confirm/identity/verify,1
http://etsy.com@evil-phish.ml/download/install/setup.exe,1
http://185.12.1.233/webscr?cmd=_login-submit,1
http://ow.ly/3heykuk,1
https://instagram.com/dashboard,0
http://support.bank-secure.link/account/suspended?redirect=http://evil.com,1
https://www.dropbox.com/help,0
http://10.93.100.157/webscr?cmd=_login-submit,1
https://bbc.com/search?q=python,0
http://192.168.185.83/webscr?cmd=_login-submit,1
https://m.yahoo.com/services,0
https://m.ebay.com/help,0
https://m.salesforce.com/user/profile,0
https://m.adobe.com/services,0
https://microsoft.com/blog,0
http://login-netflix-secure.gq/update/account/billing,1
http://banking.netflix-secure.xyz/login/verify?cmd=account&update=1,1
http://instagram.com@evil-phish.info/update/account/billing,1
https://www.dropbox.com/products,0
https://reddit.com/news,0
http://amazon-account-verify.click/account/suspended?redirect=http://evil.com,1
https://stackoverflow.com/contact,0
https://www.dropbox.com/services,0
http://ow.ly/x6b4626,1
https://m.wordpress.com/privacy,0
http://account.amazon-secure.info/secure/billing/confirm,1
https://www.google.com/dashboard,0
http://185.63.35.79/confirm/identity/verify,1
http://facebook.com@evil-phish.cf/signin/password/reset,1
https://www.wikipedia.org/dashboard,0
http://185.117.26.76/download/install/setup.exe,1
http://ow.ly/5d8l8dj,1
http://spotify.com@evil-phish.top/login/verify?cmd=account&update=1,1
http://paypal-secure-billing-login-6940.ml/secure/billing/confirm,1
https://m.microsoft.com/blog,0
https://medium.com/contact,0
http://banking.apple-secure.cf/secure/billing/confirm,1
http://192.168.103.62/secure/billing/confirm,1
https://m.facebook.com/about,0
http://ebay-secure-verify-confirm-account-5525.xyz/secure/billing/confirm,1
https://salesforce.com/settings,0
https://reuters.com/products,0
http://service.paypal-secure.link/login/verify?cmd=account&update=1,1
https://m.reuters.com/pricing,0
http://chase-secure-billing-confirm-verify-5820.ml/account/suspended?redirect=http://evil.com,1
http://paypal-login-billing-4220.ml/download/install/setup.exe,1
https://github.com/pricing,0
https://m.linkedin.com/blog,0
https://www.wordpress.com/search?q=python,0
https://spotify.com/products,0
https://m.dropbox.com/services,0
https://m.amazon.com/products,0
https://m.medium.com/terms,0
http://paypal-secure-login.info/webscr?cmd=_login-submit,1
http://goo.gl/p7ko2lc,1
http://bank-update-confirm-update-7395.gq/update/account/billing,1
http://ow.ly/b5vngbl,1
http://helpdesk.netflix-secure.ml/webscr?cmd=_login-submit,1
http://etsy.com/support,0
https://nytimes.com/contact,0
http://login-ebay-secure.xyz/account/suspended?redirect=http://evil.com,1
https://wikipedia.org/user/profile,0
https://www.medium.com/settings,0
http://microsoft-helpdesk-support.ml/account/suspended?redirect=http://evil.com,1
http://amazon-account-verify.top/signin/password/reset,1
https://m.linkedin.com/contact,0
http://tinyurl.com/oyjsazi,1
https://m.paypal.com/user/profile,0
http://m.etsy.com/privacy,0
https://www.medium.com/user/profile,0
https://m.dropbox.com/,0
http://10.155.253.120/webscr?cmd=_login-submit,1
https://wordpress.com/help,0
https://bing.com/support,0
http://amazon-helpdesk-support.tk/signin/password/reset,1
http://dropbox.com@evil-phish.gq/signin/password/reset,1
http://www.github.com/settings,0
http://m.nytimes.com/terms,0
https://instagram.com/blog,0
https://bbc.com/user/profile,0
https://salesforce.com/,0
https://paypal.com/,0
https://m.apple.com/about,0
https://medium.com/products,0
https://m.linkedin.com/about,0
http://185.144.67.175/signin/password/reset,1
https://www.nytimes.com/help,0
http://nytimes.com/contact,0
http://bit.ly/h8xaz8j,1
https://bing.com/user/profile,0
http://paypal-billing-update.gq/signin/password/reset,1
http://goo.gl/onewrx4,1
https://dropbox.com/settings,0
https://github.com/dashboard,0
http://amazon-account-verify.gq/account/suspended?redirect=http://evil.com,1
https://reddit.com/help,0
http://185.102.133.167/signin/password/reset,1
https://wikipedia.org/contact,0
http://194.146.138.96/signin/password/reset,1
http://paypal-secure-login.click/download/install/setup.exe,1
http://goo.gl/7dob261,1
https://etsy.com/contact,0
https://www.google.com/contact,0
http://cnn.com@evil-phish.info/account/suspended?redirect=http://evil.com,1
http://www.cnn.com/blog,0
https://www.reuters.com/privacy,0
http://account.paypal-secure.tk/signin/password/reset,1
http://netflix-login-login-2706.cf/update/account/billing,1
https://spotify.com/,0
https://bing.com/,0
http://stackoverflow.com/settings,0
http://bit.ly/fttt1vd,1
http://194.59.251.221/confirm/identity/verify,1
http://192.168.24.178/login/verify?cmd=account&update=1,1
https://m.dropbox.com/contact,0
https://m.ebay.com/contact,0
https://www.facebook.com/pricing,0
https://bbc.com/terms,0
http://microsoft-verify-billing-account-8699.ga/secure/billing/confirm,1
http://45.93.111.50/account/suspended?redirect=http://evil.com,1
http://amazon.com@evil-phish.info/account/suspended?redirect=http://evil.com,1
https://www.microsoft.com/,0
http://amazon-account-verify.ga/login/verify?cmd=account&update=1,1
http://ebay-update-login-1514.info/webscr?cmd=_login-submit,1
https://amazon.com/user/profile,0
http://login-netflix-secure.cf/download/install/setup.exe,1
http://172.87.31.148/secure/billing/confirm,1
https://paypal.com/user/profile,0
https://www.paypal.com/contact,0
http://account-paypal-verify.cf/confirm/identity/verify,1
https://facebook.com/dashboard,0
http://tinyurl.com/l916yus,1
http://185.87.68.228/webscr?cmd=_login-submit,1
http://netflix-account-confirm-confirm-login-3668.xyz/login/verify?cmd=account&update=1,1
https://m.bing.com/news,0
http://paypal.com.cf/login/verify?cmd=account&update=1,1
http://amazon-account-verify.xyz/account/suspended?redirect=http://evil.com,1
http://tinyurl.com/633rgmu,1
https://stackoverflow.com/search?q=python,0
http://dropbox.com@evil-phish.cf/update/account/billing,1
https://wordpress.com/terms,0
http://bit.ly/yulss50,1
https://www.github.com/settings,0
http://shopify.com@evil-phish.info/secure/billing/confirm,1
https://m.nytimes.com/products,0
https://m.wikipedia.org/services,0
https://ebay.com/news,0
https://instagram.com/blog,0
http://is.gd/h2v9msk,1
https://bing.com/user/profile,0
https://youtube.com/search?q=python,0
https://salesforce.com/,0
https://m.adobe.com/services,0
http://etsy.com@evil-phish.top/update/account/billing,1
http://wordpress.com@evil-phish.top/confirm/identity/verify,1
https://reddit.com/news,0
http://account.chase-secure.gq/secure/billing/confirm,1
http://service.netflix-secure.gq/confirm/identity/verify,1
http://mail.apple-secure.ga/login/verify?cmd=account&update=1,1
https://salesforce.com/news,0
http://paypal-secure-login.click/signin/password/reset,1
http://bit.ly/2p014x5,1
http://bit.ly/w29asaj,1
http://secure-paypal-login.xyz/download/install/setup.exe,1
https://salesforce.com/contact,0
https://m.reddit.com/help,0
https://www.spotify.com/products,0
https://wikipedia.org/dashboard,0
http://45.2.221.28/confirm/identity/verify,1
https://amazon.com/about,0
http://secure-paypal-login.click/confirm/identity/verify,1
https://instagram.com/,0
https://paypal.com/services,0
http://microsoft.com@evil-phish.cf/update/account/billing,1
http://microsoft-secure-verify-update-account-3443.xyz/login/verify?cmd=account&update=1,1
http://salesforce.com/terms,0
https://amazon.com/news,0
https://nytimes.com/about,0
https://nytimes.com/support,0
https://m.reuters.com/pricing,0
http://apple-billing-update.ga/signin/password/reset,1
https://m.google.com/contact,0
http://45.53.118.95/download/install/setup.exe,1
https://m.shopify.com/pricing,0
https://m.reddit.com/settings,0
https://reddit.com/user/profile,0
http://validation.bank-secure.xyz/confirm/identity/verify,1
https://amazon.com/help,0
http://amazon.com@evil-phish.gq/signin/password/reset,1
http://chase-login-billing-confirm-5417.info/update/account/billing,1
http://helpdesk.bank-secure.ml/account/suspended?redirect=http://evil.com,1
http://is.gd/mg1k4o2,1
http://m.bing.com/contact,0
http://bit.ly/bai3al6,1
https://salesforce.com/privacy,0
http://ebay-confirm-account-login-7704.cf/download/install/setup.exe,1
http://paypal-secure-login.tk/login/verify?cmd=account&update=1,1
https://www.reddit.com/blog,0
https://m.amazon.com/privacy,0
https://spotify.com/help,0
https://www.linkedin.com/user/profile,0
http://login-microsoft-secure.info/account/suspended?redirect=http://evil.com,1
https://amazon.com/search?q=python,0
https://stackoverflow.com/,0
http://172.56.85.14/confirm/identity/verify,1
http://account.chase-secure.info/signin/password/reset,1
https://netflix.com/contact,0
http://tinyurl.com/91lerve,1
http://banking.apple-secure.ml/webscr?cmd=_login-submit,1
https://salesforce.com/,0
http://linkedin.com@evil-phish.link/webscr?cmd=_login-submit,1
http://secure-chase-login.click/account/suspended?redirect=http://evil.com,1
http://instagram.com/privacy,0
https://www.bbc.com/,0
https://m.salesforce.com/products,0
http://mail.apple-secure.link/webscr?cmd=_login-submit,1
https://m.apple.com/privacy,0
https://instagram.com/about,0
http://netflix.com@evil-phish.link/login/verify?cmd=account&update=1,1
https://www.adobe.com/blog,0
http://cnn.com@evil-phish.ml/account/suspended?redirect=http://evil.com,1
http://apple-helpdesk-support.gq/login/verify?cmd=account&update=1,1
http://10.247.32.213/signin/password/reset,1
http://microsoft.com@evil-phish.info/update/account/billing,1
http://confirm.paypal-secure.link/signin/password/reset,1
https://m.salesforce.com/pricing,0
http://apple-confirm-login-4910.gq/webscr?cmd=_login-submit,1
http://account-amazon-verify.click/secure/billing/confirm,1
https://m.youtube.com/services,0
http://apple-secure-login-login-update-7284.gq/login/verify?cmd=account&update=1,1
https://reuters.com/help,0
https://m.twitter.com/terms,0
http://bit.ly/g034l4k,1
http://www.wikipedia.org/dashboard,0
http://paypal-billing-update.cf/account/suspended?redirect=http://evil.com,1
http://netflix-account-update-login-9491.info/update/account/billing,1
http://microsoft-helpdesk-support.info/login/verify?cmd=account&update=1,1
http://chase-confirm-login-verify-7251.click/secure/billing/confirm,1
https://reddit.com/user/profile,0
http://185.151.34.57/download/install/setup.exe,1
http://amazon-account-verify.xyz/download/install/setup.exe,1
http://netflix-helpdesk-support.ml/update/account/billing,1
http://microsoft-secure-account-account-secure-4392.tk/account/suspended?redirect=http://evil.com,1
https://m.reuters.com/search?q=python,0
http://login-netflix-secure.cf/account/suspended?redirect=http://evil.com,1
http://chase-confirm-verify-5059.link/signin/password/reset,1
http://microsoft-update-billing-2616.cf/signin/password/reset,1
http://validation.apple-secure.info/download/install/setup.exe,1
https://m.facebook.com/services,0
http://update.bank-secure.ml/secure/billing/confirm,1
http://45.156.205.97/account/suspended?redirect=http://evil.com,1
https://amazon.com/pricing,0
https://www.medium.com/user/profile,0
https://www.netflix.com/pricing,0
http://45.248.1.116/login/verify?cmd=account&update=1,1
https://www.twitter.com/settings,0
https://github.com/user/profile,0
http://paypal-login-account-confirm-3445.top/update/account/billing,1
https://www.github.com/about,0
https://youtube.com/pricing,0
http://bit.ly/phnck5q,1
http://support.paypal-secure.link/signin/password/reset,1
http://cnn.com@evil-phish.cf/secure/billing/confirm,1
http://ow.ly/5g00r5y,1
http://is.gd/yco8rbt,1
http://spotify.com@evil-phish.xyz/secure/billing/confirm,1
http://bit.ly/xal6rhz,1
http://wikipedia.org/contact,0
http://bank-secure-confirm-verify-6072.top/account/suspended?redirect=http://evil.com,1
https://shopify.com/pricing,0
http://apple-login-login-7090.xyz/download/install/setup.exe,1
https://reddit.com/products,0
http://shopify.com@evil-phish.cf/account/suspended?redirect=http://evil.com,1
http://login.ebay-secure.top/download/install/setup.exe,1
http://amazon-account-verify.ml/webscr?cmd=_login-submit,1
http://paypal-confirm-login-account-secure-7724.cf/account/suspended?redirect=http://evil.com,1
http://yahoo.com@evil-phish.xyz/webscr?cmd=_login-submit,1
https://www.netflix.com/services,0
http://185.106.107.175/download/install/setup.exe,1
http://amazon-account-verify.info/confirm/identity/verify,1
https://www.adobe.com/support,0
http://update.chase-secure.tk/account/suspended?redirect=http://evil.com,1
http://10.151.87.202/download/install/setup.exe,1
http://chase-helpdesk-support.xyz/download/install/setup.exe,1
https://www.bing.com/dashboard,0
http://ebay-helpdesk-support.cf/account/suspended?redirect=http://evil.com,1
https://m.microsoft.com/help,0
https://ebay.com/privacy,0
https://facebook.com/privacy,0
http://youtube.com@evil-phish.link/signin/password/reset,1
https://twitter.com/products,0
https://www.etsy.com/blog,0
https://m.bing.com/contact,0
https://adobe.com/user/profile,0
https://m.etsy.com/services,0
http://salesforce.com@evil-phish.tk/secure/billing/confirm,1
https://www.cnn.com/products,0
https://nytimes.com/contact,0
https://m.github.com/,0
http://confirm.apple-secure.cf/download/install/setup.exe,1
http://microsoft-secure-account-7013.info/download/install/setup.exe,1
http://172.187.191.204/webscr?cmd=_login-submit,1
https://m.reddit.com/privacy,0
http://wordpress.com@evil-phish.ga/update/account/billing,1
http://192.168.163.17/webscr?cmd=_login-submit,1
http://apple-confirm-update-9254.ga/download/install/setup.exe,1
https://m.reuters.com/privacy,0
https://m.google.com/pricing,0
http://mail.ebay-secure.click/confirm/identity/verify,1
https://m.bbc.com/search?q=python,0
https://youtube.com/settings,0
https://m.ebay.com/news,0
http://185.197.254.156/download/install/setup.exe,1
http://account-chase-verify.ga/download/install/setup.exe,1
https://wordpress.com/support,0
https://www.shopify.com/support,0
https://www.linkedin.com/contact,0
http://amazon-secure-update-billing-2683.top/download/install/setup.exe,1
http://facebook.com/news,0
http://netflix.com@evil-phish.ml/signin/password/reset,1
https://m.wikipedia.org/,0
http://m.youtube.com/user/profile,0
http://dropbox.com@evil-phish.cf/download/install/setup.exe,1
